<profile>

<section name = "Vivado HLS Report for 'Matrix_Vector_Activa'" level="0">
<item name = "Date">Fri Jun 19 23:29:49 2020
</item>
<item name = "Version">2018.3 (Build 2405991 on Thu Dec 06 23:56:15 MST 2018)</item>
<item name = "Project">project_StreamingFCLayer_Batch_3</item>
<item name = "Solution">sol1</item>
<item name = "Product family">kintexu</item>
<item name = "Target device">xcku040-ffva1156-2-e</item>
</section>

<section name = "Performance Estimates" level="0">
<item name = "Timing (ns)">
<section name = "" level="1">
<item name = "Summary"><table name="" hasTotal="0">
<keys size="4">Clock, Target, Estimated, Uncertainty</keys>
<column name="ap_clk">5.00, 4.298, 0.62</column>
</table>
</item>
</section>
</item>
<item name = "Latency (clock cycles)">
<section name = "" level="1">
<item name = "Summary"><table name="" hasTotal="0">
<keys size="6">, min, max, min, max, Type</keys>
<column name="">6, 6, 6, 6, none</column>
</table>
</item>
<item name = "Detail">
<section name = "" level="1">
<item name = "Instance"><table name="" hasTotal="0">
<keys size="7">Instance, Module, min, max, min, max, Type</keys>
</table>
</item>
<item name = "Loop"><table name="" hasTotal="0">
<keys size="8">Loop Name, min, max, Latency, achieved, target, Count, Pipelined</keys>
<column name="- Loop 1">4, 4, 2, 1, 1, 4, yes</column>
</table>
</item>
</section>
</item>
</section>
</item>
</section>

<section name = "Utilization Estimates" level="0">
<item name = "Summary"><table name="" hasTotal="1">
<keys size="5">Name, BRAM_18K, DSP48E, FF, LUT</keys>
<column name="DSP">-, -, -, -</column>
<column name="Expression">-, -, 0, 4286</column>
<column name="FIFO">-, -, -, -</column>
<column name="Instance">-, -, 0, 187</column>
<column name="Memory">-, -, -, -</column>
<column name="Multiplexer">-, -, -, 111</column>
<column name="Register">-, -, 507, -</column>
<specialColumn name="Available">1200, 1920, 484800, 242400</specialColumn>
<specialColumn name="Utilization (%)">0, 0, ~0, 1</specialColumn>
</table>
</item>
<item name = "Detail">
<section name = "" level="1">
<item name = "Instance"><table name="" hasTotal="1">
<keys size="6">Instance, Module, BRAM_18K, DSP48E, FF, LUT</keys>
<column name="StreamingFCLayer_Batch_3_mux_42_16_1_1_U1">StreamingFCLayer_Batch_3_mux_42_16_1_1, 0, 0, 0, 17</column>
<column name="StreamingFCLayer_Batch_3_mux_42_16_1_1_U2">StreamingFCLayer_Batch_3_mux_42_16_1_1, 0, 0, 0, 17</column>
<column name="StreamingFCLayer_Batch_3_mux_42_16_1_1_U3">StreamingFCLayer_Batch_3_mux_42_16_1_1, 0, 0, 0, 17</column>
<column name="StreamingFCLayer_Batch_3_mux_42_16_1_1_U4">StreamingFCLayer_Batch_3_mux_42_16_1_1, 0, 0, 0, 17</column>
<column name="StreamingFCLayer_Batch_3_mux_42_16_1_1_U5">StreamingFCLayer_Batch_3_mux_42_16_1_1, 0, 0, 0, 17</column>
<column name="StreamingFCLayer_Batch_3_mux_42_16_1_1_U6">StreamingFCLayer_Batch_3_mux_42_16_1_1, 0, 0, 0, 17</column>
<column name="StreamingFCLayer_Batch_3_mux_42_16_1_1_U7">StreamingFCLayer_Batch_3_mux_42_16_1_1, 0, 0, 0, 17</column>
<column name="StreamingFCLayer_Batch_3_mux_42_16_1_1_U8">StreamingFCLayer_Batch_3_mux_42_16_1_1, 0, 0, 0, 17</column>
<column name="StreamingFCLayer_Batch_3_mux_42_16_1_1_U9">StreamingFCLayer_Batch_3_mux_42_16_1_1, 0, 0, 0, 17</column>
<column name="StreamingFCLayer_Batch_3_mux_42_16_1_1_U10">StreamingFCLayer_Batch_3_mux_42_16_1_1, 0, 0, 0, 17</column>
<column name="StreamingFCLayer_Batch_3_mux_42_16_1_1_U11">StreamingFCLayer_Batch_3_mux_42_16_1_1, 0, 0, 0, 17</column>
</table>
</item>
<item name = "DSP48"><table name="" hasTotal="0">
<keys size="3">Instance, Module, Expression</keys>
</table>
</item>
<item name = "Memory"><table name="" hasTotal="1">
<keys size="9">Memory, Module, BRAM_18K, FF, LUT, Words, Bits, Banks, W*Bits*Banks</keys>
</table>
</item>
<item name = "FIFO"><table name="" hasTotal="1">
<keys size="7">Name, BRAM_18K, FF, LUT, Depth, Bits, Size:D*B</keys>
</table>
</item>
<item name = "Expression"><table name="" hasTotal="1">
<keys size="7">Variable Name, Operation, DSP48E, FF, LUT, Bitwidth P0, Bitwidth P1</keys>
<column name="accu_0_V_fu_1263_p2">+, 0, 0, 32, 32, 32</column>
<column name="accu_1_V_fu_1801_p2">+, 0, 0, 32, 32, 32</column>
<column name="accu_2_V_fu_2339_p2">+, 0, 0, 32, 32, 32</column>
<column name="accu_3_V_fu_2877_p2">+, 0, 0, 32, 32, 32</column>
<column name="accu_4_V_fu_3415_p2">+, 0, 0, 32, 32, 32</column>
<column name="accu_5_V_fu_3953_p2">+, 0, 0, 32, 32, 32</column>
<column name="accu_6_V_fu_4491_p2">+, 0, 0, 32, 32, 32</column>
<column name="accu_7_V_fu_5029_p2">+, 0, 0, 32, 32, 32</column>
<column name="accu_8_V_fu_5567_p2">+, 0, 0, 32, 32, 32</column>
<column name="accu_9_V_fu_6105_p2">+, 0, 0, 32, 32, 32</column>
<column name="i_1_fu_296_p2">+, 0, 0, 11, 3, 1</column>
<column name="nf_1_fu_477_p2">+, 0, 0, 39, 32, 1</column>
<column name="sf_1_fu_457_p2">+, 0, 0, 39, 1, 32</column>
<column name="tile_fu_6111_p2">+, 0, 0, 39, 1, 32</column>
<column name="tmp110_fu_2743_p2">+, 0, 0, 32, 32, 32</column>
<column name="tmp111_fu_2749_p2">+, 0, 0, 9, 2, 2</column>
<column name="tmp112_fu_2759_p2">+, 0, 0, 32, 32, 32</column>
<column name="tmp113_fu_2765_p2">+, 0, 0, 9, 2, 2</column>
<column name="tmp114_fu_2775_p2">+, 0, 0, 9, 2, 2</column>
<column name="tmp115_fu_2785_p2">+, 0, 0, 11, 3, 3</column>
<column name="tmp116_fu_2795_p2">+, 0, 0, 32, 32, 32</column>
<column name="tmp117_fu_2801_p2">+, 0, 0, 9, 2, 2</column>
<column name="tmp118_fu_2811_p2">+, 0, 0, 9, 2, 2</column>
<column name="tmp119_fu_2821_p2">+, 0, 0, 11, 3, 3</column>
<column name="tmp120_fu_2831_p2">+, 0, 0, 9, 2, 2</column>
<column name="tmp121_fu_2841_p2">+, 0, 0, 32, 2, 2</column>
<column name="tmp122_fu_2847_p2">+, 0, 0, 32, 2, 2</column>
<column name="tmp123_fu_2857_p2">+, 0, 0, 11, 3, 3</column>
<column name="tmp124_fu_2867_p2">+, 0, 0, 12, 4, 4</column>
<column name="tmp141_fu_3281_p2">+, 0, 0, 32, 32, 32</column>
<column name="tmp142_fu_3287_p2">+, 0, 0, 9, 2, 2</column>
<column name="tmp143_fu_3297_p2">+, 0, 0, 32, 32, 32</column>
<column name="tmp144_fu_3303_p2">+, 0, 0, 9, 2, 2</column>
<column name="tmp145_fu_3313_p2">+, 0, 0, 9, 2, 2</column>
<column name="tmp146_fu_3323_p2">+, 0, 0, 11, 3, 3</column>
<column name="tmp147_fu_3333_p2">+, 0, 0, 32, 32, 32</column>
<column name="tmp148_fu_3339_p2">+, 0, 0, 9, 2, 2</column>
<column name="tmp149_fu_3349_p2">+, 0, 0, 9, 2, 2</column>
<column name="tmp150_fu_3359_p2">+, 0, 0, 11, 3, 3</column>
<column name="tmp151_fu_3369_p2">+, 0, 0, 9, 2, 2</column>
<column name="tmp152_fu_3379_p2">+, 0, 0, 32, 2, 2</column>
<column name="tmp153_fu_3385_p2">+, 0, 0, 32, 2, 2</column>
<column name="tmp154_fu_3395_p2">+, 0, 0, 11, 3, 3</column>
<column name="tmp155_fu_3405_p2">+, 0, 0, 12, 4, 4</column>
<column name="tmp172_fu_3819_p2">+, 0, 0, 32, 32, 32</column>
<column name="tmp173_fu_3825_p2">+, 0, 0, 9, 2, 2</column>
<column name="tmp174_fu_3835_p2">+, 0, 0, 32, 32, 32</column>
<column name="tmp175_fu_3841_p2">+, 0, 0, 9, 2, 2</column>
<column name="tmp176_fu_3851_p2">+, 0, 0, 9, 2, 2</column>
<column name="tmp177_fu_3861_p2">+, 0, 0, 11, 3, 3</column>
<column name="tmp178_fu_3871_p2">+, 0, 0, 32, 32, 32</column>
<column name="tmp179_fu_3877_p2">+, 0, 0, 9, 2, 2</column>
<column name="tmp17_fu_1129_p2">+, 0, 0, 32, 32, 32</column>
<column name="tmp180_fu_3887_p2">+, 0, 0, 9, 2, 2</column>
<column name="tmp181_fu_3897_p2">+, 0, 0, 11, 3, 3</column>
<column name="tmp182_fu_3907_p2">+, 0, 0, 9, 2, 2</column>
<column name="tmp183_fu_3917_p2">+, 0, 0, 32, 2, 2</column>
<column name="tmp184_fu_3923_p2">+, 0, 0, 32, 2, 2</column>
<column name="tmp185_fu_3933_p2">+, 0, 0, 11, 3, 3</column>
<column name="tmp186_fu_3943_p2">+, 0, 0, 12, 4, 4</column>
<column name="tmp18_fu_1135_p2">+, 0, 0, 9, 2, 2</column>
<column name="tmp19_fu_1145_p2">+, 0, 0, 32, 32, 32</column>
<column name="tmp203_fu_4357_p2">+, 0, 0, 32, 32, 32</column>
<column name="tmp204_fu_4363_p2">+, 0, 0, 9, 2, 2</column>
<column name="tmp205_fu_4373_p2">+, 0, 0, 32, 32, 32</column>
<column name="tmp206_fu_4379_p2">+, 0, 0, 9, 2, 2</column>
<column name="tmp207_fu_4389_p2">+, 0, 0, 9, 2, 2</column>
<column name="tmp208_fu_4399_p2">+, 0, 0, 11, 3, 3</column>
<column name="tmp209_fu_4409_p2">+, 0, 0, 32, 32, 32</column>
<column name="tmp20_fu_1151_p2">+, 0, 0, 9, 2, 2</column>
<column name="tmp210_fu_4415_p2">+, 0, 0, 9, 2, 2</column>
<column name="tmp211_fu_4425_p2">+, 0, 0, 9, 2, 2</column>
<column name="tmp212_fu_4435_p2">+, 0, 0, 11, 3, 3</column>
<column name="tmp213_fu_4445_p2">+, 0, 0, 9, 2, 2</column>
<column name="tmp214_fu_4455_p2">+, 0, 0, 32, 2, 2</column>
<column name="tmp215_fu_4461_p2">+, 0, 0, 32, 2, 2</column>
<column name="tmp216_fu_4471_p2">+, 0, 0, 11, 3, 3</column>
<column name="tmp217_fu_4481_p2">+, 0, 0, 12, 4, 4</column>
<column name="tmp21_fu_1161_p2">+, 0, 0, 9, 2, 2</column>
<column name="tmp22_fu_1171_p2">+, 0, 0, 11, 3, 3</column>
<column name="tmp234_fu_4895_p2">+, 0, 0, 32, 32, 32</column>
<column name="tmp235_fu_4901_p2">+, 0, 0, 9, 2, 2</column>
<column name="tmp236_fu_4911_p2">+, 0, 0, 32, 32, 32</column>
<column name="tmp237_fu_4917_p2">+, 0, 0, 9, 2, 2</column>
<column name="tmp238_fu_4927_p2">+, 0, 0, 9, 2, 2</column>
<column name="tmp239_fu_4937_p2">+, 0, 0, 11, 3, 3</column>
<column name="tmp23_fu_1181_p2">+, 0, 0, 32, 32, 32</column>
<column name="tmp240_fu_4947_p2">+, 0, 0, 32, 32, 32</column>
<column name="tmp241_fu_4953_p2">+, 0, 0, 9, 2, 2</column>
<column name="tmp242_fu_4963_p2">+, 0, 0, 9, 2, 2</column>
<column name="tmp243_fu_4973_p2">+, 0, 0, 11, 3, 3</column>
<column name="tmp244_fu_4983_p2">+, 0, 0, 9, 2, 2</column>
<column name="tmp245_fu_4993_p2">+, 0, 0, 32, 2, 2</column>
<column name="tmp246_fu_4999_p2">+, 0, 0, 32, 2, 2</column>
<column name="tmp247_fu_5009_p2">+, 0, 0, 11, 3, 3</column>
<column name="tmp248_fu_5019_p2">+, 0, 0, 12, 4, 4</column>
<column name="tmp24_fu_1187_p2">+, 0, 0, 9, 2, 2</column>
<column name="tmp25_fu_1197_p2">+, 0, 0, 9, 2, 2</column>
<column name="tmp265_fu_5433_p2">+, 0, 0, 32, 32, 32</column>
<column name="tmp266_fu_5439_p2">+, 0, 0, 9, 2, 2</column>
<column name="tmp267_fu_5449_p2">+, 0, 0, 32, 32, 32</column>
<column name="tmp268_fu_5455_p2">+, 0, 0, 9, 2, 2</column>
<column name="tmp269_fu_5465_p2">+, 0, 0, 9, 2, 2</column>
<column name="tmp26_fu_1207_p2">+, 0, 0, 11, 3, 3</column>
<column name="tmp270_fu_5475_p2">+, 0, 0, 11, 3, 3</column>
<column name="tmp271_fu_5485_p2">+, 0, 0, 32, 32, 32</column>
<column name="tmp272_fu_5491_p2">+, 0, 0, 9, 2, 2</column>
<column name="tmp273_fu_5501_p2">+, 0, 0, 9, 2, 2</column>
<column name="tmp274_fu_5511_p2">+, 0, 0, 11, 3, 3</column>
<column name="tmp275_fu_5521_p2">+, 0, 0, 9, 2, 2</column>
<column name="tmp276_fu_5531_p2">+, 0, 0, 32, 2, 2</column>
<column name="tmp277_fu_5537_p2">+, 0, 0, 32, 2, 2</column>
<column name="tmp278_fu_5547_p2">+, 0, 0, 11, 3, 3</column>
<column name="tmp279_fu_5557_p2">+, 0, 0, 12, 4, 4</column>
<column name="tmp27_fu_1217_p2">+, 0, 0, 9, 2, 2</column>
<column name="tmp28_fu_1227_p2">+, 0, 0, 32, 2, 2</column>
<column name="tmp296_fu_5971_p2">+, 0, 0, 32, 32, 32</column>
<column name="tmp297_fu_5977_p2">+, 0, 0, 9, 2, 2</column>
<column name="tmp298_fu_5987_p2">+, 0, 0, 32, 32, 32</column>
<column name="tmp299_fu_5993_p2">+, 0, 0, 9, 2, 2</column>
<column name="tmp29_fu_1233_p2">+, 0, 0, 32, 2, 2</column>
<column name="tmp300_fu_6003_p2">+, 0, 0, 9, 2, 2</column>
<column name="tmp301_fu_6013_p2">+, 0, 0, 11, 3, 3</column>
<column name="tmp302_fu_6023_p2">+, 0, 0, 32, 32, 32</column>
<column name="tmp303_fu_6029_p2">+, 0, 0, 9, 2, 2</column>
<column name="tmp304_fu_6039_p2">+, 0, 0, 9, 2, 2</column>
<column name="tmp305_fu_6049_p2">+, 0, 0, 11, 3, 3</column>
<column name="tmp306_fu_6059_p2">+, 0, 0, 9, 2, 2</column>
<column name="tmp307_fu_6069_p2">+, 0, 0, 32, 2, 2</column>
<column name="tmp308_fu_6075_p2">+, 0, 0, 32, 2, 2</column>
<column name="tmp309_fu_6085_p2">+, 0, 0, 11, 3, 3</column>
<column name="tmp30_fu_1243_p2">+, 0, 0, 11, 3, 3</column>
<column name="tmp310_fu_6095_p2">+, 0, 0, 12, 4, 4</column>
<column name="tmp31_fu_1253_p2">+, 0, 0, 12, 4, 4</column>
<column name="tmp48_fu_1667_p2">+, 0, 0, 32, 32, 32</column>
<column name="tmp49_fu_1673_p2">+, 0, 0, 9, 2, 2</column>
<column name="tmp50_fu_1683_p2">+, 0, 0, 32, 32, 32</column>
<column name="tmp51_fu_1689_p2">+, 0, 0, 9, 2, 2</column>
<column name="tmp52_fu_1699_p2">+, 0, 0, 9, 2, 2</column>
<column name="tmp53_fu_1709_p2">+, 0, 0, 11, 3, 3</column>
<column name="tmp54_fu_1719_p2">+, 0, 0, 32, 32, 32</column>
<column name="tmp55_fu_1725_p2">+, 0, 0, 9, 2, 2</column>
<column name="tmp56_fu_1735_p2">+, 0, 0, 9, 2, 2</column>
<column name="tmp57_fu_1745_p2">+, 0, 0, 11, 3, 3</column>
<column name="tmp58_fu_1755_p2">+, 0, 0, 9, 2, 2</column>
<column name="tmp59_fu_1765_p2">+, 0, 0, 32, 2, 2</column>
<column name="tmp60_fu_1771_p2">+, 0, 0, 32, 2, 2</column>
<column name="tmp61_fu_1781_p2">+, 0, 0, 11, 3, 3</column>
<column name="tmp62_fu_1791_p2">+, 0, 0, 12, 4, 4</column>
<column name="tmp79_fu_2205_p2">+, 0, 0, 32, 32, 32</column>
<column name="tmp80_fu_2211_p2">+, 0, 0, 9, 2, 2</column>
<column name="tmp81_fu_2221_p2">+, 0, 0, 32, 32, 32</column>
<column name="tmp82_fu_2227_p2">+, 0, 0, 9, 2, 2</column>
<column name="tmp83_fu_2237_p2">+, 0, 0, 9, 2, 2</column>
<column name="tmp84_fu_2247_p2">+, 0, 0, 11, 3, 3</column>
<column name="tmp85_fu_2257_p2">+, 0, 0, 32, 32, 32</column>
<column name="tmp86_fu_2263_p2">+, 0, 0, 9, 2, 2</column>
<column name="tmp87_fu_2273_p2">+, 0, 0, 9, 2, 2</column>
<column name="tmp88_fu_2283_p2">+, 0, 0, 11, 3, 3</column>
<column name="tmp89_fu_2293_p2">+, 0, 0, 9, 2, 2</column>
<column name="tmp90_fu_2303_p2">+, 0, 0, 32, 2, 2</column>
<column name="tmp91_fu_2309_p2">+, 0, 0, 32, 2, 2</column>
<column name="tmp92_fu_2319_p2">+, 0, 0, 11, 3, 3</column>
<column name="tmp93_fu_2329_p2">+, 0, 0, 12, 4, 4</column>
<column name="ap_block_pp0_stage0_01001">and, 0, 0, 2, 1, 1</column>
<column name="ap_block_state2_pp0_stage0_iter0">and, 0, 0, 2, 1, 1</column>
<column name="ap_block_state3_io">and, 0, 0, 2, 1, 1</column>
<column name="ap_condition_83">and, 0, 0, 2, 1, 1</column>
<column name="ap_predicate_op46_read_state2">and, 0, 0, 2, 1, 1</column>
<column name="exitcond_fu_290_p2">icmp, 0, 0, 9, 3, 4</column>
<column name="sel_tmp6_fu_354_p2">icmp, 0, 0, 8, 2, 1</column>
<column name="sel_tmp8_fu_360_p2">icmp, 0, 0, 8, 2, 1</column>
<column name="sel_tmp_fu_348_p2">icmp, 0, 0, 9, 2, 3</column>
<column name="tmp_4_fu_451_p2">icmp, 0, 0, 20, 32, 1</column>
<column name="tmp_fu_305_p2">icmp, 0, 0, 20, 32, 1</column>
<column name="tmp_s_fu_463_p2">icmp, 0, 0, 20, 32, 3</column>
<column name="ap_block_pp0_stage0_11001">or, 0, 0, 2, 1, 1</column>
<column name="or_cond_fu_366_p2">or, 0, 0, 2, 1, 1</column>
<column name="inputBuf_3_V_1_fu_396_p3">select, 0, 0, 16, 1, 16</column>
<column name="inputBuf_3_V_4_fu_404_p3">select, 0, 0, 16, 1, 16</column>
<column name="inputBuf_3_V_5_fu_412_p3">select, 0, 0, 16, 1, 16</column>
<column name="inputBuf_3_V_7_fu_420_p3">select, 0, 0, 16, 1, 16</column>
<column name="inputBuf_3_V_fu_380_p3">select, 0, 0, 16, 1, 16</column>
<column name="newSel2_fu_388_p3">select, 0, 0, 16, 1, 16</column>
<column name="newSel_fu_372_p3">select, 0, 0, 16, 1, 16</column>
<column name="p_1_fu_6197_p3">select, 0, 0, 32, 1, 1</column>
<column name="p_accu_V_1_fu_585_p3">select, 0, 0, 32, 1, 1</column>
<column name="p_accu_V_2_fu_578_p3">select, 0, 0, 32, 1, 1</column>
<column name="p_accu_V_3_fu_571_p3">select, 0, 0, 32, 1, 1</column>
<column name="p_accu_V_4_fu_564_p3">select, 0, 0, 32, 1, 1</column>
<column name="p_accu_V_5_fu_557_p3">select, 0, 0, 32, 1, 1</column>
<column name="p_accu_V_6_fu_550_p3">select, 0, 0, 32, 1, 1</column>
<column name="p_accu_V_7_fu_543_p3">select, 0, 0, 32, 1, 1</column>
<column name="p_accu_V_8_fu_536_p3">select, 0, 0, 32, 1, 1</column>
<column name="p_accu_V_9_fu_529_p3">select, 0, 0, 32, 1, 1</column>
<column name="p_accu_V_fu_592_p3">select, 0, 0, 32, 1, 1</column>
<column name="p_s_fu_483_p3">select, 0, 0, 32, 1, 1</column>
<column name="ap_enable_pp0">xor, 0, 0, 2, 1, 2</column>
<column name="ap_enable_reg_pp0_iter1">xor, 0, 0, 2, 2, 1</column>
<column name="tmp100_fu_2511_p2">xor, 0, 0, 2, 1, 1</column>
<column name="tmp101_fu_2535_p2">xor, 0, 0, 2, 1, 1</column>
<column name="tmp102_fu_2559_p2">xor, 0, 0, 2, 1, 1</column>
<column name="tmp103_fu_2583_p2">xor, 0, 0, 2, 1, 1</column>
<column name="tmp104_fu_2607_p2">xor, 0, 0, 2, 1, 1</column>
<column name="tmp105_fu_2631_p2">xor, 0, 0, 2, 1, 1</column>
<column name="tmp106_fu_2655_p2">xor, 0, 0, 2, 1, 1</column>
<column name="tmp107_fu_2679_p2">xor, 0, 0, 2, 1, 1</column>
<column name="tmp108_fu_2703_p2">xor, 0, 0, 2, 1, 1</column>
<column name="tmp109_fu_2727_p2">xor, 0, 0, 2, 1, 1</column>
<column name="tmp10_fu_921_p2">xor, 0, 0, 2, 1, 1</column>
<column name="tmp11_fu_953_p2">xor, 0, 0, 2, 1, 1</column>
<column name="tmp125_fu_2905_p2">xor, 0, 0, 2, 1, 1</column>
<column name="tmp126_fu_2929_p2">xor, 0, 0, 2, 1, 1</column>
<column name="tmp127_fu_2953_p2">xor, 0, 0, 2, 1, 1</column>
<column name="tmp128_fu_2977_p2">xor, 0, 0, 2, 1, 1</column>
<column name="tmp129_fu_3001_p2">xor, 0, 0, 2, 1, 1</column>
<column name="tmp12_fu_985_p2">xor, 0, 0, 2, 1, 1</column>
<column name="tmp130_fu_3025_p2">xor, 0, 0, 2, 1, 1</column>
<column name="tmp131_fu_3049_p2">xor, 0, 0, 2, 1, 1</column>
<column name="tmp132_fu_3073_p2">xor, 0, 0, 2, 1, 1</column>
<column name="tmp133_fu_3097_p2">xor, 0, 0, 2, 1, 1</column>
<column name="tmp134_fu_3121_p2">xor, 0, 0, 2, 1, 1</column>
<column name="tmp135_fu_3145_p2">xor, 0, 0, 2, 1, 1</column>
<column name="tmp136_fu_3169_p2">xor, 0, 0, 2, 1, 1</column>
<column name="tmp137_fu_3193_p2">xor, 0, 0, 2, 1, 1</column>
<column name="tmp138_fu_3217_p2">xor, 0, 0, 2, 1, 1</column>
<column name="tmp139_fu_3241_p2">xor, 0, 0, 2, 1, 1</column>
<column name="tmp13_fu_1017_p2">xor, 0, 0, 2, 1, 1</column>
<column name="tmp140_fu_3265_p2">xor, 0, 0, 2, 1, 1</column>
<column name="tmp14_fu_1049_p2">xor, 0, 0, 2, 1, 1</column>
<column name="tmp156_fu_3443_p2">xor, 0, 0, 2, 1, 1</column>
<column name="tmp157_fu_3467_p2">xor, 0, 0, 2, 1, 1</column>
<column name="tmp158_fu_3491_p2">xor, 0, 0, 2, 1, 1</column>
<column name="tmp159_fu_3515_p2">xor, 0, 0, 2, 1, 1</column>
<column name="tmp15_fu_1081_p2">xor, 0, 0, 2, 1, 1</column>
<column name="tmp160_fu_3539_p2">xor, 0, 0, 2, 1, 1</column>
<column name="tmp161_fu_3563_p2">xor, 0, 0, 2, 1, 1</column>
<column name="tmp162_fu_3587_p2">xor, 0, 0, 2, 1, 1</column>
<column name="tmp163_fu_3611_p2">xor, 0, 0, 2, 1, 1</column>
<column name="tmp164_fu_3635_p2">xor, 0, 0, 2, 1, 1</column>
<column name="tmp165_fu_3659_p2">xor, 0, 0, 2, 1, 1</column>
<column name="tmp166_fu_3683_p2">xor, 0, 0, 2, 1, 1</column>
<column name="tmp167_fu_3707_p2">xor, 0, 0, 2, 1, 1</column>
<column name="tmp168_fu_3731_p2">xor, 0, 0, 2, 1, 1</column>
<column name="tmp169_fu_3755_p2">xor, 0, 0, 2, 1, 1</column>
<column name="tmp16_fu_1113_p2">xor, 0, 0, 2, 1, 1</column>
<column name="tmp170_fu_3779_p2">xor, 0, 0, 2, 1, 1</column>
<column name="tmp171_fu_3803_p2">xor, 0, 0, 2, 1, 1</column>
<column name="tmp187_fu_3981_p2">xor, 0, 0, 2, 1, 1</column>
<column name="tmp188_fu_4005_p2">xor, 0, 0, 2, 1, 1</column>
<column name="tmp189_fu_4029_p2">xor, 0, 0, 2, 1, 1</column>
<column name="tmp190_fu_4053_p2">xor, 0, 0, 2, 1, 1</column>
<column name="tmp191_fu_4077_p2">xor, 0, 0, 2, 1, 1</column>
<column name="tmp192_fu_4101_p2">xor, 0, 0, 2, 1, 1</column>
<column name="tmp193_fu_4125_p2">xor, 0, 0, 2, 1, 1</column>
<column name="tmp194_fu_4149_p2">xor, 0, 0, 2, 1, 1</column>
<column name="tmp195_fu_4173_p2">xor, 0, 0, 2, 1, 1</column>
<column name="tmp196_fu_4197_p2">xor, 0, 0, 2, 1, 1</column>
<column name="tmp197_fu_4221_p2">xor, 0, 0, 2, 1, 1</column>
<column name="tmp198_fu_4245_p2">xor, 0, 0, 2, 1, 1</column>
<column name="tmp199_fu_4269_p2">xor, 0, 0, 2, 1, 1</column>
<column name="tmp1_fu_633_p2">xor, 0, 0, 2, 1, 1</column>
<column name="tmp200_fu_4293_p2">xor, 0, 0, 2, 1, 1</column>
<column name="tmp201_fu_4317_p2">xor, 0, 0, 2, 1, 1</column>
<column name="tmp202_fu_4341_p2">xor, 0, 0, 2, 1, 1</column>
<column name="tmp218_fu_4519_p2">xor, 0, 0, 2, 1, 1</column>
<column name="tmp219_fu_4543_p2">xor, 0, 0, 2, 1, 1</column>
<column name="tmp220_fu_4567_p2">xor, 0, 0, 2, 1, 1</column>
<column name="tmp221_fu_4591_p2">xor, 0, 0, 2, 1, 1</column>
<column name="tmp222_fu_4615_p2">xor, 0, 0, 2, 1, 1</column>
<column name="tmp223_fu_4639_p2">xor, 0, 0, 2, 1, 1</column>
<column name="tmp224_fu_4663_p2">xor, 0, 0, 2, 1, 1</column>
<column name="tmp225_fu_4687_p2">xor, 0, 0, 2, 1, 1</column>
<column name="tmp226_fu_4711_p2">xor, 0, 0, 2, 1, 1</column>
<column name="tmp227_fu_4735_p2">xor, 0, 0, 2, 1, 1</column>
<column name="tmp228_fu_4759_p2">xor, 0, 0, 2, 1, 1</column>
<column name="tmp229_fu_4783_p2">xor, 0, 0, 2, 1, 1</column>
<column name="tmp230_fu_4807_p2">xor, 0, 0, 2, 1, 1</column>
<column name="tmp231_fu_4831_p2">xor, 0, 0, 2, 1, 1</column>
<column name="tmp232_fu_4855_p2">xor, 0, 0, 2, 1, 1</column>
<column name="tmp233_fu_4879_p2">xor, 0, 0, 2, 1, 1</column>
<column name="tmp249_fu_5057_p2">xor, 0, 0, 2, 1, 1</column>
<column name="tmp250_fu_5081_p2">xor, 0, 0, 2, 1, 1</column>
<column name="tmp251_fu_5105_p2">xor, 0, 0, 2, 1, 1</column>
<column name="tmp252_fu_5129_p2">xor, 0, 0, 2, 1, 1</column>
<column name="tmp253_fu_5153_p2">xor, 0, 0, 2, 1, 1</column>
<column name="tmp254_fu_5177_p2">xor, 0, 0, 2, 1, 1</column>
<column name="tmp255_fu_5201_p2">xor, 0, 0, 2, 1, 1</column>
<column name="tmp256_fu_5225_p2">xor, 0, 0, 2, 1, 1</column>
<column name="tmp257_fu_5249_p2">xor, 0, 0, 2, 1, 1</column>
<column name="tmp258_fu_5273_p2">xor, 0, 0, 2, 1, 1</column>
<column name="tmp259_fu_5297_p2">xor, 0, 0, 2, 1, 1</column>
<column name="tmp260_fu_5321_p2">xor, 0, 0, 2, 1, 1</column>
<column name="tmp261_fu_5345_p2">xor, 0, 0, 2, 1, 1</column>
<column name="tmp262_fu_5369_p2">xor, 0, 0, 2, 1, 1</column>
<column name="tmp263_fu_5393_p2">xor, 0, 0, 2, 1, 1</column>
<column name="tmp264_fu_5417_p2">xor, 0, 0, 2, 1, 1</column>
<column name="tmp280_fu_5595_p2">xor, 0, 0, 2, 1, 1</column>
<column name="tmp281_fu_5619_p2">xor, 0, 0, 2, 1, 1</column>
<column name="tmp282_fu_5643_p2">xor, 0, 0, 2, 1, 1</column>
<column name="tmp283_fu_5667_p2">xor, 0, 0, 2, 1, 1</column>
<column name="tmp284_fu_5691_p2">xor, 0, 0, 2, 1, 1</column>
<column name="tmp285_fu_5715_p2">xor, 0, 0, 2, 1, 1</column>
<column name="tmp286_fu_5739_p2">xor, 0, 0, 2, 1, 1</column>
<column name="tmp287_fu_5763_p2">xor, 0, 0, 2, 1, 1</column>
<column name="tmp288_fu_5787_p2">xor, 0, 0, 2, 1, 1</column>
<column name="tmp289_fu_5811_p2">xor, 0, 0, 2, 1, 1</column>
<column name="tmp290_fu_5835_p2">xor, 0, 0, 2, 1, 1</column>
<column name="tmp291_fu_5859_p2">xor, 0, 0, 2, 1, 1</column>
<column name="tmp292_fu_5883_p2">xor, 0, 0, 2, 1, 1</column>
<column name="tmp293_fu_5907_p2">xor, 0, 0, 2, 1, 1</column>
<column name="tmp294_fu_5931_p2">xor, 0, 0, 2, 1, 1</column>
<column name="tmp295_fu_5955_p2">xor, 0, 0, 2, 1, 1</column>
<column name="tmp2_fu_665_p2">xor, 0, 0, 2, 1, 1</column>
<column name="tmp32_fu_1291_p2">xor, 0, 0, 2, 1, 1</column>
<column name="tmp33_fu_1315_p2">xor, 0, 0, 2, 1, 1</column>
<column name="tmp34_fu_1339_p2">xor, 0, 0, 2, 1, 1</column>
<column name="tmp35_fu_1363_p2">xor, 0, 0, 2, 1, 1</column>
<column name="tmp36_fu_1387_p2">xor, 0, 0, 2, 1, 1</column>
<column name="tmp37_fu_1411_p2">xor, 0, 0, 2, 1, 1</column>
<column name="tmp38_fu_1435_p2">xor, 0, 0, 2, 1, 1</column>
<column name="tmp39_fu_1459_p2">xor, 0, 0, 2, 1, 1</column>
<column name="tmp3_fu_697_p2">xor, 0, 0, 2, 1, 1</column>
<column name="tmp40_fu_1483_p2">xor, 0, 0, 2, 1, 1</column>
<column name="tmp41_fu_1507_p2">xor, 0, 0, 2, 1, 1</column>
<column name="tmp42_fu_1531_p2">xor, 0, 0, 2, 1, 1</column>
<column name="tmp43_fu_1555_p2">xor, 0, 0, 2, 1, 1</column>
<column name="tmp44_fu_1579_p2">xor, 0, 0, 2, 1, 1</column>
<column name="tmp45_fu_1603_p2">xor, 0, 0, 2, 1, 1</column>
<column name="tmp46_fu_1627_p2">xor, 0, 0, 2, 1, 1</column>
<column name="tmp47_fu_1651_p2">xor, 0, 0, 2, 1, 1</column>
<column name="tmp4_fu_729_p2">xor, 0, 0, 2, 1, 1</column>
<column name="tmp5_fu_761_p2">xor, 0, 0, 2, 1, 1</column>
<column name="tmp63_fu_1829_p2">xor, 0, 0, 2, 1, 1</column>
<column name="tmp64_fu_1853_p2">xor, 0, 0, 2, 1, 1</column>
<column name="tmp65_fu_1877_p2">xor, 0, 0, 2, 1, 1</column>
<column name="tmp66_fu_1901_p2">xor, 0, 0, 2, 1, 1</column>
<column name="tmp67_fu_1925_p2">xor, 0, 0, 2, 1, 1</column>
<column name="tmp68_fu_1949_p2">xor, 0, 0, 2, 1, 1</column>
<column name="tmp69_fu_1973_p2">xor, 0, 0, 2, 1, 1</column>
<column name="tmp6_fu_793_p2">xor, 0, 0, 2, 1, 1</column>
<column name="tmp70_fu_1997_p2">xor, 0, 0, 2, 1, 1</column>
<column name="tmp71_fu_2021_p2">xor, 0, 0, 2, 1, 1</column>
<column name="tmp72_fu_2045_p2">xor, 0, 0, 2, 1, 1</column>
<column name="tmp73_fu_2069_p2">xor, 0, 0, 2, 1, 1</column>
<column name="tmp74_fu_2093_p2">xor, 0, 0, 2, 1, 1</column>
<column name="tmp75_fu_2117_p2">xor, 0, 0, 2, 1, 1</column>
<column name="tmp76_fu_2141_p2">xor, 0, 0, 2, 1, 1</column>
<column name="tmp77_fu_2165_p2">xor, 0, 0, 2, 1, 1</column>
<column name="tmp78_fu_2189_p2">xor, 0, 0, 2, 1, 1</column>
<column name="tmp7_fu_825_p2">xor, 0, 0, 2, 1, 1</column>
<column name="tmp8_fu_857_p2">xor, 0, 0, 2, 1, 1</column>
<column name="tmp94_fu_2367_p2">xor, 0, 0, 2, 1, 1</column>
<column name="tmp95_fu_2391_p2">xor, 0, 0, 2, 1, 1</column>
<column name="tmp96_fu_2415_p2">xor, 0, 0, 2, 1, 1</column>
<column name="tmp97_fu_2439_p2">xor, 0, 0, 2, 1, 1</column>
<column name="tmp98_fu_2463_p2">xor, 0, 0, 2, 1, 1</column>
<column name="tmp99_fu_2487_p2">xor, 0, 0, 2, 1, 1</column>
<column name="tmp9_fu_889_p2">xor, 0, 0, 2, 1, 1</column>
<column name="tmp_12_0_10_fu_991_p2">xor, 0, 0, 2, 1, 2</column>
<column name="tmp_12_0_11_fu_1023_p2">xor, 0, 0, 2, 1, 2</column>
<column name="tmp_12_0_12_fu_1055_p2">xor, 0, 0, 2, 1, 2</column>
<column name="tmp_12_0_13_fu_1087_p2">xor, 0, 0, 2, 1, 2</column>
<column name="tmp_12_0_14_fu_1119_p2">xor, 0, 0, 2, 1, 2</column>
<column name="tmp_12_0_1_fu_671_p2">xor, 0, 0, 2, 1, 2</column>
<column name="tmp_12_0_2_fu_703_p2">xor, 0, 0, 2, 1, 2</column>
<column name="tmp_12_0_3_fu_735_p2">xor, 0, 0, 2, 1, 2</column>
<column name="tmp_12_0_4_fu_767_p2">xor, 0, 0, 2, 1, 2</column>
<column name="tmp_12_0_5_fu_799_p2">xor, 0, 0, 2, 1, 2</column>
<column name="tmp_12_0_6_fu_831_p2">xor, 0, 0, 2, 1, 2</column>
<column name="tmp_12_0_7_fu_863_p2">xor, 0, 0, 2, 1, 2</column>
<column name="tmp_12_0_8_fu_895_p2">xor, 0, 0, 2, 1, 2</column>
<column name="tmp_12_0_9_fu_927_p2">xor, 0, 0, 2, 1, 2</column>
<column name="tmp_12_0_s_fu_959_p2">xor, 0, 0, 2, 1, 2</column>
<column name="tmp_12_1_10_fu_1561_p2">xor, 0, 0, 2, 1, 2</column>
<column name="tmp_12_1_11_fu_1585_p2">xor, 0, 0, 2, 1, 2</column>
<column name="tmp_12_1_12_fu_1609_p2">xor, 0, 0, 2, 1, 2</column>
<column name="tmp_12_1_13_fu_1633_p2">xor, 0, 0, 2, 1, 2</column>
<column name="tmp_12_1_14_fu_1657_p2">xor, 0, 0, 2, 1, 2</column>
<column name="tmp_12_1_1_fu_1321_p2">xor, 0, 0, 2, 1, 2</column>
<column name="tmp_12_1_2_fu_1345_p2">xor, 0, 0, 2, 1, 2</column>
<column name="tmp_12_1_3_fu_1369_p2">xor, 0, 0, 2, 1, 2</column>
<column name="tmp_12_1_4_fu_1393_p2">xor, 0, 0, 2, 1, 2</column>
<column name="tmp_12_1_5_fu_1417_p2">xor, 0, 0, 2, 1, 2</column>
<column name="tmp_12_1_6_fu_1441_p2">xor, 0, 0, 2, 1, 2</column>
<column name="tmp_12_1_7_fu_1465_p2">xor, 0, 0, 2, 1, 2</column>
<column name="tmp_12_1_8_fu_1489_p2">xor, 0, 0, 2, 1, 2</column>
<column name="tmp_12_1_9_fu_1513_p2">xor, 0, 0, 2, 1, 2</column>
<column name="tmp_12_1_fu_1297_p2">xor, 0, 0, 2, 1, 2</column>
<column name="tmp_12_1_s_fu_1537_p2">xor, 0, 0, 2, 1, 2</column>
<column name="tmp_12_2_10_fu_2099_p2">xor, 0, 0, 2, 1, 2</column>
<column name="tmp_12_2_11_fu_2123_p2">xor, 0, 0, 2, 1, 2</column>
<column name="tmp_12_2_12_fu_2147_p2">xor, 0, 0, 2, 1, 2</column>
<column name="tmp_12_2_13_fu_2171_p2">xor, 0, 0, 2, 1, 2</column>
<column name="tmp_12_2_14_fu_2195_p2">xor, 0, 0, 2, 1, 2</column>
<column name="tmp_12_2_1_fu_1859_p2">xor, 0, 0, 2, 1, 2</column>
<column name="tmp_12_2_2_fu_1883_p2">xor, 0, 0, 2, 1, 2</column>
<column name="tmp_12_2_3_fu_1907_p2">xor, 0, 0, 2, 1, 2</column>
<column name="tmp_12_2_4_fu_1931_p2">xor, 0, 0, 2, 1, 2</column>
<column name="tmp_12_2_5_fu_1955_p2">xor, 0, 0, 2, 1, 2</column>
<column name="tmp_12_2_6_fu_1979_p2">xor, 0, 0, 2, 1, 2</column>
<column name="tmp_12_2_7_fu_2003_p2">xor, 0, 0, 2, 1, 2</column>
<column name="tmp_12_2_8_fu_2027_p2">xor, 0, 0, 2, 1, 2</column>
<column name="tmp_12_2_9_fu_2051_p2">xor, 0, 0, 2, 1, 2</column>
<column name="tmp_12_2_fu_1835_p2">xor, 0, 0, 2, 1, 2</column>
<column name="tmp_12_2_s_fu_2075_p2">xor, 0, 0, 2, 1, 2</column>
<column name="tmp_12_3_10_fu_2637_p2">xor, 0, 0, 2, 1, 2</column>
<column name="tmp_12_3_11_fu_2661_p2">xor, 0, 0, 2, 1, 2</column>
<column name="tmp_12_3_12_fu_2685_p2">xor, 0, 0, 2, 1, 2</column>
<column name="tmp_12_3_13_fu_2709_p2">xor, 0, 0, 2, 1, 2</column>
<column name="tmp_12_3_14_fu_2733_p2">xor, 0, 0, 2, 1, 2</column>
<column name="tmp_12_3_1_fu_2397_p2">xor, 0, 0, 2, 1, 2</column>
<column name="tmp_12_3_2_fu_2421_p2">xor, 0, 0, 2, 1, 2</column>
<column name="tmp_12_3_3_fu_2445_p2">xor, 0, 0, 2, 1, 2</column>
<column name="tmp_12_3_4_fu_2469_p2">xor, 0, 0, 2, 1, 2</column>
<column name="tmp_12_3_5_fu_2493_p2">xor, 0, 0, 2, 1, 2</column>
<column name="tmp_12_3_6_fu_2517_p2">xor, 0, 0, 2, 1, 2</column>
<column name="tmp_12_3_7_fu_2541_p2">xor, 0, 0, 2, 1, 2</column>
<column name="tmp_12_3_8_fu_2565_p2">xor, 0, 0, 2, 1, 2</column>
<column name="tmp_12_3_9_fu_2589_p2">xor, 0, 0, 2, 1, 2</column>
<column name="tmp_12_3_fu_2373_p2">xor, 0, 0, 2, 1, 2</column>
<column name="tmp_12_3_s_fu_2613_p2">xor, 0, 0, 2, 1, 2</column>
<column name="tmp_12_4_10_fu_3175_p2">xor, 0, 0, 2, 1, 2</column>
<column name="tmp_12_4_11_fu_3199_p2">xor, 0, 0, 2, 1, 2</column>
<column name="tmp_12_4_12_fu_3223_p2">xor, 0, 0, 2, 1, 2</column>
<column name="tmp_12_4_13_fu_3247_p2">xor, 0, 0, 2, 1, 2</column>
<column name="tmp_12_4_14_fu_3271_p2">xor, 0, 0, 2, 1, 2</column>
<column name="tmp_12_4_1_fu_2935_p2">xor, 0, 0, 2, 1, 2</column>
<column name="tmp_12_4_2_fu_2959_p2">xor, 0, 0, 2, 1, 2</column>
<column name="tmp_12_4_3_fu_2983_p2">xor, 0, 0, 2, 1, 2</column>
<column name="tmp_12_4_4_fu_3007_p2">xor, 0, 0, 2, 1, 2</column>
<column name="tmp_12_4_5_fu_3031_p2">xor, 0, 0, 2, 1, 2</column>
<column name="tmp_12_4_6_fu_3055_p2">xor, 0, 0, 2, 1, 2</column>
<column name="tmp_12_4_7_fu_3079_p2">xor, 0, 0, 2, 1, 2</column>
<column name="tmp_12_4_8_fu_3103_p2">xor, 0, 0, 2, 1, 2</column>
<column name="tmp_12_4_9_fu_3127_p2">xor, 0, 0, 2, 1, 2</column>
<column name="tmp_12_4_fu_2911_p2">xor, 0, 0, 2, 1, 2</column>
<column name="tmp_12_4_s_fu_3151_p2">xor, 0, 0, 2, 1, 2</column>
<column name="tmp_12_5_10_fu_3713_p2">xor, 0, 0, 2, 1, 2</column>
<column name="tmp_12_5_11_fu_3737_p2">xor, 0, 0, 2, 1, 2</column>
<column name="tmp_12_5_12_fu_3761_p2">xor, 0, 0, 2, 1, 2</column>
<column name="tmp_12_5_13_fu_3785_p2">xor, 0, 0, 2, 1, 2</column>
<column name="tmp_12_5_14_fu_3809_p2">xor, 0, 0, 2, 1, 2</column>
<column name="tmp_12_5_1_fu_3473_p2">xor, 0, 0, 2, 1, 2</column>
<column name="tmp_12_5_2_fu_3497_p2">xor, 0, 0, 2, 1, 2</column>
<column name="tmp_12_5_3_fu_3521_p2">xor, 0, 0, 2, 1, 2</column>
<column name="tmp_12_5_4_fu_3545_p2">xor, 0, 0, 2, 1, 2</column>
<column name="tmp_12_5_5_fu_3569_p2">xor, 0, 0, 2, 1, 2</column>
<column name="tmp_12_5_6_fu_3593_p2">xor, 0, 0, 2, 1, 2</column>
<column name="tmp_12_5_7_fu_3617_p2">xor, 0, 0, 2, 1, 2</column>
<column name="tmp_12_5_8_fu_3641_p2">xor, 0, 0, 2, 1, 2</column>
<column name="tmp_12_5_9_fu_3665_p2">xor, 0, 0, 2, 1, 2</column>
<column name="tmp_12_5_fu_3449_p2">xor, 0, 0, 2, 1, 2</column>
<column name="tmp_12_5_s_fu_3689_p2">xor, 0, 0, 2, 1, 2</column>
<column name="tmp_12_6_10_fu_4251_p2">xor, 0, 0, 2, 1, 2</column>
<column name="tmp_12_6_11_fu_4275_p2">xor, 0, 0, 2, 1, 2</column>
<column name="tmp_12_6_12_fu_4299_p2">xor, 0, 0, 2, 1, 2</column>
<column name="tmp_12_6_13_fu_4323_p2">xor, 0, 0, 2, 1, 2</column>
<column name="tmp_12_6_14_fu_4347_p2">xor, 0, 0, 2, 1, 2</column>
<column name="tmp_12_6_1_fu_4011_p2">xor, 0, 0, 2, 1, 2</column>
<column name="tmp_12_6_2_fu_4035_p2">xor, 0, 0, 2, 1, 2</column>
<column name="tmp_12_6_3_fu_4059_p2">xor, 0, 0, 2, 1, 2</column>
<column name="tmp_12_6_4_fu_4083_p2">xor, 0, 0, 2, 1, 2</column>
<column name="tmp_12_6_5_fu_4107_p2">xor, 0, 0, 2, 1, 2</column>
<column name="tmp_12_6_6_fu_4131_p2">xor, 0, 0, 2, 1, 2</column>
<column name="tmp_12_6_7_fu_4155_p2">xor, 0, 0, 2, 1, 2</column>
<column name="tmp_12_6_8_fu_4179_p2">xor, 0, 0, 2, 1, 2</column>
<column name="tmp_12_6_9_fu_4203_p2">xor, 0, 0, 2, 1, 2</column>
<column name="tmp_12_6_fu_3987_p2">xor, 0, 0, 2, 1, 2</column>
<column name="tmp_12_6_s_fu_4227_p2">xor, 0, 0, 2, 1, 2</column>
<column name="tmp_12_7_10_fu_4789_p2">xor, 0, 0, 2, 1, 2</column>
<column name="tmp_12_7_11_fu_4813_p2">xor, 0, 0, 2, 1, 2</column>
<column name="tmp_12_7_12_fu_4837_p2">xor, 0, 0, 2, 1, 2</column>
<column name="tmp_12_7_13_fu_4861_p2">xor, 0, 0, 2, 1, 2</column>
<column name="tmp_12_7_14_fu_4885_p2">xor, 0, 0, 2, 1, 2</column>
<column name="tmp_12_7_1_fu_4549_p2">xor, 0, 0, 2, 1, 2</column>
<column name="tmp_12_7_2_fu_4573_p2">xor, 0, 0, 2, 1, 2</column>
<column name="tmp_12_7_3_fu_4597_p2">xor, 0, 0, 2, 1, 2</column>
<column name="tmp_12_7_4_fu_4621_p2">xor, 0, 0, 2, 1, 2</column>
<column name="tmp_12_7_5_fu_4645_p2">xor, 0, 0, 2, 1, 2</column>
<column name="tmp_12_7_6_fu_4669_p2">xor, 0, 0, 2, 1, 2</column>
<column name="tmp_12_7_7_fu_4693_p2">xor, 0, 0, 2, 1, 2</column>
<column name="tmp_12_7_8_fu_4717_p2">xor, 0, 0, 2, 1, 2</column>
<column name="tmp_12_7_9_fu_4741_p2">xor, 0, 0, 2, 1, 2</column>
<column name="tmp_12_7_fu_4525_p2">xor, 0, 0, 2, 1, 2</column>
<column name="tmp_12_7_s_fu_4765_p2">xor, 0, 0, 2, 1, 2</column>
<column name="tmp_12_8_10_fu_5327_p2">xor, 0, 0, 2, 1, 2</column>
<column name="tmp_12_8_11_fu_5351_p2">xor, 0, 0, 2, 1, 2</column>
<column name="tmp_12_8_12_fu_5375_p2">xor, 0, 0, 2, 1, 2</column>
<column name="tmp_12_8_13_fu_5399_p2">xor, 0, 0, 2, 1, 2</column>
<column name="tmp_12_8_14_fu_5423_p2">xor, 0, 0, 2, 1, 2</column>
<column name="tmp_12_8_1_fu_5087_p2">xor, 0, 0, 2, 1, 2</column>
<column name="tmp_12_8_2_fu_5111_p2">xor, 0, 0, 2, 1, 2</column>
<column name="tmp_12_8_3_fu_5135_p2">xor, 0, 0, 2, 1, 2</column>
<column name="tmp_12_8_4_fu_5159_p2">xor, 0, 0, 2, 1, 2</column>
<column name="tmp_12_8_5_fu_5183_p2">xor, 0, 0, 2, 1, 2</column>
<column name="tmp_12_8_6_fu_5207_p2">xor, 0, 0, 2, 1, 2</column>
<column name="tmp_12_8_7_fu_5231_p2">xor, 0, 0, 2, 1, 2</column>
<column name="tmp_12_8_8_fu_5255_p2">xor, 0, 0, 2, 1, 2</column>
<column name="tmp_12_8_9_fu_5279_p2">xor, 0, 0, 2, 1, 2</column>
<column name="tmp_12_8_fu_5063_p2">xor, 0, 0, 2, 1, 2</column>
<column name="tmp_12_8_s_fu_5303_p2">xor, 0, 0, 2, 1, 2</column>
<column name="tmp_12_9_10_fu_5865_p2">xor, 0, 0, 2, 1, 2</column>
<column name="tmp_12_9_11_fu_5889_p2">xor, 0, 0, 2, 1, 2</column>
<column name="tmp_12_9_12_fu_5913_p2">xor, 0, 0, 2, 1, 2</column>
<column name="tmp_12_9_13_fu_5937_p2">xor, 0, 0, 2, 1, 2</column>
<column name="tmp_12_9_14_fu_5961_p2">xor, 0, 0, 2, 1, 2</column>
<column name="tmp_12_9_1_fu_5625_p2">xor, 0, 0, 2, 1, 2</column>
<column name="tmp_12_9_2_fu_5649_p2">xor, 0, 0, 2, 1, 2</column>
<column name="tmp_12_9_3_fu_5673_p2">xor, 0, 0, 2, 1, 2</column>
<column name="tmp_12_9_4_fu_5697_p2">xor, 0, 0, 2, 1, 2</column>
<column name="tmp_12_9_5_fu_5721_p2">xor, 0, 0, 2, 1, 2</column>
<column name="tmp_12_9_6_fu_5745_p2">xor, 0, 0, 2, 1, 2</column>
<column name="tmp_12_9_7_fu_5769_p2">xor, 0, 0, 2, 1, 2</column>
<column name="tmp_12_9_8_fu_5793_p2">xor, 0, 0, 2, 1, 2</column>
<column name="tmp_12_9_9_fu_5817_p2">xor, 0, 0, 2, 1, 2</column>
<column name="tmp_12_9_fu_5601_p2">xor, 0, 0, 2, 1, 2</column>
<column name="tmp_12_9_s_fu_5841_p2">xor, 0, 0, 2, 1, 2</column>
<column name="tmp_3_fu_639_p2">xor, 0, 0, 2, 1, 2</column>
</table>
</item>
<item name = "Multiplexer"><table name="" hasTotal="1">
<keys size="5">Name, LUT, Input Size, Bits, Total Bits</keys>
<column name="ap_NS_fsm">21, 4, 1, 4</column>
<column name="ap_enable_reg_pp0_iter1">15, 3, 1, 3</column>
<column name="ap_phi_reg_pp0_iter1_act_m_val_V_reg_266">15, 3, 16, 48</column>
<column name="i_reg_255">9, 2, 3, 6</column>
<column name="in_V_V_TDATA_blk_n">9, 2, 1, 2</column>
<column name="nf_fu_222">9, 2, 32, 64</column>
<column name="out_V_V_TDATA_blk_n">9, 2, 1, 2</column>
<column name="sf_fu_218">9, 2, 32, 64</column>
<column name="tile_assign_fu_214">15, 3, 32, 96</column>
</table>
</item>
<item name = "Register"><table name="" hasTotal="1">
<keys size="5">Name, FF, LUT, Bits, Const Bits</keys>
<column name="accu_0_V_1_fu_174">32, 0, 32, 0</column>
<column name="accu_1_V_1_fu_178">32, 0, 32, 0</column>
<column name="accu_2_V_1_fu_182">32, 0, 32, 0</column>
<column name="accu_3_V_1_fu_186">32, 0, 32, 0</column>
<column name="accu_4_V_1_fu_190">32, 0, 32, 0</column>
<column name="accu_5_V_1_fu_194">32, 0, 32, 0</column>
<column name="accu_6_V_1_fu_198">32, 0, 32, 0</column>
<column name="accu_7_V_1_fu_202">32, 0, 32, 0</column>
<column name="accu_8_V_1_fu_206">32, 0, 32, 0</column>
<column name="accu_9_V_1_fu_210">32, 0, 32, 0</column>
<column name="ap_CS_fsm">3, 0, 3, 0</column>
<column name="ap_enable_reg_pp0_iter0">1, 0, 1, 0</column>
<column name="ap_enable_reg_pp0_iter1">1, 0, 1, 0</column>
<column name="ap_phi_reg_pp0_iter1_act_m_val_V_reg_266">16, 0, 16, 0</column>
<column name="i_reg_255">3, 0, 3, 0</column>
<column name="inputBuf_3_V_2_fu_226">16, 0, 16, 0</column>
<column name="inputBuf_3_V_3_fu_230">16, 0, 16, 0</column>
<column name="inputBuf_3_V_6_fu_234">16, 0, 16, 0</column>
<column name="inputBuf_3_V_8_fu_238">16, 0, 16, 0</column>
<column name="nf_fu_222">32, 0, 32, 0</column>
<column name="sf_fu_218">32, 0, 32, 0</column>
<column name="tile_assign_fu_214">32, 0, 32, 0</column>
<column name="tmp_4_reg_6341">1, 0, 1, 0</column>
<column name="tmp_reg_6326">1, 0, 1, 0</column>
<column name="tmp_s_reg_6355">1, 0, 1, 0</column>
</table>
</item>
</section>
</item>
</section>

<section name = "Interface" level="0">
<item name = "Summary"><table name="" hasTotal="0">
<keys size="6">RTL Ports, Dir, Bits, Protocol, Source Object, C Type</keys>
<column name="ap_clk">in, 1, ap_ctrl_hs, Matrix_Vector_Activa, return value</column>
<column name="ap_rst">in, 1, ap_ctrl_hs, Matrix_Vector_Activa, return value</column>
<column name="ap_start">in, 1, ap_ctrl_hs, Matrix_Vector_Activa, return value</column>
<column name="ap_done">out, 1, ap_ctrl_hs, Matrix_Vector_Activa, return value</column>
<column name="ap_idle">out, 1, ap_ctrl_hs, Matrix_Vector_Activa, return value</column>
<column name="ap_ready">out, 1, ap_ctrl_hs, Matrix_Vector_Activa, return value</column>
<column name="in_V_V_TDATA">in, 16, axis, in_V_V, pointer</column>
<column name="in_V_V_TVALID">in, 1, axis, in_V_V, pointer</column>
<column name="in_V_V_TREADY">out, 1, axis, in_V_V, pointer</column>
<column name="out_V_V_TDATA">out, 320, axis, out_V_V, pointer</column>
<column name="out_V_V_TVALID">out, 1, axis, out_V_V, pointer</column>
<column name="out_V_V_TREADY">in, 1, axis, out_V_V, pointer</column>
</table>
</item>
</section>
</profile>
