<stg><name>StreamingFCLayer_Batch_3</name>


<trans_list>

<trans id="14" from="1" to="2">
<condition id="-1">
<or_exp><and_exp></and_exp></or_exp>
</condition>
</trans>

<trans id="15" from="2" to="3">
<condition id="-1">
<or_exp><and_exp></and_exp></or_exp>
</condition>
</trans>

<trans id="16" from="3" to="4">
<condition id="-1">
<or_exp><and_exp></and_exp></or_exp>
</condition>
</trans>
</trans_list>



<state_list>

<state id="1" st_id="1">
</state>

<state id="2" st_id="2">

<operation id="5" st_id="2" stage="2" lat="2">
<core></core>
<MemPortIdVec></MemPortIdVec>
<condition id="-1">
<or_exp><and_exp></and_exp></or_exp>
</condition>

<Node id="9" bw="0" op_0_bw="0" op_1_bw="16" op_2_bw="320">
<![CDATA[
:6  call fastcc void @Matrix_Vector_Activa(i16* %in0_V_V, i320* %out_V_V)

]]></Node>
<StgValue><ssdm name=""/></StgValue>
</operation>
</state>

<state id="3" st_id="3">

<operation id="6" st_id="3" stage="1" lat="2">
<core></core>
<MemPortIdVec></MemPortIdVec>
<condition id="-1">
<or_exp><and_exp></and_exp></or_exp>
</condition>

<Node id="9" bw="0" op_0_bw="0" op_1_bw="16" op_2_bw="320">
<![CDATA[
:6  call fastcc void @Matrix_Vector_Activa(i16* %in0_V_V, i320* %out_V_V)

]]></Node>
<StgValue><ssdm name=""/></StgValue>
</operation>
</state>

<state id="4" st_id="4">

<operation id="7" st_id="4" stage="1" lat="1">
<core>NULL</core>
<MemPortIdVec></MemPortIdVec>
<condition id="-1">
<or_exp><and_exp></and_exp></or_exp>
</condition>

<Node id="3" bw="0" op_0_bw="0" op_1_bw="16">
<![CDATA[
:0  call void (...)* @_ssdm_op_SpecBitsMap(i16* %in0_V_V), !map !123

]]></Node>
<StgValue><ssdm name=""/></StgValue>
</operation>

<operation id="8" st_id="4" stage="1" lat="1">
<core>NULL</core>
<MemPortIdVec></MemPortIdVec>
<condition id="-1">
<or_exp><and_exp></and_exp></or_exp>
</condition>

<Node id="4" bw="0" op_0_bw="0" op_1_bw="320">
<![CDATA[
:1  call void (...)* @_ssdm_op_SpecBitsMap(i320* %out_V_V), !map !127

]]></Node>
<StgValue><ssdm name=""/></StgValue>
</operation>

<operation id="9" st_id="4" stage="1" lat="1">
<core>NULL</core>
<MemPortIdVec></MemPortIdVec>
<condition id="-1">
<or_exp><and_exp></and_exp></or_exp>
</condition>

<Node id="5" bw="0" op_0_bw="0" op_1_bw="0">
<![CDATA[
:2  call void (...)* @_ssdm_op_SpecTopModule([25 x i8]* @StreamingFCLayer_Bat) nounwind

]]></Node>
<StgValue><ssdm name=""/></StgValue>
</operation>

<operation id="10" st_id="4" stage="1" lat="1">
<core>NULL</core>
<MemPortIdVec></MemPortIdVec>
<condition id="-1">
<or_exp><and_exp></and_exp></or_exp>
</condition>

<Node id="6" bw="0" op_0_bw="0" op_1_bw="16" op_2_bw="0" op_3_bw="32" op_4_bw="32" op_5_bw="0" op_6_bw="32" op_7_bw="32" op_8_bw="0" op_9_bw="0" op_10_bw="0" op_11_bw="32" op_12_bw="32" op_13_bw="32" op_14_bw="32" op_15_bw="0" op_16_bw="0">
<![CDATA[
:3  call void (...)* @_ssdm_op_SpecInterface(i16* %in0_V_V, [5 x i8]* @p_str41, i32 1, i32 1, [5 x i8]* @p_str42, i32 0, i32 0, [1 x i8]* @p_str43, [1 x i8]* @p_str43, [1 x i8]* @p_str43, i32 0, i32 0, i32 0, i32 0, [1 x i8]* @p_str43, [1 x i8]* @p_str43) nounwind

]]></Node>
<StgValue><ssdm name=""/></StgValue>
</operation>

<operation id="11" st_id="4" stage="1" lat="1">
<core>NULL</core>
<MemPortIdVec></MemPortIdVec>
<condition id="-1">
<or_exp><and_exp></and_exp></or_exp>
</condition>

<Node id="7" bw="0" op_0_bw="0" op_1_bw="320" op_2_bw="0" op_3_bw="32" op_4_bw="32" op_5_bw="0" op_6_bw="32" op_7_bw="32" op_8_bw="0" op_9_bw="0" op_10_bw="0" op_11_bw="32" op_12_bw="32" op_13_bw="32" op_14_bw="32" op_15_bw="0" op_16_bw="0">
<![CDATA[
:4  call void (...)* @_ssdm_op_SpecInterface(i320* %out_V_V, [5 x i8]* @p_str41, i32 1, i32 1, [5 x i8]* @p_str42, i32 0, i32 0, [1 x i8]* @p_str43, [1 x i8]* @p_str43, [1 x i8]* @p_str43, i32 0, i32 0, i32 0, i32 0, [1 x i8]* @p_str43, [1 x i8]* @p_str43) nounwind

]]></Node>
<StgValue><ssdm name=""/></StgValue>
</operation>

<operation id="12" st_id="4" stage="1" lat="1">
<core>NULL</core>
<MemPortIdVec></MemPortIdVec>
<condition id="-1">
<or_exp><and_exp></and_exp></or_exp>
</condition>

<Node id="8" bw="0" op_0_bw="0" op_1_bw="32" op_2_bw="0" op_3_bw="32" op_4_bw="32" op_5_bw="0" op_6_bw="32" op_7_bw="32" op_8_bw="0" op_9_bw="0" op_10_bw="0" op_11_bw="32" op_12_bw="32" op_13_bw="32" op_14_bw="32" op_15_bw="0" op_16_bw="0">
<![CDATA[
:5  call void (...)* @_ssdm_op_SpecInterface(i32 0, [13 x i8]* @p_str44, i32 0, i32 0, [1 x i8]* @p_str43, i32 0, i32 0, [1 x i8]* @p_str43, [1 x i8]* @p_str43, [1 x i8]* @p_str43, i32 0, i32 0, i32 0, i32 0, [1 x i8]* @p_str43, [1 x i8]* @p_str43) nounwind

]]></Node>
<StgValue><ssdm name=""/></StgValue>
</operation>

<operation id="13" st_id="4" stage="1" lat="1">
<core>NULL</core>
<MemPortIdVec></MemPortIdVec>
<condition id="-1">
<or_exp><and_exp></and_exp></or_exp>
</condition>

<Node id="10" bw="0">
<![CDATA[
:7  ret void

]]></Node>
<StgValue><ssdm name=""/></StgValue>
</operation>
</state>
</state_list>


<ports>
<port id="17" name="in0_V_V" dir="0" iftype="0">
<core>NULL</core><StgValue><ssdm name="in0_V_V"/></StgValue>
</port>
<port id="18" name="out_V_V" dir="1" iftype="0">
<core>NULL</core><StgValue><ssdm name="out_V_V"/></StgValue>
</port>
</ports>


<dataflows>
<dataflow id="20" from="Matrix_Vector_Activa" to="StgValue_5" fromId="19" toId="5">
</dataflow>
<dataflow id="21" from="in0_V_V" to="StgValue_5" fromId="17" toId="5">
</dataflow>
<dataflow id="22" from="out_V_V" to="StgValue_5" fromId="18" toId="5">
</dataflow>
<dataflow id="23" from="Matrix_Vector_Activa" to="StgValue_6" fromId="19" toId="6">
</dataflow>
<dataflow id="24" from="in0_V_V" to="StgValue_6" fromId="17" toId="6">
</dataflow>
<dataflow id="25" from="out_V_V" to="StgValue_6" fromId="18" toId="6">
</dataflow>
<dataflow id="27" from="_ssdm_op_SpecBitsMap" to="StgValue_7" fromId="26" toId="7">
</dataflow>
<dataflow id="28" from="in0_V_V" to="StgValue_7" fromId="17" toId="7">
</dataflow>
<dataflow id="29" from="_ssdm_op_SpecBitsMap" to="StgValue_8" fromId="26" toId="8">
</dataflow>
<dataflow id="30" from="out_V_V" to="StgValue_8" fromId="18" toId="8">
</dataflow>
<dataflow id="32" from="_ssdm_op_SpecTopModule" to="StgValue_9" fromId="31" toId="9">
</dataflow>
<dataflow id="34" from="StreamingFCLayer_Bat" to="StgValue_9" fromId="33" toId="9">
</dataflow>
<dataflow id="36" from="_ssdm_op_SpecInterface" to="StgValue_10" fromId="35" toId="10">
</dataflow>
<dataflow id="37" from="in0_V_V" to="StgValue_10" fromId="17" toId="10">
</dataflow>
<dataflow id="39" from="p_str41" to="StgValue_10" fromId="38" toId="10">
</dataflow>
<dataflow id="41" from="StgValue_40" to="StgValue_10" fromId="40" toId="10">
</dataflow>
<dataflow id="42" from="StgValue_40" to="StgValue_10" fromId="40" toId="10">
</dataflow>
<dataflow id="44" from="p_str42" to="StgValue_10" fromId="43" toId="10">
</dataflow>
<dataflow id="46" from="StgValue_45" to="StgValue_10" fromId="45" toId="10">
</dataflow>
<dataflow id="47" from="StgValue_45" to="StgValue_10" fromId="45" toId="10">
</dataflow>
<dataflow id="49" from="p_str43" to="StgValue_10" fromId="48" toId="10">
</dataflow>
<dataflow id="50" from="p_str43" to="StgValue_10" fromId="48" toId="10">
</dataflow>
<dataflow id="51" from="p_str43" to="StgValue_10" fromId="48" toId="10">
</dataflow>
<dataflow id="52" from="StgValue_45" to="StgValue_10" fromId="45" toId="10">
</dataflow>
<dataflow id="53" from="StgValue_45" to="StgValue_10" fromId="45" toId="10">
</dataflow>
<dataflow id="54" from="StgValue_45" to="StgValue_10" fromId="45" toId="10">
</dataflow>
<dataflow id="55" from="StgValue_45" to="StgValue_10" fromId="45" toId="10">
</dataflow>
<dataflow id="56" from="p_str43" to="StgValue_10" fromId="48" toId="10">
</dataflow>
<dataflow id="57" from="p_str43" to="StgValue_10" fromId="48" toId="10">
</dataflow>
<dataflow id="58" from="_ssdm_op_SpecInterface" to="StgValue_11" fromId="35" toId="11">
</dataflow>
<dataflow id="59" from="out_V_V" to="StgValue_11" fromId="18" toId="11">
</dataflow>
<dataflow id="60" from="p_str41" to="StgValue_11" fromId="38" toId="11">
</dataflow>
<dataflow id="61" from="StgValue_40" to="StgValue_11" fromId="40" toId="11">
</dataflow>
<dataflow id="62" from="StgValue_40" to="StgValue_11" fromId="40" toId="11">
</dataflow>
<dataflow id="63" from="p_str42" to="StgValue_11" fromId="43" toId="11">
</dataflow>
<dataflow id="64" from="StgValue_45" to="StgValue_11" fromId="45" toId="11">
</dataflow>
<dataflow id="65" from="StgValue_45" to="StgValue_11" fromId="45" toId="11">
</dataflow>
<dataflow id="66" from="p_str43" to="StgValue_11" fromId="48" toId="11">
</dataflow>
<dataflow id="67" from="p_str43" to="StgValue_11" fromId="48" toId="11">
</dataflow>
<dataflow id="68" from="p_str43" to="StgValue_11" fromId="48" toId="11">
</dataflow>
<dataflow id="69" from="StgValue_45" to="StgValue_11" fromId="45" toId="11">
</dataflow>
<dataflow id="70" from="StgValue_45" to="StgValue_11" fromId="45" toId="11">
</dataflow>
<dataflow id="71" from="StgValue_45" to="StgValue_11" fromId="45" toId="11">
</dataflow>
<dataflow id="72" from="StgValue_45" to="StgValue_11" fromId="45" toId="11">
</dataflow>
<dataflow id="73" from="p_str43" to="StgValue_11" fromId="48" toId="11">
</dataflow>
<dataflow id="74" from="p_str43" to="StgValue_11" fromId="48" toId="11">
</dataflow>
<dataflow id="75" from="_ssdm_op_SpecInterface" to="StgValue_12" fromId="35" toId="12">
</dataflow>
<dataflow id="76" from="StgValue_45" to="StgValue_12" fromId="45" toId="12">
</dataflow>
<dataflow id="78" from="p_str44" to="StgValue_12" fromId="77" toId="12">
</dataflow>
<dataflow id="79" from="StgValue_45" to="StgValue_12" fromId="45" toId="12">
</dataflow>
<dataflow id="80" from="StgValue_45" to="StgValue_12" fromId="45" toId="12">
</dataflow>
<dataflow id="81" from="p_str43" to="StgValue_12" fromId="48" toId="12">
</dataflow>
<dataflow id="82" from="StgValue_45" to="StgValue_12" fromId="45" toId="12">
</dataflow>
<dataflow id="83" from="StgValue_45" to="StgValue_12" fromId="45" toId="12">
</dataflow>
<dataflow id="84" from="p_str43" to="StgValue_12" fromId="48" toId="12">
</dataflow>
<dataflow id="85" from="p_str43" to="StgValue_12" fromId="48" toId="12">
</dataflow>
<dataflow id="86" from="p_str43" to="StgValue_12" fromId="48" toId="12">
</dataflow>
<dataflow id="87" from="StgValue_45" to="StgValue_12" fromId="45" toId="12">
</dataflow>
<dataflow id="88" from="StgValue_45" to="StgValue_12" fromId="45" toId="12">
</dataflow>
<dataflow id="89" from="StgValue_45" to="StgValue_12" fromId="45" toId="12">
</dataflow>
<dataflow id="90" from="StgValue_45" to="StgValue_12" fromId="45" toId="12">
</dataflow>
<dataflow id="91" from="p_str43" to="StgValue_12" fromId="48" toId="12">
</dataflow>
<dataflow id="92" from="p_str43" to="StgValue_12" fromId="48" toId="12">
</dataflow>
</dataflows>


</stg>
