<profile>

<section name = "Vivado HLS Report for 'Matrix_Vector_Activa'" level="0">
<item name = "Date">Fri Jun 19 23:27:19 2020
</item>
<item name = "Version">2018.3 (Build 2405991 on Thu Dec 06 23:56:15 MST 2018)</item>
<item name = "Project">project_StreamingFCLayer_Batch_1</item>
<item name = "Solution">sol1</item>
<item name = "Product family">kintexu</item>
<item name = "Target device">xcku040-ffva1156-2-e</item>
</section>

<section name = "Performance Estimates" level="0">
<item name = "Timing (ns)">
<section name = "" level="1">
<item name = "Summary"><table name="" hasTotal="0">
<keys size="4">Clock, Target, Estimated, Uncertainty</keys>
<column name="ap_clk">5.00, 4.363, 0.62</column>
</table>
</item>
</section>
</item>
<item name = "Latency (clock cycles)">
<section name = "" level="1">
<item name = "Summary"><table name="" hasTotal="0">
<keys size="6">, min, max, min, max, Type</keys>
<column name="">19, 19, 19, 19, none</column>
</table>
</item>
<item name = "Detail">
<section name = "" level="1">
<item name = "Instance"><table name="" hasTotal="0">
<keys size="7">Instance, Module, min, max, min, max, Type</keys>
</table>
</item>
<item name = "Loop"><table name="" hasTotal="0">
<keys size="8">Loop Name, min, max, Latency, achieved, target, Count, Pipelined</keys>
<column name="- Loop 1">17, 17, 3, 1, 1, 16, yes</column>
</table>
</item>
</section>
</item>
</section>
</item>
</section>

<section name = "Utilization Estimates" level="0">
<item name = "Summary"><table name="" hasTotal="1">
<keys size="5">Name, BRAM_18K, DSP48E, FF, LUT</keys>
<column name="DSP">-, -, -, -</column>
<column name="Expression">-, -, 0, 6986</column>
<column name="FIFO">-, -, -, -</column>
<column name="Instance">-, -, 0, 289</column>
<column name="Memory">0, -, 256, 64</column>
<column name="Multiplexer">-, -, -, 114</column>
<column name="Register">-, -, 899, -</column>
<specialColumn name="Available">1200, 1920, 484800, 242400</specialColumn>
<specialColumn name="Utilization (%)">0, 0, ~0, 3</specialColumn>
</table>
</item>
<item name = "Detail">
<section name = "" level="1">
<item name = "Instance"><table name="" hasTotal="1">
<keys size="6">Instance, Module, BRAM_18K, DSP48E, FF, LUT</keys>
<column name="StreamingFCLayer_Batch_1_mux_42_16_1_1_U1">StreamingFCLayer_Batch_1_mux_42_16_1_1, 0, 0, 0, 17</column>
<column name="StreamingFCLayer_Batch_1_mux_42_32_1_1_U2">StreamingFCLayer_Batch_1_mux_42_32_1_1, 0, 0, 0, 17</column>
<column name="StreamingFCLayer_Batch_1_mux_42_32_1_1_U3">StreamingFCLayer_Batch_1_mux_42_32_1_1, 0, 0, 0, 17</column>
<column name="StreamingFCLayer_Batch_1_mux_42_32_1_1_U4">StreamingFCLayer_Batch_1_mux_42_32_1_1, 0, 0, 0, 17</column>
<column name="StreamingFCLayer_Batch_1_mux_42_32_1_1_U5">StreamingFCLayer_Batch_1_mux_42_32_1_1, 0, 0, 0, 17</column>
<column name="StreamingFCLayer_Batch_1_mux_42_32_1_1_U6">StreamingFCLayer_Batch_1_mux_42_32_1_1, 0, 0, 0, 17</column>
<column name="StreamingFCLayer_Batch_1_mux_42_32_1_1_U7">StreamingFCLayer_Batch_1_mux_42_32_1_1, 0, 0, 0, 17</column>
<column name="StreamingFCLayer_Batch_1_mux_42_32_1_1_U8">StreamingFCLayer_Batch_1_mux_42_32_1_1, 0, 0, 0, 17</column>
<column name="StreamingFCLayer_Batch_1_mux_42_32_1_1_U9">StreamingFCLayer_Batch_1_mux_42_32_1_1, 0, 0, 0, 17</column>
<column name="StreamingFCLayer_Batch_1_mux_42_32_1_1_U10">StreamingFCLayer_Batch_1_mux_42_32_1_1, 0, 0, 0, 17</column>
<column name="StreamingFCLayer_Batch_1_mux_42_32_1_1_U11">StreamingFCLayer_Batch_1_mux_42_32_1_1, 0, 0, 0, 17</column>
<column name="StreamingFCLayer_Batch_1_mux_42_32_1_1_U12">StreamingFCLayer_Batch_1_mux_42_32_1_1, 0, 0, 0, 17</column>
<column name="StreamingFCLayer_Batch_1_mux_42_32_1_1_U13">StreamingFCLayer_Batch_1_mux_42_32_1_1, 0, 0, 0, 17</column>
<column name="StreamingFCLayer_Batch_1_mux_42_32_1_1_U14">StreamingFCLayer_Batch_1_mux_42_32_1_1, 0, 0, 0, 17</column>
<column name="StreamingFCLayer_Batch_1_mux_42_32_1_1_U15">StreamingFCLayer_Batch_1_mux_42_32_1_1, 0, 0, 0, 17</column>
<column name="StreamingFCLayer_Batch_1_mux_42_32_1_1_U16">StreamingFCLayer_Batch_1_mux_42_32_1_1, 0, 0, 0, 17</column>
<column name="StreamingFCLayer_Batch_1_mux_42_32_1_1_U17">StreamingFCLayer_Batch_1_mux_42_32_1_1, 0, 0, 0, 17</column>
</table>
</item>
<item name = "DSP48"><table name="" hasTotal="0">
<keys size="3">Instance, Module, Expression</keys>
</table>
</item>
<item name = "Memory"><table name="" hasTotal="1">
<keys size="9">Memory, Module, BRAM_18K, FF, LUT, Words, Bits, Banks, W*Bits*Banks</keys>
<column name="weights_m_weights_V_1_U">Matrix_Vector_Activa_weights_m_weights_V_1, 0, 16, 4, 16, 16, 1, 256</column>
<column name="weights_m_weights_V_10_U">Matrix_Vector_Activa_weights_m_weights_V_10, 0, 16, 4, 16, 16, 1, 256</column>
<column name="weights_m_weights_V_11_U">Matrix_Vector_Activa_weights_m_weights_V_11, 0, 16, 4, 16, 16, 1, 256</column>
<column name="weights_m_weights_V_12_U">Matrix_Vector_Activa_weights_m_weights_V_12, 0, 16, 4, 16, 16, 1, 256</column>
<column name="weights_m_weights_V_13_U">Matrix_Vector_Activa_weights_m_weights_V_13, 0, 16, 4, 16, 16, 1, 256</column>
<column name="weights_m_weights_V_14_U">Matrix_Vector_Activa_weights_m_weights_V_14, 0, 16, 4, 16, 16, 1, 256</column>
<column name="weights_m_weights_V_15_U">Matrix_Vector_Activa_weights_m_weights_V_15, 0, 16, 4, 16, 16, 1, 256</column>
<column name="weights_m_weights_V_2_U">Matrix_Vector_Activa_weights_m_weights_V_2, 0, 16, 4, 16, 16, 1, 256</column>
<column name="weights_m_weights_V_3_U">Matrix_Vector_Activa_weights_m_weights_V_3, 0, 16, 4, 16, 16, 1, 256</column>
<column name="weights_m_weights_V_4_U">Matrix_Vector_Activa_weights_m_weights_V_4, 0, 16, 4, 16, 16, 1, 256</column>
<column name="weights_m_weights_V_5_U">Matrix_Vector_Activa_weights_m_weights_V_5, 0, 16, 4, 16, 16, 1, 256</column>
<column name="weights_m_weights_V_6_U">Matrix_Vector_Activa_weights_m_weights_V_6, 0, 16, 4, 16, 16, 1, 256</column>
<column name="weights_m_weights_V_7_U">Matrix_Vector_Activa_weights_m_weights_V_7, 0, 16, 4, 16, 16, 1, 256</column>
<column name="weights_m_weights_V_8_U">Matrix_Vector_Activa_weights_m_weights_V_8, 0, 16, 4, 16, 16, 1, 256</column>
<column name="weights_m_weights_V_9_U">Matrix_Vector_Activa_weights_m_weights_V_9, 0, 16, 4, 16, 16, 1, 256</column>
<column name="weights_m_weights_V_s_U">Matrix_Vector_Activa_weights_m_weights_V_s, 0, 16, 4, 16, 16, 1, 256</column>
</table>
</item>
<item name = "FIFO"><table name="" hasTotal="1">
<keys size="7">Name, BRAM_18K, FF, LUT, Depth, Bits, Size:D*B</keys>
</table>
</item>
<item name = "Expression"><table name="" hasTotal="1">
<keys size="7">Variable Name, Operation, DSP48E, FF, LUT, Bitwidth P0, Bitwidth P1</keys>
<column name="accu_0_V_fu_8413_p2">+, 0, 0, 32, 32, 32</column>
<column name="accu_10_V_fu_9033_p2">+, 0, 0, 32, 32, 32</column>
<column name="accu_11_V_fu_9095_p2">+, 0, 0, 32, 32, 32</column>
<column name="accu_12_V_fu_9157_p2">+, 0, 0, 32, 32, 32</column>
<column name="accu_13_V_fu_9219_p2">+, 0, 0, 32, 32, 32</column>
<column name="accu_14_V_fu_9281_p2">+, 0, 0, 32, 32, 32</column>
<column name="accu_15_V_fu_9343_p2">+, 0, 0, 32, 32, 32</column>
<column name="accu_1_V_fu_8475_p2">+, 0, 0, 32, 32, 32</column>
<column name="accu_2_V_fu_8537_p2">+, 0, 0, 32, 32, 32</column>
<column name="accu_3_V_fu_8599_p2">+, 0, 0, 32, 32, 32</column>
<column name="accu_4_V_fu_8661_p2">+, 0, 0, 32, 32, 32</column>
<column name="accu_5_V_fu_8723_p2">+, 0, 0, 32, 32, 32</column>
<column name="accu_6_V_fu_8785_p2">+, 0, 0, 32, 32, 32</column>
<column name="accu_7_V_fu_8847_p2">+, 0, 0, 32, 32, 32</column>
<column name="accu_8_V_fu_8909_p2">+, 0, 0, 32, 32, 32</column>
<column name="accu_9_V_fu_8971_p2">+, 0, 0, 32, 32, 32</column>
<column name="i_1_fu_516_p2">+, 0, 0, 15, 5, 1</column>
<column name="nf_fu_735_p2">+, 0, 0, 39, 1, 32</column>
<column name="sf_1_fu_706_p2">+, 0, 0, 39, 32, 1</column>
<column name="tile_fu_700_p2">+, 0, 0, 39, 32, 1</column>
<column name="tmp110_fu_8552_p2">+, 0, 0, 32, 32, 32</column>
<column name="tmp111_fu_8558_p2">+, 0, 0, 9, 2, 2</column>
<column name="tmp112_fu_8568_p2">+, 0, 0, 32, 32, 32</column>
<column name="tmp113_fu_2641_p2">+, 0, 0, 9, 2, 2</column>
<column name="tmp114_fu_2651_p2">+, 0, 0, 9, 2, 2</column>
<column name="tmp115_fu_2661_p2">+, 0, 0, 11, 3, 3</column>
<column name="tmp116_fu_8577_p2">+, 0, 0, 32, 32, 32</column>
<column name="tmp117_fu_2667_p2">+, 0, 0, 9, 2, 2</column>
<column name="tmp118_fu_2677_p2">+, 0, 0, 9, 2, 2</column>
<column name="tmp119_fu_2687_p2">+, 0, 0, 11, 3, 3</column>
<column name="tmp120_fu_2693_p2">+, 0, 0, 9, 2, 2</column>
<column name="tmp121_fu_2703_p2">+, 0, 0, 32, 2, 2</column>
<column name="tmp122_fu_2709_p2">+, 0, 0, 32, 2, 2</column>
<column name="tmp123_fu_2719_p2">+, 0, 0, 11, 3, 3</column>
<column name="tmp124_fu_8589_p2">+, 0, 0, 12, 4, 4</column>
<column name="tmp141_fu_8614_p2">+, 0, 0, 32, 32, 32</column>
<column name="tmp142_fu_8620_p2">+, 0, 0, 9, 2, 2</column>
<column name="tmp143_fu_8630_p2">+, 0, 0, 32, 32, 32</column>
<column name="tmp144_fu_3097_p2">+, 0, 0, 9, 2, 2</column>
<column name="tmp145_fu_3107_p2">+, 0, 0, 9, 2, 2</column>
<column name="tmp146_fu_3117_p2">+, 0, 0, 11, 3, 3</column>
<column name="tmp147_fu_8639_p2">+, 0, 0, 32, 32, 32</column>
<column name="tmp148_fu_3123_p2">+, 0, 0, 9, 2, 2</column>
<column name="tmp149_fu_3133_p2">+, 0, 0, 9, 2, 2</column>
<column name="tmp150_fu_3143_p2">+, 0, 0, 11, 3, 3</column>
<column name="tmp151_fu_3149_p2">+, 0, 0, 9, 2, 2</column>
<column name="tmp152_fu_3159_p2">+, 0, 0, 32, 2, 2</column>
<column name="tmp153_fu_3165_p2">+, 0, 0, 32, 2, 2</column>
<column name="tmp154_fu_3175_p2">+, 0, 0, 11, 3, 3</column>
<column name="tmp155_fu_8651_p2">+, 0, 0, 12, 4, 4</column>
<column name="tmp172_fu_8676_p2">+, 0, 0, 32, 32, 32</column>
<column name="tmp173_fu_8682_p2">+, 0, 0, 9, 2, 2</column>
<column name="tmp174_fu_8692_p2">+, 0, 0, 32, 32, 32</column>
<column name="tmp175_fu_3553_p2">+, 0, 0, 9, 2, 2</column>
<column name="tmp176_fu_3563_p2">+, 0, 0, 9, 2, 2</column>
<column name="tmp177_fu_3573_p2">+, 0, 0, 11, 3, 3</column>
<column name="tmp178_fu_8701_p2">+, 0, 0, 32, 32, 32</column>
<column name="tmp179_fu_3579_p2">+, 0, 0, 9, 2, 2</column>
<column name="tmp17_fu_8366_p2">+, 0, 0, 32, 32, 32</column>
<column name="tmp180_fu_3589_p2">+, 0, 0, 9, 2, 2</column>
<column name="tmp181_fu_3599_p2">+, 0, 0, 11, 3, 3</column>
<column name="tmp182_fu_3605_p2">+, 0, 0, 9, 2, 2</column>
<column name="tmp183_fu_3615_p2">+, 0, 0, 32, 2, 2</column>
<column name="tmp184_fu_3621_p2">+, 0, 0, 32, 2, 2</column>
<column name="tmp185_fu_3631_p2">+, 0, 0, 11, 3, 3</column>
<column name="tmp186_fu_8713_p2">+, 0, 0, 12, 4, 4</column>
<column name="tmp18_fu_8372_p2">+, 0, 0, 9, 2, 2</column>
<column name="tmp19_fu_8382_p2">+, 0, 0, 32, 32, 32</column>
<column name="tmp203_fu_8738_p2">+, 0, 0, 32, 32, 32</column>
<column name="tmp204_fu_8744_p2">+, 0, 0, 9, 2, 2</column>
<column name="tmp205_fu_8754_p2">+, 0, 0, 32, 32, 32</column>
<column name="tmp206_fu_4009_p2">+, 0, 0, 9, 2, 2</column>
<column name="tmp207_fu_4019_p2">+, 0, 0, 9, 2, 2</column>
<column name="tmp208_fu_4029_p2">+, 0, 0, 11, 3, 3</column>
<column name="tmp209_fu_8763_p2">+, 0, 0, 32, 32, 32</column>
<column name="tmp20_fu_1273_p2">+, 0, 0, 9, 2, 2</column>
<column name="tmp210_fu_4035_p2">+, 0, 0, 9, 2, 2</column>
<column name="tmp211_fu_4045_p2">+, 0, 0, 9, 2, 2</column>
<column name="tmp212_fu_4055_p2">+, 0, 0, 11, 3, 3</column>
<column name="tmp213_fu_4061_p2">+, 0, 0, 9, 2, 2</column>
<column name="tmp214_fu_4071_p2">+, 0, 0, 32, 2, 2</column>
<column name="tmp215_fu_4077_p2">+, 0, 0, 32, 2, 2</column>
<column name="tmp216_fu_4087_p2">+, 0, 0, 11, 3, 3</column>
<column name="tmp217_fu_8775_p2">+, 0, 0, 12, 4, 4</column>
<column name="tmp21_fu_1283_p2">+, 0, 0, 9, 2, 2</column>
<column name="tmp22_fu_1293_p2">+, 0, 0, 11, 3, 3</column>
<column name="tmp234_fu_8800_p2">+, 0, 0, 32, 32, 32</column>
<column name="tmp235_fu_8806_p2">+, 0, 0, 9, 2, 2</column>
<column name="tmp236_fu_8816_p2">+, 0, 0, 32, 32, 32</column>
<column name="tmp237_fu_4465_p2">+, 0, 0, 9, 2, 2</column>
<column name="tmp238_fu_4475_p2">+, 0, 0, 9, 2, 2</column>
<column name="tmp239_fu_4485_p2">+, 0, 0, 11, 3, 3</column>
<column name="tmp23_fu_8391_p2">+, 0, 0, 32, 32, 32</column>
<column name="tmp240_fu_8825_p2">+, 0, 0, 32, 32, 32</column>
<column name="tmp241_fu_4491_p2">+, 0, 0, 9, 2, 2</column>
<column name="tmp242_fu_4501_p2">+, 0, 0, 9, 2, 2</column>
<column name="tmp243_fu_4511_p2">+, 0, 0, 11, 3, 3</column>
<column name="tmp244_fu_4517_p2">+, 0, 0, 9, 2, 2</column>
<column name="tmp245_fu_4527_p2">+, 0, 0, 32, 2, 2</column>
<column name="tmp246_fu_4533_p2">+, 0, 0, 32, 2, 2</column>
<column name="tmp247_fu_4543_p2">+, 0, 0, 11, 3, 3</column>
<column name="tmp248_fu_8837_p2">+, 0, 0, 12, 4, 4</column>
<column name="tmp24_fu_1299_p2">+, 0, 0, 9, 2, 2</column>
<column name="tmp25_fu_1309_p2">+, 0, 0, 9, 2, 2</column>
<column name="tmp265_fu_8862_p2">+, 0, 0, 32, 32, 32</column>
<column name="tmp266_fu_8868_p2">+, 0, 0, 9, 2, 2</column>
<column name="tmp267_fu_8878_p2">+, 0, 0, 32, 32, 32</column>
<column name="tmp268_fu_4921_p2">+, 0, 0, 9, 2, 2</column>
<column name="tmp269_fu_4931_p2">+, 0, 0, 9, 2, 2</column>
<column name="tmp26_fu_1319_p2">+, 0, 0, 11, 3, 3</column>
<column name="tmp270_fu_4941_p2">+, 0, 0, 11, 3, 3</column>
<column name="tmp271_fu_8887_p2">+, 0, 0, 32, 32, 32</column>
<column name="tmp272_fu_4947_p2">+, 0, 0, 9, 2, 2</column>
<column name="tmp273_fu_4957_p2">+, 0, 0, 9, 2, 2</column>
<column name="tmp274_fu_4967_p2">+, 0, 0, 11, 3, 3</column>
<column name="tmp275_fu_4973_p2">+, 0, 0, 9, 2, 2</column>
<column name="tmp276_fu_4983_p2">+, 0, 0, 32, 2, 2</column>
<column name="tmp277_fu_4989_p2">+, 0, 0, 32, 2, 2</column>
<column name="tmp278_fu_4999_p2">+, 0, 0, 11, 3, 3</column>
<column name="tmp279_fu_8899_p2">+, 0, 0, 12, 4, 4</column>
<column name="tmp27_fu_1325_p2">+, 0, 0, 9, 2, 2</column>
<column name="tmp28_fu_1335_p2">+, 0, 0, 32, 2, 2</column>
<column name="tmp296_fu_8924_p2">+, 0, 0, 32, 32, 32</column>
<column name="tmp297_fu_8930_p2">+, 0, 0, 9, 2, 2</column>
<column name="tmp298_fu_8940_p2">+, 0, 0, 32, 32, 32</column>
<column name="tmp299_fu_5377_p2">+, 0, 0, 9, 2, 2</column>
<column name="tmp29_fu_1341_p2">+, 0, 0, 32, 2, 2</column>
<column name="tmp300_fu_5387_p2">+, 0, 0, 9, 2, 2</column>
<column name="tmp301_fu_5397_p2">+, 0, 0, 11, 3, 3</column>
<column name="tmp302_fu_8949_p2">+, 0, 0, 32, 32, 32</column>
<column name="tmp303_fu_5403_p2">+, 0, 0, 9, 2, 2</column>
<column name="tmp304_fu_5413_p2">+, 0, 0, 9, 2, 2</column>
<column name="tmp305_fu_5423_p2">+, 0, 0, 11, 3, 3</column>
<column name="tmp306_fu_5429_p2">+, 0, 0, 9, 2, 2</column>
<column name="tmp307_fu_5439_p2">+, 0, 0, 32, 2, 2</column>
<column name="tmp308_fu_5445_p2">+, 0, 0, 32, 2, 2</column>
<column name="tmp309_fu_5455_p2">+, 0, 0, 11, 3, 3</column>
<column name="tmp30_fu_1351_p2">+, 0, 0, 11, 3, 3</column>
<column name="tmp310_fu_8961_p2">+, 0, 0, 12, 4, 4</column>
<column name="tmp31_fu_8403_p2">+, 0, 0, 12, 4, 4</column>
<column name="tmp327_fu_8986_p2">+, 0, 0, 32, 32, 32</column>
<column name="tmp328_fu_8992_p2">+, 0, 0, 9, 2, 2</column>
<column name="tmp329_fu_9002_p2">+, 0, 0, 32, 32, 32</column>
<column name="tmp330_fu_5833_p2">+, 0, 0, 9, 2, 2</column>
<column name="tmp331_fu_5843_p2">+, 0, 0, 9, 2, 2</column>
<column name="tmp332_fu_5853_p2">+, 0, 0, 11, 3, 3</column>
<column name="tmp333_fu_9011_p2">+, 0, 0, 32, 32, 32</column>
<column name="tmp334_fu_5859_p2">+, 0, 0, 9, 2, 2</column>
<column name="tmp335_fu_5869_p2">+, 0, 0, 9, 2, 2</column>
<column name="tmp336_fu_5879_p2">+, 0, 0, 11, 3, 3</column>
<column name="tmp337_fu_5885_p2">+, 0, 0, 9, 2, 2</column>
<column name="tmp338_fu_5895_p2">+, 0, 0, 32, 2, 2</column>
<column name="tmp339_fu_5901_p2">+, 0, 0, 32, 2, 2</column>
<column name="tmp340_fu_5911_p2">+, 0, 0, 11, 3, 3</column>
<column name="tmp341_fu_9023_p2">+, 0, 0, 12, 4, 4</column>
<column name="tmp358_fu_9048_p2">+, 0, 0, 32, 32, 32</column>
<column name="tmp359_fu_9054_p2">+, 0, 0, 9, 2, 2</column>
<column name="tmp360_fu_9064_p2">+, 0, 0, 32, 32, 32</column>
<column name="tmp361_fu_6289_p2">+, 0, 0, 9, 2, 2</column>
<column name="tmp362_fu_6299_p2">+, 0, 0, 9, 2, 2</column>
<column name="tmp363_fu_6309_p2">+, 0, 0, 11, 3, 3</column>
<column name="tmp364_fu_9073_p2">+, 0, 0, 32, 32, 32</column>
<column name="tmp365_fu_6315_p2">+, 0, 0, 9, 2, 2</column>
<column name="tmp366_fu_6325_p2">+, 0, 0, 9, 2, 2</column>
<column name="tmp367_fu_6335_p2">+, 0, 0, 11, 3, 3</column>
<column name="tmp368_fu_6341_p2">+, 0, 0, 9, 2, 2</column>
<column name="tmp369_fu_6351_p2">+, 0, 0, 32, 2, 2</column>
<column name="tmp370_fu_6357_p2">+, 0, 0, 32, 2, 2</column>
<column name="tmp371_fu_6367_p2">+, 0, 0, 11, 3, 3</column>
<column name="tmp372_fu_9085_p2">+, 0, 0, 12, 4, 4</column>
<column name="tmp389_fu_9110_p2">+, 0, 0, 32, 32, 32</column>
<column name="tmp390_fu_9116_p2">+, 0, 0, 9, 2, 2</column>
<column name="tmp391_fu_9126_p2">+, 0, 0, 32, 32, 32</column>
<column name="tmp392_fu_6745_p2">+, 0, 0, 9, 2, 2</column>
<column name="tmp393_fu_6755_p2">+, 0, 0, 9, 2, 2</column>
<column name="tmp394_fu_6765_p2">+, 0, 0, 11, 3, 3</column>
<column name="tmp395_fu_9135_p2">+, 0, 0, 32, 32, 32</column>
<column name="tmp396_fu_6771_p2">+, 0, 0, 9, 2, 2</column>
<column name="tmp397_fu_6781_p2">+, 0, 0, 9, 2, 2</column>
<column name="tmp398_fu_6791_p2">+, 0, 0, 11, 3, 3</column>
<column name="tmp399_fu_6797_p2">+, 0, 0, 9, 2, 2</column>
<column name="tmp400_fu_6807_p2">+, 0, 0, 32, 2, 2</column>
<column name="tmp401_fu_6813_p2">+, 0, 0, 32, 2, 2</column>
<column name="tmp402_fu_6823_p2">+, 0, 0, 11, 3, 3</column>
<column name="tmp403_fu_9147_p2">+, 0, 0, 12, 4, 4</column>
<column name="tmp420_fu_9172_p2">+, 0, 0, 32, 32, 32</column>
<column name="tmp421_fu_9178_p2">+, 0, 0, 9, 2, 2</column>
<column name="tmp422_fu_9188_p2">+, 0, 0, 32, 32, 32</column>
<column name="tmp423_fu_7201_p2">+, 0, 0, 9, 2, 2</column>
<column name="tmp424_fu_7211_p2">+, 0, 0, 9, 2, 2</column>
<column name="tmp425_fu_7221_p2">+, 0, 0, 11, 3, 3</column>
<column name="tmp426_fu_9197_p2">+, 0, 0, 32, 32, 32</column>
<column name="tmp427_fu_7227_p2">+, 0, 0, 9, 2, 2</column>
<column name="tmp428_fu_7237_p2">+, 0, 0, 9, 2, 2</column>
<column name="tmp429_fu_7247_p2">+, 0, 0, 11, 3, 3</column>
<column name="tmp430_fu_7253_p2">+, 0, 0, 9, 2, 2</column>
<column name="tmp431_fu_7263_p2">+, 0, 0, 32, 2, 2</column>
<column name="tmp432_fu_7269_p2">+, 0, 0, 32, 2, 2</column>
<column name="tmp433_fu_7279_p2">+, 0, 0, 11, 3, 3</column>
<column name="tmp434_fu_9209_p2">+, 0, 0, 12, 4, 4</column>
<column name="tmp451_fu_9234_p2">+, 0, 0, 32, 32, 32</column>
<column name="tmp452_fu_9240_p2">+, 0, 0, 9, 2, 2</column>
<column name="tmp453_fu_9250_p2">+, 0, 0, 32, 32, 32</column>
<column name="tmp454_fu_7657_p2">+, 0, 0, 9, 2, 2</column>
<column name="tmp455_fu_7667_p2">+, 0, 0, 9, 2, 2</column>
<column name="tmp456_fu_7677_p2">+, 0, 0, 11, 3, 3</column>
<column name="tmp457_fu_9259_p2">+, 0, 0, 32, 32, 32</column>
<column name="tmp458_fu_7683_p2">+, 0, 0, 9, 2, 2</column>
<column name="tmp459_fu_7693_p2">+, 0, 0, 9, 2, 2</column>
<column name="tmp460_fu_7703_p2">+, 0, 0, 11, 3, 3</column>
<column name="tmp461_fu_7709_p2">+, 0, 0, 9, 2, 2</column>
<column name="tmp462_fu_7719_p2">+, 0, 0, 32, 2, 2</column>
<column name="tmp463_fu_7725_p2">+, 0, 0, 32, 2, 2</column>
<column name="tmp464_fu_7735_p2">+, 0, 0, 11, 3, 3</column>
<column name="tmp465_fu_9271_p2">+, 0, 0, 12, 4, 4</column>
<column name="tmp482_fu_9296_p2">+, 0, 0, 32, 32, 32</column>
<column name="tmp483_fu_9302_p2">+, 0, 0, 9, 2, 2</column>
<column name="tmp484_fu_9312_p2">+, 0, 0, 32, 32, 32</column>
<column name="tmp485_fu_8113_p2">+, 0, 0, 9, 2, 2</column>
<column name="tmp486_fu_8123_p2">+, 0, 0, 9, 2, 2</column>
<column name="tmp487_fu_8133_p2">+, 0, 0, 11, 3, 3</column>
<column name="tmp488_fu_9321_p2">+, 0, 0, 32, 32, 32</column>
<column name="tmp489_fu_8139_p2">+, 0, 0, 9, 2, 2</column>
<column name="tmp48_fu_8428_p2">+, 0, 0, 32, 32, 32</column>
<column name="tmp490_fu_8149_p2">+, 0, 0, 9, 2, 2</column>
<column name="tmp491_fu_8159_p2">+, 0, 0, 11, 3, 3</column>
<column name="tmp492_fu_8165_p2">+, 0, 0, 9, 2, 2</column>
<column name="tmp493_fu_8175_p2">+, 0, 0, 32, 2, 2</column>
<column name="tmp494_fu_8181_p2">+, 0, 0, 32, 2, 2</column>
<column name="tmp495_fu_8191_p2">+, 0, 0, 11, 3, 3</column>
<column name="tmp496_fu_9333_p2">+, 0, 0, 12, 4, 4</column>
<column name="tmp49_fu_8434_p2">+, 0, 0, 9, 2, 2</column>
<column name="tmp50_fu_8444_p2">+, 0, 0, 32, 32, 32</column>
<column name="tmp51_fu_1729_p2">+, 0, 0, 9, 2, 2</column>
<column name="tmp52_fu_1739_p2">+, 0, 0, 9, 2, 2</column>
<column name="tmp53_fu_1749_p2">+, 0, 0, 11, 3, 3</column>
<column name="tmp54_fu_8453_p2">+, 0, 0, 32, 32, 32</column>
<column name="tmp55_fu_1755_p2">+, 0, 0, 9, 2, 2</column>
<column name="tmp56_fu_1765_p2">+, 0, 0, 9, 2, 2</column>
<column name="tmp57_fu_1775_p2">+, 0, 0, 11, 3, 3</column>
<column name="tmp58_fu_1781_p2">+, 0, 0, 9, 2, 2</column>
<column name="tmp59_fu_1791_p2">+, 0, 0, 32, 2, 2</column>
<column name="tmp60_fu_1797_p2">+, 0, 0, 32, 2, 2</column>
<column name="tmp61_fu_1807_p2">+, 0, 0, 11, 3, 3</column>
<column name="tmp62_fu_8465_p2">+, 0, 0, 12, 4, 4</column>
<column name="tmp79_fu_8490_p2">+, 0, 0, 32, 32, 32</column>
<column name="tmp80_fu_8496_p2">+, 0, 0, 9, 2, 2</column>
<column name="tmp81_fu_8506_p2">+, 0, 0, 32, 32, 32</column>
<column name="tmp82_fu_2185_p2">+, 0, 0, 9, 2, 2</column>
<column name="tmp83_fu_2195_p2">+, 0, 0, 9, 2, 2</column>
<column name="tmp84_fu_2205_p2">+, 0, 0, 11, 3, 3</column>
<column name="tmp85_fu_8515_p2">+, 0, 0, 32, 32, 32</column>
<column name="tmp86_fu_2211_p2">+, 0, 0, 9, 2, 2</column>
<column name="tmp87_fu_2221_p2">+, 0, 0, 9, 2, 2</column>
<column name="tmp88_fu_2231_p2">+, 0, 0, 11, 3, 3</column>
<column name="tmp89_fu_2237_p2">+, 0, 0, 9, 2, 2</column>
<column name="tmp90_fu_2247_p2">+, 0, 0, 32, 2, 2</column>
<column name="tmp91_fu_2253_p2">+, 0, 0, 32, 2, 2</column>
<column name="tmp92_fu_2263_p2">+, 0, 0, 11, 3, 3</column>
<column name="tmp93_fu_8527_p2">+, 0, 0, 12, 4, 4</column>
<column name="ap_block_pp0_stage0_01001">and, 0, 0, 2, 1, 1</column>
<column name="ap_block_state2_pp0_stage0_iter0">and, 0, 0, 2, 1, 1</column>
<column name="ap_block_state4_io">and, 0, 0, 2, 1, 1</column>
<column name="ap_condition_198">and, 0, 0, 2, 1, 1</column>
<column name="ap_predicate_op53_read_state2">and, 0, 0, 2, 1, 1</column>
<column name="exitcond_fu_510_p2">icmp, 0, 0, 11, 5, 6</column>
<column name="sel_tmp6_fu_574_p2">icmp, 0, 0, 8, 2, 1</column>
<column name="sel_tmp8_fu_580_p2">icmp, 0, 0, 8, 2, 1</column>
<column name="sel_tmp_fu_568_p2">icmp, 0, 0, 9, 2, 3</column>
<column name="tmp_2_fu_741_p2">icmp, 0, 0, 20, 32, 3</column>
<column name="tmp_4_fu_674_p2">icmp, 0, 0, 20, 32, 1</column>
<column name="tmp_fu_525_p2">icmp, 0, 0, 20, 32, 1</column>
<column name="tmp_s_fu_712_p2">icmp, 0, 0, 20, 32, 3</column>
<column name="ult10_fu_9692_p2">icmp, 0, 0, 20, 32, 32</column>
<column name="ult11_fu_9717_p2">icmp, 0, 0, 20, 32, 32</column>
<column name="ult12_fu_9742_p2">icmp, 0, 0, 20, 32, 32</column>
<column name="ult13_fu_9767_p2">icmp, 0, 0, 20, 32, 32</column>
<column name="ult14_fu_9792_p2">icmp, 0, 0, 20, 32, 32</column>
<column name="ult15_fu_9817_p2">icmp, 0, 0, 20, 32, 32</column>
<column name="ult1_fu_9467_p2">icmp, 0, 0, 20, 32, 32</column>
<column name="ult2_fu_9492_p2">icmp, 0, 0, 20, 32, 32</column>
<column name="ult3_fu_9517_p2">icmp, 0, 0, 20, 32, 32</column>
<column name="ult4_fu_9542_p2">icmp, 0, 0, 20, 32, 32</column>
<column name="ult5_fu_9567_p2">icmp, 0, 0, 20, 32, 32</column>
<column name="ult6_fu_9592_p2">icmp, 0, 0, 20, 32, 32</column>
<column name="ult7_fu_9617_p2">icmp, 0, 0, 20, 32, 32</column>
<column name="ult8_fu_9642_p2">icmp, 0, 0, 20, 32, 32</column>
<column name="ult9_fu_9667_p2">icmp, 0, 0, 20, 32, 32</column>
<column name="ult_fu_9442_p2">icmp, 0, 0, 20, 32, 32</column>
<column name="ap_block_pp0_stage0_11001">or, 0, 0, 2, 1, 1</column>
<column name="or_cond_fu_586_p2">or, 0, 0, 2, 1, 1</column>
<column name="inputBuf_3_V_1_fu_616_p3">select, 0, 0, 16, 1, 16</column>
<column name="inputBuf_3_V_4_fu_624_p3">select, 0, 0, 16, 1, 16</column>
<column name="inputBuf_3_V_5_fu_632_p3">select, 0, 0, 16, 1, 16</column>
<column name="inputBuf_3_V_7_fu_640_p3">select, 0, 0, 16, 1, 16</column>
<column name="inputBuf_3_V_fu_600_p3">select, 0, 0, 16, 1, 16</column>
<column name="newSel2_fu_608_p3">select, 0, 0, 16, 1, 16</column>
<column name="newSel_fu_592_p3">select, 0, 0, 16, 1, 16</column>
<column name="p_1_fu_755_p3">select, 0, 0, 32, 1, 1</column>
<column name="p_accu_V_10_fu_8280_p3">select, 0, 0, 32, 1, 1</column>
<column name="p_accu_V_11_fu_8273_p3">select, 0, 0, 32, 1, 1</column>
<column name="p_accu_V_12_fu_8266_p3">select, 0, 0, 32, 1, 1</column>
<column name="p_accu_V_13_fu_8259_p3">select, 0, 0, 32, 1, 1</column>
<column name="p_accu_V_14_fu_8252_p3">select, 0, 0, 32, 1, 1</column>
<column name="p_accu_V_1_fu_8343_p3">select, 0, 0, 32, 1, 1</column>
<column name="p_accu_V_2_fu_8336_p3">select, 0, 0, 32, 1, 1</column>
<column name="p_accu_V_3_fu_8329_p3">select, 0, 0, 32, 1, 1</column>
<column name="p_accu_V_4_fu_8322_p3">select, 0, 0, 32, 1, 1</column>
<column name="p_accu_V_5_fu_8315_p3">select, 0, 0, 32, 1, 1</column>
<column name="p_accu_V_6_fu_8308_p3">select, 0, 0, 32, 1, 1</column>
<column name="p_accu_V_7_fu_8301_p3">select, 0, 0, 32, 1, 1</column>
<column name="p_accu_V_8_fu_8294_p3">select, 0, 0, 32, 1, 1</column>
<column name="p_accu_V_9_fu_8287_p3">select, 0, 0, 32, 1, 1</column>
<column name="p_accu_V_fu_8350_p3">select, 0, 0, 32, 1, 1</column>
<column name="p_accu_V_s_fu_8245_p3">select, 0, 0, 32, 1, 1</column>
<column name="p_s_fu_747_p3">select, 0, 0, 32, 1, 1</column>
<column name="ap_enable_pp0">xor, 0, 0, 2, 1, 2</column>
<column name="ap_enable_reg_pp0_iter1">xor, 0, 0, 2, 2, 1</column>
<column name="rev10_fu_9698_p2">xor, 0, 0, 2, 1, 2</column>
<column name="rev11_fu_9723_p2">xor, 0, 0, 2, 1, 2</column>
<column name="rev12_fu_9748_p2">xor, 0, 0, 2, 1, 2</column>
<column name="rev13_fu_9773_p2">xor, 0, 0, 2, 1, 2</column>
<column name="rev14_fu_9798_p2">xor, 0, 0, 2, 1, 2</column>
<column name="rev15_fu_9823_p2">xor, 0, 0, 2, 1, 2</column>
<column name="rev1_fu_9473_p2">xor, 0, 0, 2, 1, 2</column>
<column name="rev2_fu_9498_p2">xor, 0, 0, 2, 1, 2</column>
<column name="rev3_fu_9523_p2">xor, 0, 0, 2, 1, 2</column>
<column name="rev4_fu_9548_p2">xor, 0, 0, 2, 1, 2</column>
<column name="rev5_fu_9573_p2">xor, 0, 0, 2, 1, 2</column>
<column name="rev6_fu_9598_p2">xor, 0, 0, 2, 1, 2</column>
<column name="rev7_fu_9623_p2">xor, 0, 0, 2, 1, 2</column>
<column name="rev8_fu_9648_p2">xor, 0, 0, 2, 1, 2</column>
<column name="rev9_fu_9673_p2">xor, 0, 0, 2, 1, 2</column>
<column name="rev_fu_9448_p2">xor, 0, 0, 2, 1, 2</column>
<column name="tmp100_fu_2421_p2">xor, 0, 0, 2, 1, 1</column>
<column name="tmp101_fu_2445_p2">xor, 0, 0, 2, 1, 1</column>
<column name="tmp102_fu_2469_p2">xor, 0, 0, 2, 1, 1</column>
<column name="tmp103_fu_2493_p2">xor, 0, 0, 2, 1, 1</column>
<column name="tmp104_fu_2517_p2">xor, 0, 0, 2, 1, 1</column>
<column name="tmp105_fu_2541_p2">xor, 0, 0, 2, 1, 1</column>
<column name="tmp106_fu_2565_p2">xor, 0, 0, 2, 1, 1</column>
<column name="tmp107_fu_2585_p2">xor, 0, 0, 2, 1, 1</column>
<column name="tmp108_fu_2605_p2">xor, 0, 0, 2, 1, 1</column>
<column name="tmp109_fu_2625_p2">xor, 0, 0, 2, 1, 1</column>
<column name="tmp10_fu_1077_p2">xor, 0, 0, 2, 1, 1</column>
<column name="tmp11_fu_1109_p2">xor, 0, 0, 2, 1, 1</column>
<column name="tmp125_fu_2733_p2">xor, 0, 0, 2, 1, 1</column>
<column name="tmp126_fu_2757_p2">xor, 0, 0, 2, 1, 1</column>
<column name="tmp127_fu_2781_p2">xor, 0, 0, 2, 1, 1</column>
<column name="tmp128_fu_2805_p2">xor, 0, 0, 2, 1, 1</column>
<column name="tmp129_fu_2829_p2">xor, 0, 0, 2, 1, 1</column>
<column name="tmp12_fu_1141_p2">xor, 0, 0, 2, 1, 1</column>
<column name="tmp130_fu_2853_p2">xor, 0, 0, 2, 1, 1</column>
<column name="tmp131_fu_2877_p2">xor, 0, 0, 2, 1, 1</column>
<column name="tmp132_fu_2901_p2">xor, 0, 0, 2, 1, 1</column>
<column name="tmp133_fu_2925_p2">xor, 0, 0, 2, 1, 1</column>
<column name="tmp134_fu_2949_p2">xor, 0, 0, 2, 1, 1</column>
<column name="tmp135_fu_2973_p2">xor, 0, 0, 2, 1, 1</column>
<column name="tmp136_fu_2997_p2">xor, 0, 0, 2, 1, 1</column>
<column name="tmp137_fu_3021_p2">xor, 0, 0, 2, 1, 1</column>
<column name="tmp138_fu_3041_p2">xor, 0, 0, 2, 1, 1</column>
<column name="tmp139_fu_3061_p2">xor, 0, 0, 2, 1, 1</column>
<column name="tmp13_fu_1173_p2">xor, 0, 0, 2, 1, 1</column>
<column name="tmp140_fu_3081_p2">xor, 0, 0, 2, 1, 1</column>
<column name="tmp14_fu_1201_p2">xor, 0, 0, 2, 1, 1</column>
<column name="tmp156_fu_3189_p2">xor, 0, 0, 2, 1, 1</column>
<column name="tmp157_fu_3213_p2">xor, 0, 0, 2, 1, 1</column>
<column name="tmp158_fu_3237_p2">xor, 0, 0, 2, 1, 1</column>
<column name="tmp159_fu_3261_p2">xor, 0, 0, 2, 1, 1</column>
<column name="tmp15_fu_1229_p2">xor, 0, 0, 2, 1, 1</column>
<column name="tmp160_fu_3285_p2">xor, 0, 0, 2, 1, 1</column>
<column name="tmp161_fu_3309_p2">xor, 0, 0, 2, 1, 1</column>
<column name="tmp162_fu_3333_p2">xor, 0, 0, 2, 1, 1</column>
<column name="tmp163_fu_3357_p2">xor, 0, 0, 2, 1, 1</column>
<column name="tmp164_fu_3381_p2">xor, 0, 0, 2, 1, 1</column>
<column name="tmp165_fu_3405_p2">xor, 0, 0, 2, 1, 1</column>
<column name="tmp166_fu_3429_p2">xor, 0, 0, 2, 1, 1</column>
<column name="tmp167_fu_3453_p2">xor, 0, 0, 2, 1, 1</column>
<column name="tmp168_fu_3477_p2">xor, 0, 0, 2, 1, 1</column>
<column name="tmp169_fu_3497_p2">xor, 0, 0, 2, 1, 1</column>
<column name="tmp16_fu_1257_p2">xor, 0, 0, 2, 1, 1</column>
<column name="tmp170_fu_3517_p2">xor, 0, 0, 2, 1, 1</column>
<column name="tmp171_fu_3537_p2">xor, 0, 0, 2, 1, 1</column>
<column name="tmp187_fu_3645_p2">xor, 0, 0, 2, 1, 1</column>
<column name="tmp188_fu_3669_p2">xor, 0, 0, 2, 1, 1</column>
<column name="tmp189_fu_3693_p2">xor, 0, 0, 2, 1, 1</column>
<column name="tmp190_fu_3717_p2">xor, 0, 0, 2, 1, 1</column>
<column name="tmp191_fu_3741_p2">xor, 0, 0, 2, 1, 1</column>
<column name="tmp192_fu_3765_p2">xor, 0, 0, 2, 1, 1</column>
<column name="tmp193_fu_3789_p2">xor, 0, 0, 2, 1, 1</column>
<column name="tmp194_fu_3813_p2">xor, 0, 0, 2, 1, 1</column>
<column name="tmp195_fu_3837_p2">xor, 0, 0, 2, 1, 1</column>
<column name="tmp196_fu_3861_p2">xor, 0, 0, 2, 1, 1</column>
<column name="tmp197_fu_3885_p2">xor, 0, 0, 2, 1, 1</column>
<column name="tmp198_fu_3909_p2">xor, 0, 0, 2, 1, 1</column>
<column name="tmp199_fu_3933_p2">xor, 0, 0, 2, 1, 1</column>
<column name="tmp1_fu_789_p2">xor, 0, 0, 2, 1, 1</column>
<column name="tmp200_fu_3953_p2">xor, 0, 0, 2, 1, 1</column>
<column name="tmp201_fu_3973_p2">xor, 0, 0, 2, 1, 1</column>
<column name="tmp202_fu_3993_p2">xor, 0, 0, 2, 1, 1</column>
<column name="tmp218_fu_4101_p2">xor, 0, 0, 2, 1, 1</column>
<column name="tmp219_fu_4125_p2">xor, 0, 0, 2, 1, 1</column>
<column name="tmp220_fu_4149_p2">xor, 0, 0, 2, 1, 1</column>
<column name="tmp221_fu_4173_p2">xor, 0, 0, 2, 1, 1</column>
<column name="tmp222_fu_4197_p2">xor, 0, 0, 2, 1, 1</column>
<column name="tmp223_fu_4221_p2">xor, 0, 0, 2, 1, 1</column>
<column name="tmp224_fu_4245_p2">xor, 0, 0, 2, 1, 1</column>
<column name="tmp225_fu_4269_p2">xor, 0, 0, 2, 1, 1</column>
<column name="tmp226_fu_4293_p2">xor, 0, 0, 2, 1, 1</column>
<column name="tmp227_fu_4317_p2">xor, 0, 0, 2, 1, 1</column>
<column name="tmp228_fu_4341_p2">xor, 0, 0, 2, 1, 1</column>
<column name="tmp229_fu_4365_p2">xor, 0, 0, 2, 1, 1</column>
<column name="tmp230_fu_4389_p2">xor, 0, 0, 2, 1, 1</column>
<column name="tmp231_fu_4409_p2">xor, 0, 0, 2, 1, 1</column>
<column name="tmp232_fu_4429_p2">xor, 0, 0, 2, 1, 1</column>
<column name="tmp233_fu_4449_p2">xor, 0, 0, 2, 1, 1</column>
<column name="tmp249_fu_4557_p2">xor, 0, 0, 2, 1, 1</column>
<column name="tmp250_fu_4581_p2">xor, 0, 0, 2, 1, 1</column>
<column name="tmp251_fu_4605_p2">xor, 0, 0, 2, 1, 1</column>
<column name="tmp252_fu_4629_p2">xor, 0, 0, 2, 1, 1</column>
<column name="tmp253_fu_4653_p2">xor, 0, 0, 2, 1, 1</column>
<column name="tmp254_fu_4677_p2">xor, 0, 0, 2, 1, 1</column>
<column name="tmp255_fu_4701_p2">xor, 0, 0, 2, 1, 1</column>
<column name="tmp256_fu_4725_p2">xor, 0, 0, 2, 1, 1</column>
<column name="tmp257_fu_4749_p2">xor, 0, 0, 2, 1, 1</column>
<column name="tmp258_fu_4773_p2">xor, 0, 0, 2, 1, 1</column>
<column name="tmp259_fu_4797_p2">xor, 0, 0, 2, 1, 1</column>
<column name="tmp260_fu_4821_p2">xor, 0, 0, 2, 1, 1</column>
<column name="tmp261_fu_4845_p2">xor, 0, 0, 2, 1, 1</column>
<column name="tmp262_fu_4865_p2">xor, 0, 0, 2, 1, 1</column>
<column name="tmp263_fu_4885_p2">xor, 0, 0, 2, 1, 1</column>
<column name="tmp264_fu_4905_p2">xor, 0, 0, 2, 1, 1</column>
<column name="tmp280_fu_5013_p2">xor, 0, 0, 2, 1, 1</column>
<column name="tmp281_fu_5037_p2">xor, 0, 0, 2, 1, 1</column>
<column name="tmp282_fu_5061_p2">xor, 0, 0, 2, 1, 1</column>
<column name="tmp283_fu_5085_p2">xor, 0, 0, 2, 1, 1</column>
<column name="tmp284_fu_5109_p2">xor, 0, 0, 2, 1, 1</column>
<column name="tmp285_fu_5133_p2">xor, 0, 0, 2, 1, 1</column>
<column name="tmp286_fu_5157_p2">xor, 0, 0, 2, 1, 1</column>
<column name="tmp287_fu_5181_p2">xor, 0, 0, 2, 1, 1</column>
<column name="tmp288_fu_5205_p2">xor, 0, 0, 2, 1, 1</column>
<column name="tmp289_fu_5229_p2">xor, 0, 0, 2, 1, 1</column>
<column name="tmp290_fu_5253_p2">xor, 0, 0, 2, 1, 1</column>
<column name="tmp291_fu_5277_p2">xor, 0, 0, 2, 1, 1</column>
<column name="tmp292_fu_5301_p2">xor, 0, 0, 2, 1, 1</column>
<column name="tmp293_fu_5321_p2">xor, 0, 0, 2, 1, 1</column>
<column name="tmp294_fu_5341_p2">xor, 0, 0, 2, 1, 1</column>
<column name="tmp295_fu_5361_p2">xor, 0, 0, 2, 1, 1</column>
<column name="tmp2_fu_821_p2">xor, 0, 0, 2, 1, 1</column>
<column name="tmp311_fu_5469_p2">xor, 0, 0, 2, 1, 1</column>
<column name="tmp312_fu_5493_p2">xor, 0, 0, 2, 1, 1</column>
<column name="tmp313_fu_5517_p2">xor, 0, 0, 2, 1, 1</column>
<column name="tmp314_fu_5541_p2">xor, 0, 0, 2, 1, 1</column>
<column name="tmp315_fu_5565_p2">xor, 0, 0, 2, 1, 1</column>
<column name="tmp316_fu_5589_p2">xor, 0, 0, 2, 1, 1</column>
<column name="tmp317_fu_5613_p2">xor, 0, 0, 2, 1, 1</column>
<column name="tmp318_fu_5637_p2">xor, 0, 0, 2, 1, 1</column>
<column name="tmp319_fu_5661_p2">xor, 0, 0, 2, 1, 1</column>
<column name="tmp320_fu_5685_p2">xor, 0, 0, 2, 1, 1</column>
<column name="tmp321_fu_5709_p2">xor, 0, 0, 2, 1, 1</column>
<column name="tmp322_fu_5733_p2">xor, 0, 0, 2, 1, 1</column>
<column name="tmp323_fu_5757_p2">xor, 0, 0, 2, 1, 1</column>
<column name="tmp324_fu_5777_p2">xor, 0, 0, 2, 1, 1</column>
<column name="tmp325_fu_5797_p2">xor, 0, 0, 2, 1, 1</column>
<column name="tmp326_fu_5817_p2">xor, 0, 0, 2, 1, 1</column>
<column name="tmp32_fu_1365_p2">xor, 0, 0, 2, 1, 1</column>
<column name="tmp33_fu_1389_p2">xor, 0, 0, 2, 1, 1</column>
<column name="tmp342_fu_5925_p2">xor, 0, 0, 2, 1, 1</column>
<column name="tmp343_fu_5949_p2">xor, 0, 0, 2, 1, 1</column>
<column name="tmp344_fu_5973_p2">xor, 0, 0, 2, 1, 1</column>
<column name="tmp345_fu_5997_p2">xor, 0, 0, 2, 1, 1</column>
<column name="tmp346_fu_6021_p2">xor, 0, 0, 2, 1, 1</column>
<column name="tmp347_fu_6045_p2">xor, 0, 0, 2, 1, 1</column>
<column name="tmp348_fu_6069_p2">xor, 0, 0, 2, 1, 1</column>
<column name="tmp349_fu_6093_p2">xor, 0, 0, 2, 1, 1</column>
<column name="tmp34_fu_1413_p2">xor, 0, 0, 2, 1, 1</column>
<column name="tmp350_fu_6117_p2">xor, 0, 0, 2, 1, 1</column>
<column name="tmp351_fu_6141_p2">xor, 0, 0, 2, 1, 1</column>
<column name="tmp352_fu_6165_p2">xor, 0, 0, 2, 1, 1</column>
<column name="tmp353_fu_6189_p2">xor, 0, 0, 2, 1, 1</column>
<column name="tmp354_fu_6213_p2">xor, 0, 0, 2, 1, 1</column>
<column name="tmp355_fu_6233_p2">xor, 0, 0, 2, 1, 1</column>
<column name="tmp356_fu_6253_p2">xor, 0, 0, 2, 1, 1</column>
<column name="tmp357_fu_6273_p2">xor, 0, 0, 2, 1, 1</column>
<column name="tmp35_fu_1437_p2">xor, 0, 0, 2, 1, 1</column>
<column name="tmp36_fu_1461_p2">xor, 0, 0, 2, 1, 1</column>
<column name="tmp373_fu_6381_p2">xor, 0, 0, 2, 1, 1</column>
<column name="tmp374_fu_6405_p2">xor, 0, 0, 2, 1, 1</column>
<column name="tmp375_fu_6429_p2">xor, 0, 0, 2, 1, 1</column>
<column name="tmp376_fu_6453_p2">xor, 0, 0, 2, 1, 1</column>
<column name="tmp377_fu_6477_p2">xor, 0, 0, 2, 1, 1</column>
<column name="tmp378_fu_6501_p2">xor, 0, 0, 2, 1, 1</column>
<column name="tmp379_fu_6525_p2">xor, 0, 0, 2, 1, 1</column>
<column name="tmp37_fu_1485_p2">xor, 0, 0, 2, 1, 1</column>
<column name="tmp380_fu_6549_p2">xor, 0, 0, 2, 1, 1</column>
<column name="tmp381_fu_6573_p2">xor, 0, 0, 2, 1, 1</column>
<column name="tmp382_fu_6597_p2">xor, 0, 0, 2, 1, 1</column>
<column name="tmp383_fu_6621_p2">xor, 0, 0, 2, 1, 1</column>
<column name="tmp384_fu_6645_p2">xor, 0, 0, 2, 1, 1</column>
<column name="tmp385_fu_6669_p2">xor, 0, 0, 2, 1, 1</column>
<column name="tmp386_fu_6689_p2">xor, 0, 0, 2, 1, 1</column>
<column name="tmp387_fu_6709_p2">xor, 0, 0, 2, 1, 1</column>
<column name="tmp388_fu_6729_p2">xor, 0, 0, 2, 1, 1</column>
<column name="tmp38_fu_1509_p2">xor, 0, 0, 2, 1, 1</column>
<column name="tmp39_fu_1533_p2">xor, 0, 0, 2, 1, 1</column>
<column name="tmp3_fu_853_p2">xor, 0, 0, 2, 1, 1</column>
<column name="tmp404_fu_6837_p2">xor, 0, 0, 2, 1, 1</column>
<column name="tmp405_fu_6861_p2">xor, 0, 0, 2, 1, 1</column>
<column name="tmp406_fu_6885_p2">xor, 0, 0, 2, 1, 1</column>
<column name="tmp407_fu_6909_p2">xor, 0, 0, 2, 1, 1</column>
<column name="tmp408_fu_6933_p2">xor, 0, 0, 2, 1, 1</column>
<column name="tmp409_fu_6957_p2">xor, 0, 0, 2, 1, 1</column>
<column name="tmp40_fu_1557_p2">xor, 0, 0, 2, 1, 1</column>
<column name="tmp410_fu_6981_p2">xor, 0, 0, 2, 1, 1</column>
<column name="tmp411_fu_7005_p2">xor, 0, 0, 2, 1, 1</column>
<column name="tmp412_fu_7029_p2">xor, 0, 0, 2, 1, 1</column>
<column name="tmp413_fu_7053_p2">xor, 0, 0, 2, 1, 1</column>
<column name="tmp414_fu_7077_p2">xor, 0, 0, 2, 1, 1</column>
<column name="tmp415_fu_7101_p2">xor, 0, 0, 2, 1, 1</column>
<column name="tmp416_fu_7125_p2">xor, 0, 0, 2, 1, 1</column>
<column name="tmp417_fu_7145_p2">xor, 0, 0, 2, 1, 1</column>
<column name="tmp418_fu_7165_p2">xor, 0, 0, 2, 1, 1</column>
<column name="tmp419_fu_7185_p2">xor, 0, 0, 2, 1, 1</column>
<column name="tmp41_fu_1581_p2">xor, 0, 0, 2, 1, 1</column>
<column name="tmp42_fu_1605_p2">xor, 0, 0, 2, 1, 1</column>
<column name="tmp435_fu_7293_p2">xor, 0, 0, 2, 1, 1</column>
<column name="tmp436_fu_7317_p2">xor, 0, 0, 2, 1, 1</column>
<column name="tmp437_fu_7341_p2">xor, 0, 0, 2, 1, 1</column>
<column name="tmp438_fu_7365_p2">xor, 0, 0, 2, 1, 1</column>
<column name="tmp439_fu_7389_p2">xor, 0, 0, 2, 1, 1</column>
<column name="tmp43_fu_1629_p2">xor, 0, 0, 2, 1, 1</column>
<column name="tmp440_fu_7413_p2">xor, 0, 0, 2, 1, 1</column>
<column name="tmp441_fu_7437_p2">xor, 0, 0, 2, 1, 1</column>
<column name="tmp442_fu_7461_p2">xor, 0, 0, 2, 1, 1</column>
<column name="tmp443_fu_7485_p2">xor, 0, 0, 2, 1, 1</column>
<column name="tmp444_fu_7509_p2">xor, 0, 0, 2, 1, 1</column>
<column name="tmp445_fu_7533_p2">xor, 0, 0, 2, 1, 1</column>
<column name="tmp446_fu_7557_p2">xor, 0, 0, 2, 1, 1</column>
<column name="tmp447_fu_7581_p2">xor, 0, 0, 2, 1, 1</column>
<column name="tmp448_fu_7601_p2">xor, 0, 0, 2, 1, 1</column>
<column name="tmp449_fu_7621_p2">xor, 0, 0, 2, 1, 1</column>
<column name="tmp44_fu_1653_p2">xor, 0, 0, 2, 1, 1</column>
<column name="tmp450_fu_7641_p2">xor, 0, 0, 2, 1, 1</column>
<column name="tmp45_fu_1673_p2">xor, 0, 0, 2, 1, 1</column>
<column name="tmp466_fu_7749_p2">xor, 0, 0, 2, 1, 1</column>
<column name="tmp467_fu_7773_p2">xor, 0, 0, 2, 1, 1</column>
<column name="tmp468_fu_7797_p2">xor, 0, 0, 2, 1, 1</column>
<column name="tmp469_fu_7821_p2">xor, 0, 0, 2, 1, 1</column>
<column name="tmp46_fu_1693_p2">xor, 0, 0, 2, 1, 1</column>
<column name="tmp470_fu_7845_p2">xor, 0, 0, 2, 1, 1</column>
<column name="tmp471_fu_7869_p2">xor, 0, 0, 2, 1, 1</column>
<column name="tmp472_fu_7893_p2">xor, 0, 0, 2, 1, 1</column>
<column name="tmp473_fu_7917_p2">xor, 0, 0, 2, 1, 1</column>
<column name="tmp474_fu_7941_p2">xor, 0, 0, 2, 1, 1</column>
<column name="tmp475_fu_7965_p2">xor, 0, 0, 2, 1, 1</column>
<column name="tmp476_fu_7989_p2">xor, 0, 0, 2, 1, 1</column>
<column name="tmp477_fu_8013_p2">xor, 0, 0, 2, 1, 1</column>
<column name="tmp478_fu_8037_p2">xor, 0, 0, 2, 1, 1</column>
<column name="tmp479_fu_8057_p2">xor, 0, 0, 2, 1, 1</column>
<column name="tmp47_fu_1713_p2">xor, 0, 0, 2, 1, 1</column>
<column name="tmp480_fu_8077_p2">xor, 0, 0, 2, 1, 1</column>
<column name="tmp481_fu_8097_p2">xor, 0, 0, 2, 1, 1</column>
<column name="tmp4_fu_885_p2">xor, 0, 0, 2, 1, 1</column>
<column name="tmp5_fu_917_p2">xor, 0, 0, 2, 1, 1</column>
<column name="tmp63_fu_1821_p2">xor, 0, 0, 2, 1, 1</column>
<column name="tmp64_fu_1845_p2">xor, 0, 0, 2, 1, 1</column>
<column name="tmp65_fu_1869_p2">xor, 0, 0, 2, 1, 1</column>
<column name="tmp66_fu_1893_p2">xor, 0, 0, 2, 1, 1</column>
<column name="tmp67_fu_1917_p2">xor, 0, 0, 2, 1, 1</column>
<column name="tmp68_fu_1941_p2">xor, 0, 0, 2, 1, 1</column>
<column name="tmp69_fu_1965_p2">xor, 0, 0, 2, 1, 1</column>
<column name="tmp6_fu_949_p2">xor, 0, 0, 2, 1, 1</column>
<column name="tmp70_fu_1989_p2">xor, 0, 0, 2, 1, 1</column>
<column name="tmp71_fu_2013_p2">xor, 0, 0, 2, 1, 1</column>
<column name="tmp72_fu_2037_p2">xor, 0, 0, 2, 1, 1</column>
<column name="tmp73_fu_2061_p2">xor, 0, 0, 2, 1, 1</column>
<column name="tmp74_fu_2085_p2">xor, 0, 0, 2, 1, 1</column>
<column name="tmp75_fu_2109_p2">xor, 0, 0, 2, 1, 1</column>
<column name="tmp76_fu_2129_p2">xor, 0, 0, 2, 1, 1</column>
<column name="tmp77_fu_2149_p2">xor, 0, 0, 2, 1, 1</column>
<column name="tmp78_fu_2169_p2">xor, 0, 0, 2, 1, 1</column>
<column name="tmp7_fu_981_p2">xor, 0, 0, 2, 1, 1</column>
<column name="tmp8_fu_1013_p2">xor, 0, 0, 2, 1, 1</column>
<column name="tmp94_fu_2277_p2">xor, 0, 0, 2, 1, 1</column>
<column name="tmp95_fu_2301_p2">xor, 0, 0, 2, 1, 1</column>
<column name="tmp96_fu_2325_p2">xor, 0, 0, 2, 1, 1</column>
<column name="tmp97_fu_2349_p2">xor, 0, 0, 2, 1, 1</column>
<column name="tmp98_fu_2373_p2">xor, 0, 0, 2, 1, 1</column>
<column name="tmp99_fu_2397_p2">xor, 0, 0, 2, 1, 1</column>
<column name="tmp9_fu_1045_p2">xor, 0, 0, 2, 1, 1</column>
<column name="tmp_12_0_10_fu_1147_p2">xor, 0, 0, 2, 1, 2</column>
<column name="tmp_12_0_11_fu_1179_p2">xor, 0, 0, 2, 1, 2</column>
<column name="tmp_12_0_12_fu_1207_p2">xor, 0, 0, 2, 1, 2</column>
<column name="tmp_12_0_13_fu_1235_p2">xor, 0, 0, 2, 1, 2</column>
<column name="tmp_12_0_14_fu_1263_p2">xor, 0, 0, 2, 1, 2</column>
<column name="tmp_12_0_1_fu_827_p2">xor, 0, 0, 2, 1, 2</column>
<column name="tmp_12_0_2_fu_859_p2">xor, 0, 0, 2, 1, 2</column>
<column name="tmp_12_0_3_fu_891_p2">xor, 0, 0, 2, 1, 2</column>
<column name="tmp_12_0_4_fu_923_p2">xor, 0, 0, 2, 1, 2</column>
<column name="tmp_12_0_5_fu_955_p2">xor, 0, 0, 2, 1, 2</column>
<column name="tmp_12_0_6_fu_987_p2">xor, 0, 0, 2, 1, 2</column>
<column name="tmp_12_0_7_fu_1019_p2">xor, 0, 0, 2, 1, 2</column>
<column name="tmp_12_0_8_fu_1051_p2">xor, 0, 0, 2, 1, 2</column>
<column name="tmp_12_0_9_fu_1083_p2">xor, 0, 0, 2, 1, 2</column>
<column name="tmp_12_0_s_fu_1115_p2">xor, 0, 0, 2, 1, 2</column>
<column name="tmp_12_10_10_fu_5739_p2">xor, 0, 0, 2, 1, 2</column>
<column name="tmp_12_10_11_fu_5763_p2">xor, 0, 0, 2, 1, 2</column>
<column name="tmp_12_10_12_fu_5783_p2">xor, 0, 0, 2, 1, 2</column>
<column name="tmp_12_10_13_fu_5803_p2">xor, 0, 0, 2, 1, 2</column>
<column name="tmp_12_10_14_fu_5823_p2">xor, 0, 0, 2, 1, 2</column>
<column name="tmp_12_10_1_fu_5499_p2">xor, 0, 0, 2, 1, 2</column>
<column name="tmp_12_10_2_fu_5523_p2">xor, 0, 0, 2, 1, 2</column>
<column name="tmp_12_10_3_fu_5547_p2">xor, 0, 0, 2, 1, 2</column>
<column name="tmp_12_10_4_fu_5571_p2">xor, 0, 0, 2, 1, 2</column>
<column name="tmp_12_10_5_fu_5595_p2">xor, 0, 0, 2, 1, 2</column>
<column name="tmp_12_10_6_fu_5619_p2">xor, 0, 0, 2, 1, 2</column>
<column name="tmp_12_10_7_fu_5643_p2">xor, 0, 0, 2, 1, 2</column>
<column name="tmp_12_10_8_fu_5667_p2">xor, 0, 0, 2, 1, 2</column>
<column name="tmp_12_10_9_fu_5691_p2">xor, 0, 0, 2, 1, 2</column>
<column name="tmp_12_10_fu_5931_p2">xor, 0, 0, 2, 1, 2</column>
<column name="tmp_12_10_s_fu_5715_p2">xor, 0, 0, 2, 1, 2</column>
<column name="tmp_12_11_10_fu_6195_p2">xor, 0, 0, 2, 1, 2</column>
<column name="tmp_12_11_11_fu_6219_p2">xor, 0, 0, 2, 1, 2</column>
<column name="tmp_12_11_12_fu_6239_p2">xor, 0, 0, 2, 1, 2</column>
<column name="tmp_12_11_13_fu_6259_p2">xor, 0, 0, 2, 1, 2</column>
<column name="tmp_12_11_14_fu_6279_p2">xor, 0, 0, 2, 1, 2</column>
<column name="tmp_12_11_1_fu_5955_p2">xor, 0, 0, 2, 1, 2</column>
<column name="tmp_12_11_2_fu_5979_p2">xor, 0, 0, 2, 1, 2</column>
<column name="tmp_12_11_3_fu_6003_p2">xor, 0, 0, 2, 1, 2</column>
<column name="tmp_12_11_4_fu_6027_p2">xor, 0, 0, 2, 1, 2</column>
<column name="tmp_12_11_5_fu_6051_p2">xor, 0, 0, 2, 1, 2</column>
<column name="tmp_12_11_6_fu_6075_p2">xor, 0, 0, 2, 1, 2</column>
<column name="tmp_12_11_7_fu_6099_p2">xor, 0, 0, 2, 1, 2</column>
<column name="tmp_12_11_8_fu_6123_p2">xor, 0, 0, 2, 1, 2</column>
<column name="tmp_12_11_9_fu_6147_p2">xor, 0, 0, 2, 1, 2</column>
<column name="tmp_12_11_fu_6387_p2">xor, 0, 0, 2, 1, 2</column>
<column name="tmp_12_11_s_fu_6171_p2">xor, 0, 0, 2, 1, 2</column>
<column name="tmp_12_12_10_fu_6651_p2">xor, 0, 0, 2, 1, 2</column>
<column name="tmp_12_12_11_fu_6675_p2">xor, 0, 0, 2, 1, 2</column>
<column name="tmp_12_12_12_fu_6695_p2">xor, 0, 0, 2, 1, 2</column>
<column name="tmp_12_12_13_fu_6715_p2">xor, 0, 0, 2, 1, 2</column>
<column name="tmp_12_12_14_fu_6735_p2">xor, 0, 0, 2, 1, 2</column>
<column name="tmp_12_12_1_fu_6411_p2">xor, 0, 0, 2, 1, 2</column>
<column name="tmp_12_12_2_fu_6435_p2">xor, 0, 0, 2, 1, 2</column>
<column name="tmp_12_12_3_fu_6459_p2">xor, 0, 0, 2, 1, 2</column>
<column name="tmp_12_12_4_fu_6483_p2">xor, 0, 0, 2, 1, 2</column>
<column name="tmp_12_12_5_fu_6507_p2">xor, 0, 0, 2, 1, 2</column>
<column name="tmp_12_12_6_fu_6531_p2">xor, 0, 0, 2, 1, 2</column>
<column name="tmp_12_12_7_fu_6555_p2">xor, 0, 0, 2, 1, 2</column>
<column name="tmp_12_12_8_fu_6579_p2">xor, 0, 0, 2, 1, 2</column>
<column name="tmp_12_12_9_fu_6603_p2">xor, 0, 0, 2, 1, 2</column>
<column name="tmp_12_12_fu_6843_p2">xor, 0, 0, 2, 1, 2</column>
<column name="tmp_12_12_s_fu_6627_p2">xor, 0, 0, 2, 1, 2</column>
<column name="tmp_12_13_10_fu_7107_p2">xor, 0, 0, 2, 1, 2</column>
<column name="tmp_12_13_11_fu_7131_p2">xor, 0, 0, 2, 1, 2</column>
<column name="tmp_12_13_12_fu_7151_p2">xor, 0, 0, 2, 1, 2</column>
<column name="tmp_12_13_13_fu_7171_p2">xor, 0, 0, 2, 1, 2</column>
<column name="tmp_12_13_14_fu_7191_p2">xor, 0, 0, 2, 1, 2</column>
<column name="tmp_12_13_1_fu_6867_p2">xor, 0, 0, 2, 1, 2</column>
<column name="tmp_12_13_2_fu_6891_p2">xor, 0, 0, 2, 1, 2</column>
<column name="tmp_12_13_3_fu_6915_p2">xor, 0, 0, 2, 1, 2</column>
<column name="tmp_12_13_4_fu_6939_p2">xor, 0, 0, 2, 1, 2</column>
<column name="tmp_12_13_5_fu_6963_p2">xor, 0, 0, 2, 1, 2</column>
<column name="tmp_12_13_6_fu_6987_p2">xor, 0, 0, 2, 1, 2</column>
<column name="tmp_12_13_7_fu_7011_p2">xor, 0, 0, 2, 1, 2</column>
<column name="tmp_12_13_8_fu_7035_p2">xor, 0, 0, 2, 1, 2</column>
<column name="tmp_12_13_9_fu_7059_p2">xor, 0, 0, 2, 1, 2</column>
<column name="tmp_12_13_fu_7299_p2">xor, 0, 0, 2, 1, 2</column>
<column name="tmp_12_13_s_fu_7083_p2">xor, 0, 0, 2, 1, 2</column>
<column name="tmp_12_14_10_fu_7563_p2">xor, 0, 0, 2, 1, 2</column>
<column name="tmp_12_14_11_fu_7587_p2">xor, 0, 0, 2, 1, 2</column>
<column name="tmp_12_14_12_fu_7607_p2">xor, 0, 0, 2, 1, 2</column>
<column name="tmp_12_14_13_fu_7627_p2">xor, 0, 0, 2, 1, 2</column>
<column name="tmp_12_14_14_fu_7647_p2">xor, 0, 0, 2, 1, 2</column>
<column name="tmp_12_14_1_fu_7323_p2">xor, 0, 0, 2, 1, 2</column>
<column name="tmp_12_14_2_fu_7347_p2">xor, 0, 0, 2, 1, 2</column>
<column name="tmp_12_14_3_fu_7371_p2">xor, 0, 0, 2, 1, 2</column>
<column name="tmp_12_14_4_fu_7395_p2">xor, 0, 0, 2, 1, 2</column>
<column name="tmp_12_14_5_fu_7419_p2">xor, 0, 0, 2, 1, 2</column>
<column name="tmp_12_14_6_fu_7443_p2">xor, 0, 0, 2, 1, 2</column>
<column name="tmp_12_14_7_fu_7467_p2">xor, 0, 0, 2, 1, 2</column>
<column name="tmp_12_14_8_fu_7491_p2">xor, 0, 0, 2, 1, 2</column>
<column name="tmp_12_14_9_fu_7515_p2">xor, 0, 0, 2, 1, 2</column>
<column name="tmp_12_14_fu_7755_p2">xor, 0, 0, 2, 1, 2</column>
<column name="tmp_12_14_s_fu_7539_p2">xor, 0, 0, 2, 1, 2</column>
<column name="tmp_12_15_10_fu_8019_p2">xor, 0, 0, 2, 1, 2</column>
<column name="tmp_12_15_11_fu_8043_p2">xor, 0, 0, 2, 1, 2</column>
<column name="tmp_12_15_12_fu_8063_p2">xor, 0, 0, 2, 1, 2</column>
<column name="tmp_12_15_13_fu_8083_p2">xor, 0, 0, 2, 1, 2</column>
<column name="tmp_12_15_14_fu_8103_p2">xor, 0, 0, 2, 1, 2</column>
<column name="tmp_12_15_1_fu_7779_p2">xor, 0, 0, 2, 1, 2</column>
<column name="tmp_12_15_2_fu_7803_p2">xor, 0, 0, 2, 1, 2</column>
<column name="tmp_12_15_3_fu_7827_p2">xor, 0, 0, 2, 1, 2</column>
<column name="tmp_12_15_4_fu_7851_p2">xor, 0, 0, 2, 1, 2</column>
<column name="tmp_12_15_5_fu_7875_p2">xor, 0, 0, 2, 1, 2</column>
<column name="tmp_12_15_6_fu_7899_p2">xor, 0, 0, 2, 1, 2</column>
<column name="tmp_12_15_7_fu_7923_p2">xor, 0, 0, 2, 1, 2</column>
<column name="tmp_12_15_8_fu_7947_p2">xor, 0, 0, 2, 1, 2</column>
<column name="tmp_12_15_9_fu_7971_p2">xor, 0, 0, 2, 1, 2</column>
<column name="tmp_12_15_s_fu_7995_p2">xor, 0, 0, 2, 1, 2</column>
<column name="tmp_12_1_10_fu_1635_p2">xor, 0, 0, 2, 1, 2</column>
<column name="tmp_12_1_11_fu_1659_p2">xor, 0, 0, 2, 1, 2</column>
<column name="tmp_12_1_12_fu_1679_p2">xor, 0, 0, 2, 1, 2</column>
<column name="tmp_12_1_13_fu_1699_p2">xor, 0, 0, 2, 1, 2</column>
<column name="tmp_12_1_14_fu_1719_p2">xor, 0, 0, 2, 1, 2</column>
<column name="tmp_12_1_1_fu_1395_p2">xor, 0, 0, 2, 1, 2</column>
<column name="tmp_12_1_2_fu_1419_p2">xor, 0, 0, 2, 1, 2</column>
<column name="tmp_12_1_3_fu_1443_p2">xor, 0, 0, 2, 1, 2</column>
<column name="tmp_12_1_4_fu_1467_p2">xor, 0, 0, 2, 1, 2</column>
<column name="tmp_12_1_5_fu_1491_p2">xor, 0, 0, 2, 1, 2</column>
<column name="tmp_12_1_6_fu_1515_p2">xor, 0, 0, 2, 1, 2</column>
<column name="tmp_12_1_7_fu_1539_p2">xor, 0, 0, 2, 1, 2</column>
<column name="tmp_12_1_8_fu_1563_p2">xor, 0, 0, 2, 1, 2</column>
<column name="tmp_12_1_9_fu_1587_p2">xor, 0, 0, 2, 1, 2</column>
<column name="tmp_12_1_fu_1371_p2">xor, 0, 0, 2, 1, 2</column>
<column name="tmp_12_1_s_fu_1611_p2">xor, 0, 0, 2, 1, 2</column>
<column name="tmp_12_2_10_fu_2091_p2">xor, 0, 0, 2, 1, 2</column>
<column name="tmp_12_2_11_fu_2115_p2">xor, 0, 0, 2, 1, 2</column>
<column name="tmp_12_2_12_fu_2135_p2">xor, 0, 0, 2, 1, 2</column>
<column name="tmp_12_2_13_fu_2155_p2">xor, 0, 0, 2, 1, 2</column>
<column name="tmp_12_2_14_fu_2175_p2">xor, 0, 0, 2, 1, 2</column>
<column name="tmp_12_2_1_fu_1851_p2">xor, 0, 0, 2, 1, 2</column>
<column name="tmp_12_2_2_fu_1875_p2">xor, 0, 0, 2, 1, 2</column>
<column name="tmp_12_2_3_fu_1899_p2">xor, 0, 0, 2, 1, 2</column>
<column name="tmp_12_2_4_fu_1923_p2">xor, 0, 0, 2, 1, 2</column>
<column name="tmp_12_2_5_fu_1947_p2">xor, 0, 0, 2, 1, 2</column>
<column name="tmp_12_2_6_fu_1971_p2">xor, 0, 0, 2, 1, 2</column>
<column name="tmp_12_2_7_fu_1995_p2">xor, 0, 0, 2, 1, 2</column>
<column name="tmp_12_2_8_fu_2019_p2">xor, 0, 0, 2, 1, 2</column>
<column name="tmp_12_2_9_fu_2043_p2">xor, 0, 0, 2, 1, 2</column>
<column name="tmp_12_2_fu_1827_p2">xor, 0, 0, 2, 1, 2</column>
<column name="tmp_12_2_s_fu_2067_p2">xor, 0, 0, 2, 1, 2</column>
<column name="tmp_12_3_10_fu_2547_p2">xor, 0, 0, 2, 1, 2</column>
<column name="tmp_12_3_11_fu_2571_p2">xor, 0, 0, 2, 1, 2</column>
<column name="tmp_12_3_12_fu_2591_p2">xor, 0, 0, 2, 1, 2</column>
<column name="tmp_12_3_13_fu_2611_p2">xor, 0, 0, 2, 1, 2</column>
<column name="tmp_12_3_14_fu_2631_p2">xor, 0, 0, 2, 1, 2</column>
<column name="tmp_12_3_1_fu_2307_p2">xor, 0, 0, 2, 1, 2</column>
<column name="tmp_12_3_2_fu_2331_p2">xor, 0, 0, 2, 1, 2</column>
<column name="tmp_12_3_3_fu_2355_p2">xor, 0, 0, 2, 1, 2</column>
<column name="tmp_12_3_4_fu_2379_p2">xor, 0, 0, 2, 1, 2</column>
<column name="tmp_12_3_5_fu_2403_p2">xor, 0, 0, 2, 1, 2</column>
<column name="tmp_12_3_6_fu_2427_p2">xor, 0, 0, 2, 1, 2</column>
<column name="tmp_12_3_7_fu_2451_p2">xor, 0, 0, 2, 1, 2</column>
<column name="tmp_12_3_8_fu_2475_p2">xor, 0, 0, 2, 1, 2</column>
<column name="tmp_12_3_9_fu_2499_p2">xor, 0, 0, 2, 1, 2</column>
<column name="tmp_12_3_fu_2283_p2">xor, 0, 0, 2, 1, 2</column>
<column name="tmp_12_3_s_fu_2523_p2">xor, 0, 0, 2, 1, 2</column>
<column name="tmp_12_4_10_fu_3003_p2">xor, 0, 0, 2, 1, 2</column>
<column name="tmp_12_4_11_fu_3027_p2">xor, 0, 0, 2, 1, 2</column>
<column name="tmp_12_4_12_fu_3047_p2">xor, 0, 0, 2, 1, 2</column>
<column name="tmp_12_4_13_fu_3067_p2">xor, 0, 0, 2, 1, 2</column>
<column name="tmp_12_4_14_fu_3087_p2">xor, 0, 0, 2, 1, 2</column>
<column name="tmp_12_4_1_fu_2763_p2">xor, 0, 0, 2, 1, 2</column>
<column name="tmp_12_4_2_fu_2787_p2">xor, 0, 0, 2, 1, 2</column>
<column name="tmp_12_4_3_fu_2811_p2">xor, 0, 0, 2, 1, 2</column>
<column name="tmp_12_4_4_fu_2835_p2">xor, 0, 0, 2, 1, 2</column>
<column name="tmp_12_4_5_fu_2859_p2">xor, 0, 0, 2, 1, 2</column>
<column name="tmp_12_4_6_fu_2883_p2">xor, 0, 0, 2, 1, 2</column>
<column name="tmp_12_4_7_fu_2907_p2">xor, 0, 0, 2, 1, 2</column>
<column name="tmp_12_4_8_fu_2931_p2">xor, 0, 0, 2, 1, 2</column>
<column name="tmp_12_4_9_fu_2955_p2">xor, 0, 0, 2, 1, 2</column>
<column name="tmp_12_4_fu_2739_p2">xor, 0, 0, 2, 1, 2</column>
<column name="tmp_12_4_s_fu_2979_p2">xor, 0, 0, 2, 1, 2</column>
<column name="tmp_12_5_10_fu_3459_p2">xor, 0, 0, 2, 1, 2</column>
<column name="tmp_12_5_11_fu_3483_p2">xor, 0, 0, 2, 1, 2</column>
<column name="tmp_12_5_12_fu_3503_p2">xor, 0, 0, 2, 1, 2</column>
<column name="tmp_12_5_13_fu_3523_p2">xor, 0, 0, 2, 1, 2</column>
<column name="tmp_12_5_14_fu_3543_p2">xor, 0, 0, 2, 1, 2</column>
<column name="tmp_12_5_1_fu_3219_p2">xor, 0, 0, 2, 1, 2</column>
<column name="tmp_12_5_2_fu_3243_p2">xor, 0, 0, 2, 1, 2</column>
<column name="tmp_12_5_3_fu_3267_p2">xor, 0, 0, 2, 1, 2</column>
<column name="tmp_12_5_4_fu_3291_p2">xor, 0, 0, 2, 1, 2</column>
<column name="tmp_12_5_5_fu_3315_p2">xor, 0, 0, 2, 1, 2</column>
<column name="tmp_12_5_6_fu_3339_p2">xor, 0, 0, 2, 1, 2</column>
<column name="tmp_12_5_7_fu_3363_p2">xor, 0, 0, 2, 1, 2</column>
<column name="tmp_12_5_8_fu_3387_p2">xor, 0, 0, 2, 1, 2</column>
<column name="tmp_12_5_9_fu_3411_p2">xor, 0, 0, 2, 1, 2</column>
<column name="tmp_12_5_fu_3195_p2">xor, 0, 0, 2, 1, 2</column>
<column name="tmp_12_5_s_fu_3435_p2">xor, 0, 0, 2, 1, 2</column>
<column name="tmp_12_6_10_fu_3915_p2">xor, 0, 0, 2, 1, 2</column>
<column name="tmp_12_6_11_fu_3939_p2">xor, 0, 0, 2, 1, 2</column>
<column name="tmp_12_6_12_fu_3959_p2">xor, 0, 0, 2, 1, 2</column>
<column name="tmp_12_6_13_fu_3979_p2">xor, 0, 0, 2, 1, 2</column>
<column name="tmp_12_6_14_fu_3999_p2">xor, 0, 0, 2, 1, 2</column>
<column name="tmp_12_6_1_fu_3675_p2">xor, 0, 0, 2, 1, 2</column>
<column name="tmp_12_6_2_fu_3699_p2">xor, 0, 0, 2, 1, 2</column>
<column name="tmp_12_6_3_fu_3723_p2">xor, 0, 0, 2, 1, 2</column>
<column name="tmp_12_6_4_fu_3747_p2">xor, 0, 0, 2, 1, 2</column>
<column name="tmp_12_6_5_fu_3771_p2">xor, 0, 0, 2, 1, 2</column>
<column name="tmp_12_6_6_fu_3795_p2">xor, 0, 0, 2, 1, 2</column>
<column name="tmp_12_6_7_fu_3819_p2">xor, 0, 0, 2, 1, 2</column>
<column name="tmp_12_6_8_fu_3843_p2">xor, 0, 0, 2, 1, 2</column>
<column name="tmp_12_6_9_fu_3867_p2">xor, 0, 0, 2, 1, 2</column>
<column name="tmp_12_6_fu_3651_p2">xor, 0, 0, 2, 1, 2</column>
<column name="tmp_12_6_s_fu_3891_p2">xor, 0, 0, 2, 1, 2</column>
<column name="tmp_12_7_10_fu_4371_p2">xor, 0, 0, 2, 1, 2</column>
<column name="tmp_12_7_11_fu_4395_p2">xor, 0, 0, 2, 1, 2</column>
<column name="tmp_12_7_12_fu_4415_p2">xor, 0, 0, 2, 1, 2</column>
<column name="tmp_12_7_13_fu_4435_p2">xor, 0, 0, 2, 1, 2</column>
<column name="tmp_12_7_14_fu_4455_p2">xor, 0, 0, 2, 1, 2</column>
<column name="tmp_12_7_1_fu_4131_p2">xor, 0, 0, 2, 1, 2</column>
<column name="tmp_12_7_2_fu_4155_p2">xor, 0, 0, 2, 1, 2</column>
<column name="tmp_12_7_3_fu_4179_p2">xor, 0, 0, 2, 1, 2</column>
<column name="tmp_12_7_4_fu_4203_p2">xor, 0, 0, 2, 1, 2</column>
<column name="tmp_12_7_5_fu_4227_p2">xor, 0, 0, 2, 1, 2</column>
<column name="tmp_12_7_6_fu_4251_p2">xor, 0, 0, 2, 1, 2</column>
<column name="tmp_12_7_7_fu_4275_p2">xor, 0, 0, 2, 1, 2</column>
<column name="tmp_12_7_8_fu_4299_p2">xor, 0, 0, 2, 1, 2</column>
<column name="tmp_12_7_9_fu_4323_p2">xor, 0, 0, 2, 1, 2</column>
<column name="tmp_12_7_fu_4107_p2">xor, 0, 0, 2, 1, 2</column>
<column name="tmp_12_7_s_fu_4347_p2">xor, 0, 0, 2, 1, 2</column>
<column name="tmp_12_8_10_fu_4827_p2">xor, 0, 0, 2, 1, 2</column>
<column name="tmp_12_8_11_fu_4851_p2">xor, 0, 0, 2, 1, 2</column>
<column name="tmp_12_8_12_fu_4871_p2">xor, 0, 0, 2, 1, 2</column>
<column name="tmp_12_8_13_fu_4891_p2">xor, 0, 0, 2, 1, 2</column>
<column name="tmp_12_8_14_fu_4911_p2">xor, 0, 0, 2, 1, 2</column>
<column name="tmp_12_8_1_fu_4587_p2">xor, 0, 0, 2, 1, 2</column>
<column name="tmp_12_8_2_fu_4611_p2">xor, 0, 0, 2, 1, 2</column>
<column name="tmp_12_8_3_fu_4635_p2">xor, 0, 0, 2, 1, 2</column>
<column name="tmp_12_8_4_fu_4659_p2">xor, 0, 0, 2, 1, 2</column>
<column name="tmp_12_8_5_fu_4683_p2">xor, 0, 0, 2, 1, 2</column>
<column name="tmp_12_8_6_fu_4707_p2">xor, 0, 0, 2, 1, 2</column>
<column name="tmp_12_8_7_fu_4731_p2">xor, 0, 0, 2, 1, 2</column>
<column name="tmp_12_8_8_fu_4755_p2">xor, 0, 0, 2, 1, 2</column>
<column name="tmp_12_8_9_fu_4779_p2">xor, 0, 0, 2, 1, 2</column>
<column name="tmp_12_8_fu_4563_p2">xor, 0, 0, 2, 1, 2</column>
<column name="tmp_12_8_s_fu_4803_p2">xor, 0, 0, 2, 1, 2</column>
<column name="tmp_12_9_10_fu_5283_p2">xor, 0, 0, 2, 1, 2</column>
<column name="tmp_12_9_11_fu_5307_p2">xor, 0, 0, 2, 1, 2</column>
<column name="tmp_12_9_12_fu_5327_p2">xor, 0, 0, 2, 1, 2</column>
<column name="tmp_12_9_13_fu_5347_p2">xor, 0, 0, 2, 1, 2</column>
<column name="tmp_12_9_14_fu_5367_p2">xor, 0, 0, 2, 1, 2</column>
<column name="tmp_12_9_1_fu_5043_p2">xor, 0, 0, 2, 1, 2</column>
<column name="tmp_12_9_2_fu_5067_p2">xor, 0, 0, 2, 1, 2</column>
<column name="tmp_12_9_3_fu_5091_p2">xor, 0, 0, 2, 1, 2</column>
<column name="tmp_12_9_4_fu_5115_p2">xor, 0, 0, 2, 1, 2</column>
<column name="tmp_12_9_5_fu_5139_p2">xor, 0, 0, 2, 1, 2</column>
<column name="tmp_12_9_6_fu_5163_p2">xor, 0, 0, 2, 1, 2</column>
<column name="tmp_12_9_7_fu_5187_p2">xor, 0, 0, 2, 1, 2</column>
<column name="tmp_12_9_8_fu_5211_p2">xor, 0, 0, 2, 1, 2</column>
<column name="tmp_12_9_9_fu_5235_p2">xor, 0, 0, 2, 1, 2</column>
<column name="tmp_12_9_fu_5019_p2">xor, 0, 0, 2, 1, 2</column>
<column name="tmp_12_9_s_fu_5259_p2">xor, 0, 0, 2, 1, 2</column>
<column name="tmp_12_s_fu_5475_p2">xor, 0, 0, 2, 1, 2</column>
<column name="tmp_261_fu_795_p2">xor, 0, 0, 2, 1, 2</column>
</table>
</item>
<item name = "Multiplexer"><table name="" hasTotal="1">
<keys size="5">Name, LUT, Input Size, Bits, Total Bits</keys>
<column name="ap_NS_fsm">21, 4, 1, 4</column>
<column name="ap_enable_reg_pp0_iter1">9, 2, 1, 2</column>
<column name="ap_enable_reg_pp0_iter2">9, 2, 1, 2</column>
<column name="ap_phi_reg_pp0_iter1_act_m_val_V_reg_486">15, 3, 16, 48</column>
<column name="i_reg_475">9, 2, 5, 10</column>
<column name="in_V_V_TDATA_blk_n">9, 2, 1, 2</column>
<column name="nf_assign_fu_234">9, 2, 32, 64</column>
<column name="out_V_V_TDATA_blk_n">9, 2, 1, 2</column>
<column name="sf_fu_230">9, 2, 32, 64</column>
<column name="tile_assign_fu_226">15, 3, 32, 96</column>
</table>
</item>
<item name = "Register"><table name="" hasTotal="1">
<keys size="5">Name, FF, LUT, Bits, Const Bits</keys>
<column name="accu_V_10_fu_202">32, 0, 32, 0</column>
<column name="accu_V_11_fu_206">32, 0, 32, 0</column>
<column name="accu_V_12_fu_210">32, 0, 32, 0</column>
<column name="accu_V_13_fu_214">32, 0, 32, 0</column>
<column name="accu_V_14_fu_218">32, 0, 32, 0</column>
<column name="accu_V_1_fu_166">32, 0, 32, 0</column>
<column name="accu_V_2_fu_170">32, 0, 32, 0</column>
<column name="accu_V_3_fu_174">32, 0, 32, 0</column>
<column name="accu_V_4_fu_178">32, 0, 32, 0</column>
<column name="accu_V_5_fu_182">32, 0, 32, 0</column>
<column name="accu_V_6_fu_186">32, 0, 32, 0</column>
<column name="accu_V_7_fu_190">32, 0, 32, 0</column>
<column name="accu_V_8_fu_194">32, 0, 32, 0</column>
<column name="accu_V_9_fu_198">32, 0, 32, 0</column>
<column name="accu_V_fu_162">32, 0, 32, 0</column>
<column name="accu_V_s_fu_222">32, 0, 32, 0</column>
<column name="ap_CS_fsm">3, 0, 3, 0</column>
<column name="ap_enable_reg_pp0_iter0">1, 0, 1, 0</column>
<column name="ap_enable_reg_pp0_iter1">1, 0, 1, 0</column>
<column name="ap_enable_reg_pp0_iter2">1, 0, 1, 0</column>
<column name="ap_phi_reg_pp0_iter1_act_m_val_V_reg_486">16, 0, 16, 0</column>
<column name="i_reg_475">5, 0, 5, 0</column>
<column name="inputBuf_3_V_2_fu_238">16, 0, 16, 0</column>
<column name="inputBuf_3_V_3_fu_242">16, 0, 16, 0</column>
<column name="inputBuf_3_V_6_fu_246">16, 0, 16, 0</column>
<column name="inputBuf_3_V_8_fu_250">16, 0, 16, 0</column>
<column name="nf_assign_fu_234">32, 0, 32, 0</column>
<column name="sf_fu_230">32, 0, 32, 0</column>
<column name="tile_assign_fu_226">32, 0, 32, 0</column>
<column name="tmp115_reg_10262">3, 0, 3, 0</column>
<column name="tmp119_reg_10267">3, 0, 3, 0</column>
<column name="tmp123_reg_10272">3, 0, 3, 0</column>
<column name="tmp146_reg_10292">3, 0, 3, 0</column>
<column name="tmp150_reg_10297">3, 0, 3, 0</column>
<column name="tmp154_reg_10302">3, 0, 3, 0</column>
<column name="tmp177_reg_10322">3, 0, 3, 0</column>
<column name="tmp181_reg_10327">3, 0, 3, 0</column>
<column name="tmp185_reg_10332">3, 0, 3, 0</column>
<column name="tmp208_reg_10352">3, 0, 3, 0</column>
<column name="tmp212_reg_10357">3, 0, 3, 0</column>
<column name="tmp216_reg_10362">3, 0, 3, 0</column>
<column name="tmp22_reg_10172">3, 0, 3, 0</column>
<column name="tmp239_reg_10382">3, 0, 3, 0</column>
<column name="tmp243_reg_10387">3, 0, 3, 0</column>
<column name="tmp247_reg_10392">3, 0, 3, 0</column>
<column name="tmp26_reg_10177">3, 0, 3, 0</column>
<column name="tmp270_reg_10412">3, 0, 3, 0</column>
<column name="tmp274_reg_10417">3, 0, 3, 0</column>
<column name="tmp278_reg_10422">3, 0, 3, 0</column>
<column name="tmp301_reg_10442">3, 0, 3, 0</column>
<column name="tmp305_reg_10447">3, 0, 3, 0</column>
<column name="tmp309_reg_10452">3, 0, 3, 0</column>
<column name="tmp30_reg_10182">3, 0, 3, 0</column>
<column name="tmp332_reg_10472">3, 0, 3, 0</column>
<column name="tmp336_reg_10477">3, 0, 3, 0</column>
<column name="tmp340_reg_10482">3, 0, 3, 0</column>
<column name="tmp363_reg_10502">3, 0, 3, 0</column>
<column name="tmp367_reg_10507">3, 0, 3, 0</column>
<column name="tmp371_reg_10512">3, 0, 3, 0</column>
<column name="tmp394_reg_10532">3, 0, 3, 0</column>
<column name="tmp398_reg_10537">3, 0, 3, 0</column>
<column name="tmp402_reg_10542">3, 0, 3, 0</column>
<column name="tmp425_reg_10562">3, 0, 3, 0</column>
<column name="tmp429_reg_10567">3, 0, 3, 0</column>
<column name="tmp433_reg_10572">3, 0, 3, 0</column>
<column name="tmp456_reg_10592">3, 0, 3, 0</column>
<column name="tmp460_reg_10597">3, 0, 3, 0</column>
<column name="tmp464_reg_10602">3, 0, 3, 0</column>
<column name="tmp487_reg_10622">3, 0, 3, 0</column>
<column name="tmp491_reg_10627">3, 0, 3, 0</column>
<column name="tmp495_reg_10632">3, 0, 3, 0</column>
<column name="tmp53_reg_10202">3, 0, 3, 0</column>
<column name="tmp57_reg_10207">3, 0, 3, 0</column>
<column name="tmp61_reg_10212">3, 0, 3, 0</column>
<column name="tmp84_reg_10232">3, 0, 3, 0</column>
<column name="tmp88_reg_10237">3, 0, 3, 0</column>
<column name="tmp92_reg_10242">3, 0, 3, 0</column>
<column name="tmp_12_0_11_reg_10157">1, 0, 1, 0</column>
<column name="tmp_12_0_12_reg_10162">1, 0, 1, 0</column>
<column name="tmp_12_0_13_reg_10167">1, 0, 1, 0</column>
<column name="tmp_12_10_11_reg_10457">1, 0, 1, 0</column>
<column name="tmp_12_10_12_reg_10462">1, 0, 1, 0</column>
<column name="tmp_12_10_13_reg_10467">1, 0, 1, 0</column>
<column name="tmp_12_11_11_reg_10487">1, 0, 1, 0</column>
<column name="tmp_12_11_12_reg_10492">1, 0, 1, 0</column>
<column name="tmp_12_11_13_reg_10497">1, 0, 1, 0</column>
<column name="tmp_12_12_11_reg_10517">1, 0, 1, 0</column>
<column name="tmp_12_12_12_reg_10522">1, 0, 1, 0</column>
<column name="tmp_12_12_13_reg_10527">1, 0, 1, 0</column>
<column name="tmp_12_13_11_reg_10547">1, 0, 1, 0</column>
<column name="tmp_12_13_12_reg_10552">1, 0, 1, 0</column>
<column name="tmp_12_13_13_reg_10557">1, 0, 1, 0</column>
<column name="tmp_12_14_11_reg_10577">1, 0, 1, 0</column>
<column name="tmp_12_14_12_reg_10582">1, 0, 1, 0</column>
<column name="tmp_12_14_13_reg_10587">1, 0, 1, 0</column>
<column name="tmp_12_15_11_reg_10607">1, 0, 1, 0</column>
<column name="tmp_12_15_12_reg_10612">1, 0, 1, 0</column>
<column name="tmp_12_15_13_reg_10617">1, 0, 1, 0</column>
<column name="tmp_12_1_11_reg_10187">1, 0, 1, 0</column>
<column name="tmp_12_1_12_reg_10192">1, 0, 1, 0</column>
<column name="tmp_12_1_13_reg_10197">1, 0, 1, 0</column>
<column name="tmp_12_2_11_reg_10217">1, 0, 1, 0</column>
<column name="tmp_12_2_12_reg_10222">1, 0, 1, 0</column>
<column name="tmp_12_2_13_reg_10227">1, 0, 1, 0</column>
<column name="tmp_12_3_11_reg_10247">1, 0, 1, 0</column>
<column name="tmp_12_3_12_reg_10252">1, 0, 1, 0</column>
<column name="tmp_12_3_13_reg_10257">1, 0, 1, 0</column>
<column name="tmp_12_4_11_reg_10277">1, 0, 1, 0</column>
<column name="tmp_12_4_12_reg_10282">1, 0, 1, 0</column>
<column name="tmp_12_4_13_reg_10287">1, 0, 1, 0</column>
<column name="tmp_12_5_11_reg_10307">1, 0, 1, 0</column>
<column name="tmp_12_5_12_reg_10312">1, 0, 1, 0</column>
<column name="tmp_12_5_13_reg_10317">1, 0, 1, 0</column>
<column name="tmp_12_6_11_reg_10337">1, 0, 1, 0</column>
<column name="tmp_12_6_12_reg_10342">1, 0, 1, 0</column>
<column name="tmp_12_6_13_reg_10347">1, 0, 1, 0</column>
<column name="tmp_12_7_11_reg_10367">1, 0, 1, 0</column>
<column name="tmp_12_7_12_reg_10372">1, 0, 1, 0</column>
<column name="tmp_12_7_13_reg_10377">1, 0, 1, 0</column>
<column name="tmp_12_8_11_reg_10397">1, 0, 1, 0</column>
<column name="tmp_12_8_12_reg_10402">1, 0, 1, 0</column>
<column name="tmp_12_8_13_reg_10407">1, 0, 1, 0</column>
<column name="tmp_12_9_11_reg_10427">1, 0, 1, 0</column>
<column name="tmp_12_9_12_reg_10432">1, 0, 1, 0</column>
<column name="tmp_12_9_13_reg_10437">1, 0, 1, 0</column>
<column name="tmp_497_reg_10137">2, 0, 2, 0</column>
<column name="tmp_497_reg_10137_pp0_iter1_reg">2, 0, 2, 0</column>
<column name="tmp_4_reg_10033">1, 0, 1, 0</column>
<column name="tmp_4_reg_10033_pp0_iter1_reg">1, 0, 1, 0</column>
<column name="tmp_s_reg_10133">1, 0, 1, 0</column>
<column name="tmp_s_reg_10133_pp0_iter1_reg">1, 0, 1, 0</column>
</table>
</item>
</section>
</item>
</section>

<section name = "Interface" level="0">
<item name = "Summary"><table name="" hasTotal="0">
<keys size="6">RTL Ports, Dir, Bits, Protocol, Source Object, C Type</keys>
<column name="ap_clk">in, 1, ap_ctrl_hs, Matrix_Vector_Activa, return value</column>
<column name="ap_rst">in, 1, ap_ctrl_hs, Matrix_Vector_Activa, return value</column>
<column name="ap_start">in, 1, ap_ctrl_hs, Matrix_Vector_Activa, return value</column>
<column name="ap_done">out, 1, ap_ctrl_hs, Matrix_Vector_Activa, return value</column>
<column name="ap_idle">out, 1, ap_ctrl_hs, Matrix_Vector_Activa, return value</column>
<column name="ap_ready">out, 1, ap_ctrl_hs, Matrix_Vector_Activa, return value</column>
<column name="in_V_V_TDATA">in, 16, axis, in_V_V, pointer</column>
<column name="in_V_V_TVALID">in, 1, axis, in_V_V, pointer</column>
<column name="in_V_V_TREADY">out, 1, axis, in_V_V, pointer</column>
<column name="out_V_V_TDATA">out, 16, axis, out_V_V, pointer</column>
<column name="out_V_V_TVALID">out, 1, axis, out_V_V, pointer</column>
<column name="out_V_V_TREADY">in, 1, axis, out_V_V, pointer</column>
</table>
</item>
</section>
</profile>
