<profile>

<section name = "Vivado HLS Report for 'Matrix_Vector_Activa'" level="0">
<item name = "Date">Fri Jun 19 23:25:27 2020
</item>
<item name = "Version">2018.3 (Build 2405991 on Thu Dec 06 23:56:15 MST 2018)</item>
<item name = "Project">project_StreamingFCLayer_Batch_0</item>
<item name = "Solution">sol1</item>
<item name = "Product family">kintexu</item>
<item name = "Target device">xcku040-ffva1156-2-e</item>
</section>

<section name = "Performance Estimates" level="0">
<item name = "Timing (ns)">
<section name = "" level="1">
<item name = "Summary"><table name="" hasTotal="0">
<keys size="4">Clock, Target, Estimated, Uncertainty</keys>
<column name="ap_clk">5.00, 4.363, 0.62</column>
</table>
</item>
</section>
</item>
<item name = "Latency (clock cycles)">
<section name = "" level="1">
<item name = "Summary"><table name="" hasTotal="0">
<keys size="6">, min, max, min, max, Type</keys>
<column name="">199, 199, 199, 199, none</column>
</table>
</item>
<item name = "Detail">
<section name = "" level="1">
<item name = "Instance"><table name="" hasTotal="0">
<keys size="7">Instance, Module, min, max, min, max, Type</keys>
</table>
</item>
<item name = "Loop"><table name="" hasTotal="0">
<keys size="8">Loop Name, min, max, Latency, achieved, target, Count, Pipelined</keys>
<column name="- Loop 1">197, 197, 3, 1, 1, 196, yes</column>
</table>
</item>
</section>
</item>
</section>
</item>
</section>

<section name = "Utilization Estimates" level="0">
<item name = "Summary"><table name="" hasTotal="1">
<keys size="5">Name, BRAM_18K, DSP48E, FF, LUT</keys>
<column name="DSP">-, -, -, -</column>
<column name="Expression">-, -, 0, 6845</column>
<column name="FIFO">-, -, -, -</column>
<column name="Instance">-, -, 0, 289</column>
<column name="Memory">16, -, 0, 0</column>
<column name="Multiplexer">-, -, -, 114</column>
<column name="Register">-, -, 1622, -</column>
<specialColumn name="Available">1200, 1920, 484800, 242400</specialColumn>
<specialColumn name="Utilization (%)">1, 0, ~0, 2</specialColumn>
</table>
</item>
<item name = "Detail">
<section name = "" level="1">
<item name = "Instance"><table name="" hasTotal="1">
<keys size="6">Instance, Module, BRAM_18K, DSP48E, FF, LUT</keys>
<column name="StreamingFCLayer_Batch_0_mux_42_32_1_1_U2">StreamingFCLayer_Batch_0_mux_42_32_1_1, 0, 0, 0, 17</column>
<column name="StreamingFCLayer_Batch_0_mux_42_32_1_1_U3">StreamingFCLayer_Batch_0_mux_42_32_1_1, 0, 0, 0, 17</column>
<column name="StreamingFCLayer_Batch_0_mux_42_32_1_1_U4">StreamingFCLayer_Batch_0_mux_42_32_1_1, 0, 0, 0, 17</column>
<column name="StreamingFCLayer_Batch_0_mux_42_32_1_1_U5">StreamingFCLayer_Batch_0_mux_42_32_1_1, 0, 0, 0, 17</column>
<column name="StreamingFCLayer_Batch_0_mux_42_32_1_1_U6">StreamingFCLayer_Batch_0_mux_42_32_1_1, 0, 0, 0, 17</column>
<column name="StreamingFCLayer_Batch_0_mux_42_32_1_1_U7">StreamingFCLayer_Batch_0_mux_42_32_1_1, 0, 0, 0, 17</column>
<column name="StreamingFCLayer_Batch_0_mux_42_32_1_1_U8">StreamingFCLayer_Batch_0_mux_42_32_1_1, 0, 0, 0, 17</column>
<column name="StreamingFCLayer_Batch_0_mux_42_32_1_1_U9">StreamingFCLayer_Batch_0_mux_42_32_1_1, 0, 0, 0, 17</column>
<column name="StreamingFCLayer_Batch_0_mux_42_32_1_1_U10">StreamingFCLayer_Batch_0_mux_42_32_1_1, 0, 0, 0, 17</column>
<column name="StreamingFCLayer_Batch_0_mux_42_32_1_1_U11">StreamingFCLayer_Batch_0_mux_42_32_1_1, 0, 0, 0, 17</column>
<column name="StreamingFCLayer_Batch_0_mux_42_32_1_1_U12">StreamingFCLayer_Batch_0_mux_42_32_1_1, 0, 0, 0, 17</column>
<column name="StreamingFCLayer_Batch_0_mux_42_32_1_1_U13">StreamingFCLayer_Batch_0_mux_42_32_1_1, 0, 0, 0, 17</column>
<column name="StreamingFCLayer_Batch_0_mux_42_32_1_1_U14">StreamingFCLayer_Batch_0_mux_42_32_1_1, 0, 0, 0, 17</column>
<column name="StreamingFCLayer_Batch_0_mux_42_32_1_1_U15">StreamingFCLayer_Batch_0_mux_42_32_1_1, 0, 0, 0, 17</column>
<column name="StreamingFCLayer_Batch_0_mux_42_32_1_1_U16">StreamingFCLayer_Batch_0_mux_42_32_1_1, 0, 0, 0, 17</column>
<column name="StreamingFCLayer_Batch_0_mux_42_32_1_1_U17">StreamingFCLayer_Batch_0_mux_42_32_1_1, 0, 0, 0, 17</column>
<column name="StreamingFCLayer_Batch_0_mux_496_16_1_1_U1">StreamingFCLayer_Batch_0_mux_496_16_1_1, 0, 0, 0, 17</column>
</table>
</item>
<item name = "DSP48"><table name="" hasTotal="0">
<keys size="3">Instance, Module, Expression</keys>
</table>
</item>
<item name = "Memory"><table name="" hasTotal="1">
<keys size="9">Memory, Module, BRAM_18K, FF, LUT, Words, Bits, Banks, W*Bits*Banks</keys>
<column name="weights_m_weights_V_1_U">Matrix_Vector_Activa_weights_m_weights_V_1, 1, 0, 0, 196, 16, 1, 3136</column>
<column name="weights_m_weights_V_10_U">Matrix_Vector_Activa_weights_m_weights_V_10, 1, 0, 0, 196, 16, 1, 3136</column>
<column name="weights_m_weights_V_11_U">Matrix_Vector_Activa_weights_m_weights_V_11, 1, 0, 0, 196, 16, 1, 3136</column>
<column name="weights_m_weights_V_12_U">Matrix_Vector_Activa_weights_m_weights_V_12, 1, 0, 0, 196, 16, 1, 3136</column>
<column name="weights_m_weights_V_13_U">Matrix_Vector_Activa_weights_m_weights_V_13, 1, 0, 0, 196, 16, 1, 3136</column>
<column name="weights_m_weights_V_14_U">Matrix_Vector_Activa_weights_m_weights_V_14, 1, 0, 0, 196, 16, 1, 3136</column>
<column name="weights_m_weights_V_15_U">Matrix_Vector_Activa_weights_m_weights_V_15, 1, 0, 0, 196, 16, 1, 3136</column>
<column name="weights_m_weights_V_2_U">Matrix_Vector_Activa_weights_m_weights_V_2, 1, 0, 0, 196, 16, 1, 3136</column>
<column name="weights_m_weights_V_3_U">Matrix_Vector_Activa_weights_m_weights_V_3, 1, 0, 0, 196, 16, 1, 3136</column>
<column name="weights_m_weights_V_4_U">Matrix_Vector_Activa_weights_m_weights_V_4, 1, 0, 0, 196, 16, 1, 3136</column>
<column name="weights_m_weights_V_5_U">Matrix_Vector_Activa_weights_m_weights_V_5, 1, 0, 0, 196, 16, 1, 3136</column>
<column name="weights_m_weights_V_6_U">Matrix_Vector_Activa_weights_m_weights_V_6, 1, 0, 0, 196, 16, 1, 3136</column>
<column name="weights_m_weights_V_7_U">Matrix_Vector_Activa_weights_m_weights_V_7, 1, 0, 0, 196, 16, 1, 3136</column>
<column name="weights_m_weights_V_8_U">Matrix_Vector_Activa_weights_m_weights_V_8, 1, 0, 0, 196, 16, 1, 3136</column>
<column name="weights_m_weights_V_9_U">Matrix_Vector_Activa_weights_m_weights_V_9, 1, 0, 0, 196, 16, 1, 3136</column>
<column name="weights_m_weights_V_s_U">Matrix_Vector_Activa_weights_m_weights_V_s, 1, 0, 0, 196, 16, 1, 3136</column>
</table>
</item>
<item name = "FIFO"><table name="" hasTotal="1">
<keys size="7">Name, BRAM_18K, FF, LUT, Depth, Bits, Size:D*B</keys>
</table>
</item>
<item name = "Expression"><table name="" hasTotal="1">
<keys size="7">Variable Name, Operation, DSP48E, FF, LUT, Bitwidth P0, Bitwidth P1</keys>
<column name="accu_0_V_fu_9211_p2">+, 0, 0, 32, 32, 32</column>
<column name="accu_10_V_fu_9831_p2">+, 0, 0, 32, 32, 32</column>
<column name="accu_11_V_fu_9893_p2">+, 0, 0, 32, 32, 32</column>
<column name="accu_12_V_fu_9955_p2">+, 0, 0, 32, 32, 32</column>
<column name="accu_13_V_fu_10017_p2">+, 0, 0, 32, 32, 32</column>
<column name="accu_14_V_fu_10079_p2">+, 0, 0, 32, 32, 32</column>
<column name="accu_15_V_fu_10141_p2">+, 0, 0, 32, 32, 32</column>
<column name="accu_1_V_fu_9273_p2">+, 0, 0, 32, 32, 32</column>
<column name="accu_2_V_fu_9335_p2">+, 0, 0, 32, 32, 32</column>
<column name="accu_3_V_fu_9397_p2">+, 0, 0, 32, 32, 32</column>
<column name="accu_4_V_fu_9459_p2">+, 0, 0, 32, 32, 32</column>
<column name="accu_5_V_fu_9521_p2">+, 0, 0, 32, 32, 32</column>
<column name="accu_6_V_fu_9583_p2">+, 0, 0, 32, 32, 32</column>
<column name="accu_7_V_fu_9645_p2">+, 0, 0, 32, 32, 32</column>
<column name="accu_8_V_fu_9707_p2">+, 0, 0, 32, 32, 32</column>
<column name="accu_9_V_fu_9769_p2">+, 0, 0, 32, 32, 32</column>
<column name="i_1_fu_944_p2">+, 0, 0, 15, 8, 1</column>
<column name="nf_fu_1533_p2">+, 0, 0, 39, 1, 32</column>
<column name="sf_1_fu_1504_p2">+, 0, 0, 39, 32, 1</column>
<column name="tile_fu_1498_p2">+, 0, 0, 39, 32, 1</column>
<column name="tmp110_fu_9350_p2">+, 0, 0, 32, 32, 32</column>
<column name="tmp111_fu_9356_p2">+, 0, 0, 9, 2, 2</column>
<column name="tmp112_fu_9366_p2">+, 0, 0, 32, 32, 32</column>
<column name="tmp113_fu_3439_p2">+, 0, 0, 9, 2, 2</column>
<column name="tmp114_fu_3449_p2">+, 0, 0, 9, 2, 2</column>
<column name="tmp115_fu_3459_p2">+, 0, 0, 11, 3, 3</column>
<column name="tmp116_fu_9375_p2">+, 0, 0, 32, 32, 32</column>
<column name="tmp117_fu_3465_p2">+, 0, 0, 9, 2, 2</column>
<column name="tmp118_fu_3475_p2">+, 0, 0, 9, 2, 2</column>
<column name="tmp119_fu_3485_p2">+, 0, 0, 11, 3, 3</column>
<column name="tmp120_fu_3491_p2">+, 0, 0, 9, 2, 2</column>
<column name="tmp121_fu_3501_p2">+, 0, 0, 32, 2, 2</column>
<column name="tmp122_fu_3507_p2">+, 0, 0, 32, 2, 2</column>
<column name="tmp123_fu_3517_p2">+, 0, 0, 11, 3, 3</column>
<column name="tmp124_fu_9387_p2">+, 0, 0, 12, 4, 4</column>
<column name="tmp141_fu_9412_p2">+, 0, 0, 32, 32, 32</column>
<column name="tmp142_fu_9418_p2">+, 0, 0, 9, 2, 2</column>
<column name="tmp143_fu_9428_p2">+, 0, 0, 32, 32, 32</column>
<column name="tmp144_fu_3895_p2">+, 0, 0, 9, 2, 2</column>
<column name="tmp145_fu_3905_p2">+, 0, 0, 9, 2, 2</column>
<column name="tmp146_fu_3915_p2">+, 0, 0, 11, 3, 3</column>
<column name="tmp147_fu_9437_p2">+, 0, 0, 32, 32, 32</column>
<column name="tmp148_fu_3921_p2">+, 0, 0, 9, 2, 2</column>
<column name="tmp149_fu_3931_p2">+, 0, 0, 9, 2, 2</column>
<column name="tmp150_fu_3941_p2">+, 0, 0, 11, 3, 3</column>
<column name="tmp151_fu_3947_p2">+, 0, 0, 9, 2, 2</column>
<column name="tmp152_fu_3957_p2">+, 0, 0, 32, 2, 2</column>
<column name="tmp153_fu_3963_p2">+, 0, 0, 32, 2, 2</column>
<column name="tmp154_fu_3973_p2">+, 0, 0, 11, 3, 3</column>
<column name="tmp155_fu_9449_p2">+, 0, 0, 12, 4, 4</column>
<column name="tmp172_fu_9474_p2">+, 0, 0, 32, 32, 32</column>
<column name="tmp173_fu_9480_p2">+, 0, 0, 9, 2, 2</column>
<column name="tmp174_fu_9490_p2">+, 0, 0, 32, 32, 32</column>
<column name="tmp175_fu_4351_p2">+, 0, 0, 9, 2, 2</column>
<column name="tmp176_fu_4361_p2">+, 0, 0, 9, 2, 2</column>
<column name="tmp177_fu_4371_p2">+, 0, 0, 11, 3, 3</column>
<column name="tmp178_fu_9499_p2">+, 0, 0, 32, 32, 32</column>
<column name="tmp179_fu_4377_p2">+, 0, 0, 9, 2, 2</column>
<column name="tmp17_fu_9164_p2">+, 0, 0, 32, 32, 32</column>
<column name="tmp180_fu_4387_p2">+, 0, 0, 9, 2, 2</column>
<column name="tmp181_fu_4397_p2">+, 0, 0, 11, 3, 3</column>
<column name="tmp182_fu_4403_p2">+, 0, 0, 9, 2, 2</column>
<column name="tmp183_fu_4413_p2">+, 0, 0, 32, 2, 2</column>
<column name="tmp184_fu_4419_p2">+, 0, 0, 32, 2, 2</column>
<column name="tmp185_fu_4429_p2">+, 0, 0, 11, 3, 3</column>
<column name="tmp186_fu_9511_p2">+, 0, 0, 12, 4, 4</column>
<column name="tmp18_fu_9170_p2">+, 0, 0, 9, 2, 2</column>
<column name="tmp19_fu_9180_p2">+, 0, 0, 32, 32, 32</column>
<column name="tmp203_fu_9536_p2">+, 0, 0, 32, 32, 32</column>
<column name="tmp204_fu_9542_p2">+, 0, 0, 9, 2, 2</column>
<column name="tmp205_fu_9552_p2">+, 0, 0, 32, 32, 32</column>
<column name="tmp206_fu_4807_p2">+, 0, 0, 9, 2, 2</column>
<column name="tmp207_fu_4817_p2">+, 0, 0, 9, 2, 2</column>
<column name="tmp208_fu_4827_p2">+, 0, 0, 11, 3, 3</column>
<column name="tmp209_fu_9561_p2">+, 0, 0, 32, 32, 32</column>
<column name="tmp20_fu_2071_p2">+, 0, 0, 9, 2, 2</column>
<column name="tmp210_fu_4833_p2">+, 0, 0, 9, 2, 2</column>
<column name="tmp211_fu_4843_p2">+, 0, 0, 9, 2, 2</column>
<column name="tmp212_fu_4853_p2">+, 0, 0, 11, 3, 3</column>
<column name="tmp213_fu_4859_p2">+, 0, 0, 9, 2, 2</column>
<column name="tmp214_fu_4869_p2">+, 0, 0, 32, 2, 2</column>
<column name="tmp215_fu_4875_p2">+, 0, 0, 32, 2, 2</column>
<column name="tmp216_fu_4885_p2">+, 0, 0, 11, 3, 3</column>
<column name="tmp217_fu_9573_p2">+, 0, 0, 12, 4, 4</column>
<column name="tmp21_fu_2081_p2">+, 0, 0, 9, 2, 2</column>
<column name="tmp22_fu_2091_p2">+, 0, 0, 11, 3, 3</column>
<column name="tmp234_fu_9598_p2">+, 0, 0, 32, 32, 32</column>
<column name="tmp235_fu_9604_p2">+, 0, 0, 9, 2, 2</column>
<column name="tmp236_fu_9614_p2">+, 0, 0, 32, 32, 32</column>
<column name="tmp237_fu_5263_p2">+, 0, 0, 9, 2, 2</column>
<column name="tmp238_fu_5273_p2">+, 0, 0, 9, 2, 2</column>
<column name="tmp239_fu_5283_p2">+, 0, 0, 11, 3, 3</column>
<column name="tmp23_fu_9189_p2">+, 0, 0, 32, 32, 32</column>
<column name="tmp240_fu_9623_p2">+, 0, 0, 32, 32, 32</column>
<column name="tmp241_fu_5289_p2">+, 0, 0, 9, 2, 2</column>
<column name="tmp242_fu_5299_p2">+, 0, 0, 9, 2, 2</column>
<column name="tmp243_fu_5309_p2">+, 0, 0, 11, 3, 3</column>
<column name="tmp244_fu_5315_p2">+, 0, 0, 9, 2, 2</column>
<column name="tmp245_fu_5325_p2">+, 0, 0, 32, 2, 2</column>
<column name="tmp246_fu_5331_p2">+, 0, 0, 32, 2, 2</column>
<column name="tmp247_fu_5341_p2">+, 0, 0, 11, 3, 3</column>
<column name="tmp248_fu_9635_p2">+, 0, 0, 12, 4, 4</column>
<column name="tmp24_fu_2097_p2">+, 0, 0, 9, 2, 2</column>
<column name="tmp25_fu_2107_p2">+, 0, 0, 9, 2, 2</column>
<column name="tmp265_fu_9660_p2">+, 0, 0, 32, 32, 32</column>
<column name="tmp266_fu_9666_p2">+, 0, 0, 9, 2, 2</column>
<column name="tmp267_fu_9676_p2">+, 0, 0, 32, 32, 32</column>
<column name="tmp268_fu_5719_p2">+, 0, 0, 9, 2, 2</column>
<column name="tmp269_fu_5729_p2">+, 0, 0, 9, 2, 2</column>
<column name="tmp26_fu_2117_p2">+, 0, 0, 11, 3, 3</column>
<column name="tmp270_fu_5739_p2">+, 0, 0, 11, 3, 3</column>
<column name="tmp271_fu_9685_p2">+, 0, 0, 32, 32, 32</column>
<column name="tmp272_fu_5745_p2">+, 0, 0, 9, 2, 2</column>
<column name="tmp273_fu_5755_p2">+, 0, 0, 9, 2, 2</column>
<column name="tmp274_fu_5765_p2">+, 0, 0, 11, 3, 3</column>
<column name="tmp275_fu_5771_p2">+, 0, 0, 9, 2, 2</column>
<column name="tmp276_fu_5781_p2">+, 0, 0, 32, 2, 2</column>
<column name="tmp277_fu_5787_p2">+, 0, 0, 32, 2, 2</column>
<column name="tmp278_fu_5797_p2">+, 0, 0, 11, 3, 3</column>
<column name="tmp279_fu_9697_p2">+, 0, 0, 12, 4, 4</column>
<column name="tmp27_fu_2123_p2">+, 0, 0, 9, 2, 2</column>
<column name="tmp28_fu_2133_p2">+, 0, 0, 32, 2, 2</column>
<column name="tmp296_fu_9722_p2">+, 0, 0, 32, 32, 32</column>
<column name="tmp297_fu_9728_p2">+, 0, 0, 9, 2, 2</column>
<column name="tmp298_fu_9738_p2">+, 0, 0, 32, 32, 32</column>
<column name="tmp299_fu_6175_p2">+, 0, 0, 9, 2, 2</column>
<column name="tmp29_fu_2139_p2">+, 0, 0, 32, 2, 2</column>
<column name="tmp300_fu_6185_p2">+, 0, 0, 9, 2, 2</column>
<column name="tmp301_fu_6195_p2">+, 0, 0, 11, 3, 3</column>
<column name="tmp302_fu_9747_p2">+, 0, 0, 32, 32, 32</column>
<column name="tmp303_fu_6201_p2">+, 0, 0, 9, 2, 2</column>
<column name="tmp304_fu_6211_p2">+, 0, 0, 9, 2, 2</column>
<column name="tmp305_fu_6221_p2">+, 0, 0, 11, 3, 3</column>
<column name="tmp306_fu_6227_p2">+, 0, 0, 9, 2, 2</column>
<column name="tmp307_fu_6237_p2">+, 0, 0, 32, 2, 2</column>
<column name="tmp308_fu_6243_p2">+, 0, 0, 32, 2, 2</column>
<column name="tmp309_fu_6253_p2">+, 0, 0, 11, 3, 3</column>
<column name="tmp30_fu_2149_p2">+, 0, 0, 11, 3, 3</column>
<column name="tmp310_fu_9759_p2">+, 0, 0, 12, 4, 4</column>
<column name="tmp31_fu_9201_p2">+, 0, 0, 12, 4, 4</column>
<column name="tmp327_fu_9784_p2">+, 0, 0, 32, 32, 32</column>
<column name="tmp328_fu_9790_p2">+, 0, 0, 9, 2, 2</column>
<column name="tmp329_fu_9800_p2">+, 0, 0, 32, 32, 32</column>
<column name="tmp330_fu_6631_p2">+, 0, 0, 9, 2, 2</column>
<column name="tmp331_fu_6641_p2">+, 0, 0, 9, 2, 2</column>
<column name="tmp332_fu_6651_p2">+, 0, 0, 11, 3, 3</column>
<column name="tmp333_fu_9809_p2">+, 0, 0, 32, 32, 32</column>
<column name="tmp334_fu_6657_p2">+, 0, 0, 9, 2, 2</column>
<column name="tmp335_fu_6667_p2">+, 0, 0, 9, 2, 2</column>
<column name="tmp336_fu_6677_p2">+, 0, 0, 11, 3, 3</column>
<column name="tmp337_fu_6683_p2">+, 0, 0, 9, 2, 2</column>
<column name="tmp338_fu_6693_p2">+, 0, 0, 32, 2, 2</column>
<column name="tmp339_fu_6699_p2">+, 0, 0, 32, 2, 2</column>
<column name="tmp340_fu_6709_p2">+, 0, 0, 11, 3, 3</column>
<column name="tmp341_fu_9821_p2">+, 0, 0, 12, 4, 4</column>
<column name="tmp358_fu_9846_p2">+, 0, 0, 32, 32, 32</column>
<column name="tmp359_fu_9852_p2">+, 0, 0, 9, 2, 2</column>
<column name="tmp360_fu_9862_p2">+, 0, 0, 32, 32, 32</column>
<column name="tmp361_fu_7087_p2">+, 0, 0, 9, 2, 2</column>
<column name="tmp362_fu_7097_p2">+, 0, 0, 9, 2, 2</column>
<column name="tmp363_fu_7107_p2">+, 0, 0, 11, 3, 3</column>
<column name="tmp364_fu_9871_p2">+, 0, 0, 32, 32, 32</column>
<column name="tmp365_fu_7113_p2">+, 0, 0, 9, 2, 2</column>
<column name="tmp366_fu_7123_p2">+, 0, 0, 9, 2, 2</column>
<column name="tmp367_fu_7133_p2">+, 0, 0, 11, 3, 3</column>
<column name="tmp368_fu_7139_p2">+, 0, 0, 9, 2, 2</column>
<column name="tmp369_fu_7149_p2">+, 0, 0, 32, 2, 2</column>
<column name="tmp370_fu_7155_p2">+, 0, 0, 32, 2, 2</column>
<column name="tmp371_fu_7165_p2">+, 0, 0, 11, 3, 3</column>
<column name="tmp372_fu_9883_p2">+, 0, 0, 12, 4, 4</column>
<column name="tmp389_fu_9908_p2">+, 0, 0, 32, 32, 32</column>
<column name="tmp390_fu_9914_p2">+, 0, 0, 9, 2, 2</column>
<column name="tmp391_fu_9924_p2">+, 0, 0, 32, 32, 32</column>
<column name="tmp392_fu_7543_p2">+, 0, 0, 9, 2, 2</column>
<column name="tmp393_fu_7553_p2">+, 0, 0, 9, 2, 2</column>
<column name="tmp394_fu_7563_p2">+, 0, 0, 11, 3, 3</column>
<column name="tmp395_fu_9933_p2">+, 0, 0, 32, 32, 32</column>
<column name="tmp396_fu_7569_p2">+, 0, 0, 9, 2, 2</column>
<column name="tmp397_fu_7579_p2">+, 0, 0, 9, 2, 2</column>
<column name="tmp398_fu_7589_p2">+, 0, 0, 11, 3, 3</column>
<column name="tmp399_fu_7595_p2">+, 0, 0, 9, 2, 2</column>
<column name="tmp400_fu_7605_p2">+, 0, 0, 32, 2, 2</column>
<column name="tmp401_fu_7611_p2">+, 0, 0, 32, 2, 2</column>
<column name="tmp402_fu_7621_p2">+, 0, 0, 11, 3, 3</column>
<column name="tmp403_fu_9945_p2">+, 0, 0, 12, 4, 4</column>
<column name="tmp420_fu_9970_p2">+, 0, 0, 32, 32, 32</column>
<column name="tmp421_fu_9976_p2">+, 0, 0, 9, 2, 2</column>
<column name="tmp422_fu_9986_p2">+, 0, 0, 32, 32, 32</column>
<column name="tmp423_fu_7999_p2">+, 0, 0, 9, 2, 2</column>
<column name="tmp424_fu_8009_p2">+, 0, 0, 9, 2, 2</column>
<column name="tmp425_fu_8019_p2">+, 0, 0, 11, 3, 3</column>
<column name="tmp426_fu_9995_p2">+, 0, 0, 32, 32, 32</column>
<column name="tmp427_fu_8025_p2">+, 0, 0, 9, 2, 2</column>
<column name="tmp428_fu_8035_p2">+, 0, 0, 9, 2, 2</column>
<column name="tmp429_fu_8045_p2">+, 0, 0, 11, 3, 3</column>
<column name="tmp430_fu_8051_p2">+, 0, 0, 9, 2, 2</column>
<column name="tmp431_fu_8061_p2">+, 0, 0, 32, 2, 2</column>
<column name="tmp432_fu_8067_p2">+, 0, 0, 32, 2, 2</column>
<column name="tmp433_fu_8077_p2">+, 0, 0, 11, 3, 3</column>
<column name="tmp434_fu_10007_p2">+, 0, 0, 12, 4, 4</column>
<column name="tmp451_fu_10032_p2">+, 0, 0, 32, 32, 32</column>
<column name="tmp452_fu_10038_p2">+, 0, 0, 9, 2, 2</column>
<column name="tmp453_fu_10048_p2">+, 0, 0, 32, 32, 32</column>
<column name="tmp454_fu_8455_p2">+, 0, 0, 9, 2, 2</column>
<column name="tmp455_fu_8465_p2">+, 0, 0, 9, 2, 2</column>
<column name="tmp456_fu_8475_p2">+, 0, 0, 11, 3, 3</column>
<column name="tmp457_fu_10057_p2">+, 0, 0, 32, 32, 32</column>
<column name="tmp458_fu_8481_p2">+, 0, 0, 9, 2, 2</column>
<column name="tmp459_fu_8491_p2">+, 0, 0, 9, 2, 2</column>
<column name="tmp460_fu_8501_p2">+, 0, 0, 11, 3, 3</column>
<column name="tmp461_fu_8507_p2">+, 0, 0, 9, 2, 2</column>
<column name="tmp462_fu_8517_p2">+, 0, 0, 32, 2, 2</column>
<column name="tmp463_fu_8523_p2">+, 0, 0, 32, 2, 2</column>
<column name="tmp464_fu_8533_p2">+, 0, 0, 11, 3, 3</column>
<column name="tmp465_fu_10069_p2">+, 0, 0, 12, 4, 4</column>
<column name="tmp482_fu_10094_p2">+, 0, 0, 32, 32, 32</column>
<column name="tmp483_fu_10100_p2">+, 0, 0, 9, 2, 2</column>
<column name="tmp484_fu_10110_p2">+, 0, 0, 32, 32, 32</column>
<column name="tmp485_fu_8911_p2">+, 0, 0, 9, 2, 2</column>
<column name="tmp486_fu_8921_p2">+, 0, 0, 9, 2, 2</column>
<column name="tmp487_fu_8931_p2">+, 0, 0, 11, 3, 3</column>
<column name="tmp488_fu_10119_p2">+, 0, 0, 32, 32, 32</column>
<column name="tmp489_fu_8937_p2">+, 0, 0, 9, 2, 2</column>
<column name="tmp48_fu_9226_p2">+, 0, 0, 32, 32, 32</column>
<column name="tmp490_fu_8947_p2">+, 0, 0, 9, 2, 2</column>
<column name="tmp491_fu_8957_p2">+, 0, 0, 11, 3, 3</column>
<column name="tmp492_fu_8963_p2">+, 0, 0, 9, 2, 2</column>
<column name="tmp493_fu_8973_p2">+, 0, 0, 32, 2, 2</column>
<column name="tmp494_fu_8979_p2">+, 0, 0, 32, 2, 2</column>
<column name="tmp495_fu_8989_p2">+, 0, 0, 11, 3, 3</column>
<column name="tmp496_fu_10131_p2">+, 0, 0, 12, 4, 4</column>
<column name="tmp49_fu_9232_p2">+, 0, 0, 9, 2, 2</column>
<column name="tmp50_fu_9242_p2">+, 0, 0, 32, 32, 32</column>
<column name="tmp51_fu_2527_p2">+, 0, 0, 9, 2, 2</column>
<column name="tmp52_fu_2537_p2">+, 0, 0, 9, 2, 2</column>
<column name="tmp53_fu_2547_p2">+, 0, 0, 11, 3, 3</column>
<column name="tmp54_fu_9251_p2">+, 0, 0, 32, 32, 32</column>
<column name="tmp55_fu_2553_p2">+, 0, 0, 9, 2, 2</column>
<column name="tmp56_fu_2563_p2">+, 0, 0, 9, 2, 2</column>
<column name="tmp57_fu_2573_p2">+, 0, 0, 11, 3, 3</column>
<column name="tmp58_fu_2579_p2">+, 0, 0, 9, 2, 2</column>
<column name="tmp59_fu_2589_p2">+, 0, 0, 32, 2, 2</column>
<column name="tmp60_fu_2595_p2">+, 0, 0, 32, 2, 2</column>
<column name="tmp61_fu_2605_p2">+, 0, 0, 11, 3, 3</column>
<column name="tmp62_fu_9263_p2">+, 0, 0, 12, 4, 4</column>
<column name="tmp79_fu_9288_p2">+, 0, 0, 32, 32, 32</column>
<column name="tmp80_fu_9294_p2">+, 0, 0, 9, 2, 2</column>
<column name="tmp81_fu_9304_p2">+, 0, 0, 32, 32, 32</column>
<column name="tmp82_fu_2983_p2">+, 0, 0, 9, 2, 2</column>
<column name="tmp83_fu_2993_p2">+, 0, 0, 9, 2, 2</column>
<column name="tmp84_fu_3003_p2">+, 0, 0, 11, 3, 3</column>
<column name="tmp85_fu_9313_p2">+, 0, 0, 32, 32, 32</column>
<column name="tmp86_fu_3009_p2">+, 0, 0, 9, 2, 2</column>
<column name="tmp87_fu_3019_p2">+, 0, 0, 9, 2, 2</column>
<column name="tmp88_fu_3029_p2">+, 0, 0, 11, 3, 3</column>
<column name="tmp89_fu_3035_p2">+, 0, 0, 9, 2, 2</column>
<column name="tmp90_fu_3045_p2">+, 0, 0, 32, 2, 2</column>
<column name="tmp91_fu_3051_p2">+, 0, 0, 32, 2, 2</column>
<column name="tmp92_fu_3061_p2">+, 0, 0, 11, 3, 3</column>
<column name="tmp93_fu_9325_p2">+, 0, 0, 12, 4, 4</column>
<column name="ap_block_pp0_stage0_01001">and, 0, 0, 2, 1, 1</column>
<column name="ap_block_state2_pp0_stage0_iter0">and, 0, 0, 2, 1, 1</column>
<column name="ap_block_state4_io">and, 0, 0, 2, 1, 1</column>
<column name="ap_predicate_op143_read_state2">and, 0, 0, 2, 1, 1</column>
<column name="exitcond_fu_938_p2">icmp, 0, 0, 11, 8, 7</column>
<column name="tmp_2_fu_1539_p2">icmp, 0, 0, 20, 32, 3</column>
<column name="tmp_4_fu_1472_p2">icmp, 0, 0, 20, 32, 1</column>
<column name="tmp_fu_953_p2">icmp, 0, 0, 20, 32, 1</column>
<column name="tmp_s_fu_1510_p2">icmp, 0, 0, 20, 32, 6</column>
<column name="ult10_fu_10490_p2">icmp, 0, 0, 20, 32, 32</column>
<column name="ult11_fu_10515_p2">icmp, 0, 0, 20, 32, 32</column>
<column name="ult12_fu_10540_p2">icmp, 0, 0, 20, 32, 32</column>
<column name="ult13_fu_10565_p2">icmp, 0, 0, 20, 32, 32</column>
<column name="ult14_fu_10590_p2">icmp, 0, 0, 20, 32, 32</column>
<column name="ult15_fu_10615_p2">icmp, 0, 0, 20, 32, 32</column>
<column name="ult1_fu_10265_p2">icmp, 0, 0, 20, 32, 32</column>
<column name="ult2_fu_10290_p2">icmp, 0, 0, 20, 32, 32</column>
<column name="ult3_fu_10315_p2">icmp, 0, 0, 20, 32, 32</column>
<column name="ult4_fu_10340_p2">icmp, 0, 0, 20, 32, 32</column>
<column name="ult5_fu_10365_p2">icmp, 0, 0, 20, 32, 32</column>
<column name="ult6_fu_10390_p2">icmp, 0, 0, 20, 32, 32</column>
<column name="ult7_fu_10415_p2">icmp, 0, 0, 20, 32, 32</column>
<column name="ult8_fu_10440_p2">icmp, 0, 0, 20, 32, 32</column>
<column name="ult9_fu_10465_p2">icmp, 0, 0, 20, 32, 32</column>
<column name="ult_fu_10240_p2">icmp, 0, 0, 20, 32, 32</column>
<column name="ap_block_pp0_stage0_11001">or, 0, 0, 2, 1, 1</column>
<column name="p_1_fu_1553_p3">select, 0, 0, 32, 1, 1</column>
<column name="p_accu_V_10_fu_9078_p3">select, 0, 0, 32, 1, 1</column>
<column name="p_accu_V_11_fu_9071_p3">select, 0, 0, 32, 1, 1</column>
<column name="p_accu_V_12_fu_9064_p3">select, 0, 0, 32, 1, 1</column>
<column name="p_accu_V_13_fu_9057_p3">select, 0, 0, 32, 1, 1</column>
<column name="p_accu_V_14_fu_9050_p3">select, 0, 0, 32, 1, 1</column>
<column name="p_accu_V_1_fu_9141_p3">select, 0, 0, 32, 1, 1</column>
<column name="p_accu_V_2_fu_9134_p3">select, 0, 0, 32, 1, 1</column>
<column name="p_accu_V_3_fu_9127_p3">select, 0, 0, 32, 1, 1</column>
<column name="p_accu_V_4_fu_9120_p3">select, 0, 0, 32, 1, 1</column>
<column name="p_accu_V_5_fu_9113_p3">select, 0, 0, 32, 1, 1</column>
<column name="p_accu_V_6_fu_9106_p3">select, 0, 0, 32, 1, 1</column>
<column name="p_accu_V_7_fu_9099_p3">select, 0, 0, 32, 1, 1</column>
<column name="p_accu_V_8_fu_9092_p3">select, 0, 0, 32, 1, 1</column>
<column name="p_accu_V_9_fu_9085_p3">select, 0, 0, 32, 1, 1</column>
<column name="p_accu_V_fu_9148_p3">select, 0, 0, 32, 1, 1</column>
<column name="p_accu_V_s_fu_9043_p3">select, 0, 0, 32, 1, 1</column>
<column name="p_s_fu_1545_p3">select, 0, 0, 32, 1, 1</column>
<column name="ap_enable_pp0">xor, 0, 0, 2, 1, 2</column>
<column name="ap_enable_reg_pp0_iter1">xor, 0, 0, 2, 2, 1</column>
<column name="rev10_fu_10496_p2">xor, 0, 0, 2, 1, 2</column>
<column name="rev11_fu_10521_p2">xor, 0, 0, 2, 1, 2</column>
<column name="rev12_fu_10546_p2">xor, 0, 0, 2, 1, 2</column>
<column name="rev13_fu_10571_p2">xor, 0, 0, 2, 1, 2</column>
<column name="rev14_fu_10596_p2">xor, 0, 0, 2, 1, 2</column>
<column name="rev15_fu_10621_p2">xor, 0, 0, 2, 1, 2</column>
<column name="rev1_fu_10271_p2">xor, 0, 0, 2, 1, 2</column>
<column name="rev2_fu_10296_p2">xor, 0, 0, 2, 1, 2</column>
<column name="rev3_fu_10321_p2">xor, 0, 0, 2, 1, 2</column>
<column name="rev4_fu_10346_p2">xor, 0, 0, 2, 1, 2</column>
<column name="rev5_fu_10371_p2">xor, 0, 0, 2, 1, 2</column>
<column name="rev6_fu_10396_p2">xor, 0, 0, 2, 1, 2</column>
<column name="rev7_fu_10421_p2">xor, 0, 0, 2, 1, 2</column>
<column name="rev8_fu_10446_p2">xor, 0, 0, 2, 1, 2</column>
<column name="rev9_fu_10471_p2">xor, 0, 0, 2, 1, 2</column>
<column name="rev_fu_10246_p2">xor, 0, 0, 2, 1, 2</column>
<column name="tmp100_fu_3219_p2">xor, 0, 0, 2, 1, 1</column>
<column name="tmp101_fu_3243_p2">xor, 0, 0, 2, 1, 1</column>
<column name="tmp102_fu_3267_p2">xor, 0, 0, 2, 1, 1</column>
<column name="tmp103_fu_3291_p2">xor, 0, 0, 2, 1, 1</column>
<column name="tmp104_fu_3315_p2">xor, 0, 0, 2, 1, 1</column>
<column name="tmp105_fu_3339_p2">xor, 0, 0, 2, 1, 1</column>
<column name="tmp106_fu_3363_p2">xor, 0, 0, 2, 1, 1</column>
<column name="tmp107_fu_3383_p2">xor, 0, 0, 2, 1, 1</column>
<column name="tmp108_fu_3403_p2">xor, 0, 0, 2, 1, 1</column>
<column name="tmp109_fu_3423_p2">xor, 0, 0, 2, 1, 1</column>
<column name="tmp10_fu_1875_p2">xor, 0, 0, 2, 1, 1</column>
<column name="tmp11_fu_1907_p2">xor, 0, 0, 2, 1, 1</column>
<column name="tmp125_fu_3531_p2">xor, 0, 0, 2, 1, 1</column>
<column name="tmp126_fu_3555_p2">xor, 0, 0, 2, 1, 1</column>
<column name="tmp127_fu_3579_p2">xor, 0, 0, 2, 1, 1</column>
<column name="tmp128_fu_3603_p2">xor, 0, 0, 2, 1, 1</column>
<column name="tmp129_fu_3627_p2">xor, 0, 0, 2, 1, 1</column>
<column name="tmp12_fu_1939_p2">xor, 0, 0, 2, 1, 1</column>
<column name="tmp130_fu_3651_p2">xor, 0, 0, 2, 1, 1</column>
<column name="tmp131_fu_3675_p2">xor, 0, 0, 2, 1, 1</column>
<column name="tmp132_fu_3699_p2">xor, 0, 0, 2, 1, 1</column>
<column name="tmp133_fu_3723_p2">xor, 0, 0, 2, 1, 1</column>
<column name="tmp134_fu_3747_p2">xor, 0, 0, 2, 1, 1</column>
<column name="tmp135_fu_3771_p2">xor, 0, 0, 2, 1, 1</column>
<column name="tmp136_fu_3795_p2">xor, 0, 0, 2, 1, 1</column>
<column name="tmp137_fu_3819_p2">xor, 0, 0, 2, 1, 1</column>
<column name="tmp138_fu_3839_p2">xor, 0, 0, 2, 1, 1</column>
<column name="tmp139_fu_3859_p2">xor, 0, 0, 2, 1, 1</column>
<column name="tmp13_fu_1971_p2">xor, 0, 0, 2, 1, 1</column>
<column name="tmp140_fu_3879_p2">xor, 0, 0, 2, 1, 1</column>
<column name="tmp14_fu_1999_p2">xor, 0, 0, 2, 1, 1</column>
<column name="tmp156_fu_3987_p2">xor, 0, 0, 2, 1, 1</column>
<column name="tmp157_fu_4011_p2">xor, 0, 0, 2, 1, 1</column>
<column name="tmp158_fu_4035_p2">xor, 0, 0, 2, 1, 1</column>
<column name="tmp159_fu_4059_p2">xor, 0, 0, 2, 1, 1</column>
<column name="tmp15_fu_2027_p2">xor, 0, 0, 2, 1, 1</column>
<column name="tmp160_fu_4083_p2">xor, 0, 0, 2, 1, 1</column>
<column name="tmp161_fu_4107_p2">xor, 0, 0, 2, 1, 1</column>
<column name="tmp162_fu_4131_p2">xor, 0, 0, 2, 1, 1</column>
<column name="tmp163_fu_4155_p2">xor, 0, 0, 2, 1, 1</column>
<column name="tmp164_fu_4179_p2">xor, 0, 0, 2, 1, 1</column>
<column name="tmp165_fu_4203_p2">xor, 0, 0, 2, 1, 1</column>
<column name="tmp166_fu_4227_p2">xor, 0, 0, 2, 1, 1</column>
<column name="tmp167_fu_4251_p2">xor, 0, 0, 2, 1, 1</column>
<column name="tmp168_fu_4275_p2">xor, 0, 0, 2, 1, 1</column>
<column name="tmp169_fu_4295_p2">xor, 0, 0, 2, 1, 1</column>
<column name="tmp16_fu_2055_p2">xor, 0, 0, 2, 1, 1</column>
<column name="tmp170_fu_4315_p2">xor, 0, 0, 2, 1, 1</column>
<column name="tmp171_fu_4335_p2">xor, 0, 0, 2, 1, 1</column>
<column name="tmp187_fu_4443_p2">xor, 0, 0, 2, 1, 1</column>
<column name="tmp188_fu_4467_p2">xor, 0, 0, 2, 1, 1</column>
<column name="tmp189_fu_4491_p2">xor, 0, 0, 2, 1, 1</column>
<column name="tmp190_fu_4515_p2">xor, 0, 0, 2, 1, 1</column>
<column name="tmp191_fu_4539_p2">xor, 0, 0, 2, 1, 1</column>
<column name="tmp192_fu_4563_p2">xor, 0, 0, 2, 1, 1</column>
<column name="tmp193_fu_4587_p2">xor, 0, 0, 2, 1, 1</column>
<column name="tmp194_fu_4611_p2">xor, 0, 0, 2, 1, 1</column>
<column name="tmp195_fu_4635_p2">xor, 0, 0, 2, 1, 1</column>
<column name="tmp196_fu_4659_p2">xor, 0, 0, 2, 1, 1</column>
<column name="tmp197_fu_4683_p2">xor, 0, 0, 2, 1, 1</column>
<column name="tmp198_fu_4707_p2">xor, 0, 0, 2, 1, 1</column>
<column name="tmp199_fu_4731_p2">xor, 0, 0, 2, 1, 1</column>
<column name="tmp1_fu_1587_p2">xor, 0, 0, 2, 1, 1</column>
<column name="tmp200_fu_4751_p2">xor, 0, 0, 2, 1, 1</column>
<column name="tmp201_fu_4771_p2">xor, 0, 0, 2, 1, 1</column>
<column name="tmp202_fu_4791_p2">xor, 0, 0, 2, 1, 1</column>
<column name="tmp218_fu_4899_p2">xor, 0, 0, 2, 1, 1</column>
<column name="tmp219_fu_4923_p2">xor, 0, 0, 2, 1, 1</column>
<column name="tmp220_fu_4947_p2">xor, 0, 0, 2, 1, 1</column>
<column name="tmp221_fu_4971_p2">xor, 0, 0, 2, 1, 1</column>
<column name="tmp222_fu_4995_p2">xor, 0, 0, 2, 1, 1</column>
<column name="tmp223_fu_5019_p2">xor, 0, 0, 2, 1, 1</column>
<column name="tmp224_fu_5043_p2">xor, 0, 0, 2, 1, 1</column>
<column name="tmp225_fu_5067_p2">xor, 0, 0, 2, 1, 1</column>
<column name="tmp226_fu_5091_p2">xor, 0, 0, 2, 1, 1</column>
<column name="tmp227_fu_5115_p2">xor, 0, 0, 2, 1, 1</column>
<column name="tmp228_fu_5139_p2">xor, 0, 0, 2, 1, 1</column>
<column name="tmp229_fu_5163_p2">xor, 0, 0, 2, 1, 1</column>
<column name="tmp230_fu_5187_p2">xor, 0, 0, 2, 1, 1</column>
<column name="tmp231_fu_5207_p2">xor, 0, 0, 2, 1, 1</column>
<column name="tmp232_fu_5227_p2">xor, 0, 0, 2, 1, 1</column>
<column name="tmp233_fu_5247_p2">xor, 0, 0, 2, 1, 1</column>
<column name="tmp249_fu_5355_p2">xor, 0, 0, 2, 1, 1</column>
<column name="tmp250_fu_5379_p2">xor, 0, 0, 2, 1, 1</column>
<column name="tmp251_fu_5403_p2">xor, 0, 0, 2, 1, 1</column>
<column name="tmp252_fu_5427_p2">xor, 0, 0, 2, 1, 1</column>
<column name="tmp253_fu_5451_p2">xor, 0, 0, 2, 1, 1</column>
<column name="tmp254_fu_5475_p2">xor, 0, 0, 2, 1, 1</column>
<column name="tmp255_fu_5499_p2">xor, 0, 0, 2, 1, 1</column>
<column name="tmp256_fu_5523_p2">xor, 0, 0, 2, 1, 1</column>
<column name="tmp257_fu_5547_p2">xor, 0, 0, 2, 1, 1</column>
<column name="tmp258_fu_5571_p2">xor, 0, 0, 2, 1, 1</column>
<column name="tmp259_fu_5595_p2">xor, 0, 0, 2, 1, 1</column>
<column name="tmp260_fu_5619_p2">xor, 0, 0, 2, 1, 1</column>
<column name="tmp261_fu_5643_p2">xor, 0, 0, 2, 1, 1</column>
<column name="tmp262_fu_5663_p2">xor, 0, 0, 2, 1, 1</column>
<column name="tmp263_fu_5683_p2">xor, 0, 0, 2, 1, 1</column>
<column name="tmp264_fu_5703_p2">xor, 0, 0, 2, 1, 1</column>
<column name="tmp280_fu_5811_p2">xor, 0, 0, 2, 1, 1</column>
<column name="tmp281_fu_5835_p2">xor, 0, 0, 2, 1, 1</column>
<column name="tmp282_fu_5859_p2">xor, 0, 0, 2, 1, 1</column>
<column name="tmp283_fu_5883_p2">xor, 0, 0, 2, 1, 1</column>
<column name="tmp284_fu_5907_p2">xor, 0, 0, 2, 1, 1</column>
<column name="tmp285_fu_5931_p2">xor, 0, 0, 2, 1, 1</column>
<column name="tmp286_fu_5955_p2">xor, 0, 0, 2, 1, 1</column>
<column name="tmp287_fu_5979_p2">xor, 0, 0, 2, 1, 1</column>
<column name="tmp288_fu_6003_p2">xor, 0, 0, 2, 1, 1</column>
<column name="tmp289_fu_6027_p2">xor, 0, 0, 2, 1, 1</column>
<column name="tmp290_fu_6051_p2">xor, 0, 0, 2, 1, 1</column>
<column name="tmp291_fu_6075_p2">xor, 0, 0, 2, 1, 1</column>
<column name="tmp292_fu_6099_p2">xor, 0, 0, 2, 1, 1</column>
<column name="tmp293_fu_6119_p2">xor, 0, 0, 2, 1, 1</column>
<column name="tmp294_fu_6139_p2">xor, 0, 0, 2, 1, 1</column>
<column name="tmp295_fu_6159_p2">xor, 0, 0, 2, 1, 1</column>
<column name="tmp2_fu_1619_p2">xor, 0, 0, 2, 1, 1</column>
<column name="tmp311_fu_6267_p2">xor, 0, 0, 2, 1, 1</column>
<column name="tmp312_fu_6291_p2">xor, 0, 0, 2, 1, 1</column>
<column name="tmp313_fu_6315_p2">xor, 0, 0, 2, 1, 1</column>
<column name="tmp314_fu_6339_p2">xor, 0, 0, 2, 1, 1</column>
<column name="tmp315_fu_6363_p2">xor, 0, 0, 2, 1, 1</column>
<column name="tmp316_fu_6387_p2">xor, 0, 0, 2, 1, 1</column>
<column name="tmp317_fu_6411_p2">xor, 0, 0, 2, 1, 1</column>
<column name="tmp318_fu_6435_p2">xor, 0, 0, 2, 1, 1</column>
<column name="tmp319_fu_6459_p2">xor, 0, 0, 2, 1, 1</column>
<column name="tmp320_fu_6483_p2">xor, 0, 0, 2, 1, 1</column>
<column name="tmp321_fu_6507_p2">xor, 0, 0, 2, 1, 1</column>
<column name="tmp322_fu_6531_p2">xor, 0, 0, 2, 1, 1</column>
<column name="tmp323_fu_6555_p2">xor, 0, 0, 2, 1, 1</column>
<column name="tmp324_fu_6575_p2">xor, 0, 0, 2, 1, 1</column>
<column name="tmp325_fu_6595_p2">xor, 0, 0, 2, 1, 1</column>
<column name="tmp326_fu_6615_p2">xor, 0, 0, 2, 1, 1</column>
<column name="tmp32_fu_2163_p2">xor, 0, 0, 2, 1, 1</column>
<column name="tmp33_fu_2187_p2">xor, 0, 0, 2, 1, 1</column>
<column name="tmp342_fu_6723_p2">xor, 0, 0, 2, 1, 1</column>
<column name="tmp343_fu_6747_p2">xor, 0, 0, 2, 1, 1</column>
<column name="tmp344_fu_6771_p2">xor, 0, 0, 2, 1, 1</column>
<column name="tmp345_fu_6795_p2">xor, 0, 0, 2, 1, 1</column>
<column name="tmp346_fu_6819_p2">xor, 0, 0, 2, 1, 1</column>
<column name="tmp347_fu_6843_p2">xor, 0, 0, 2, 1, 1</column>
<column name="tmp348_fu_6867_p2">xor, 0, 0, 2, 1, 1</column>
<column name="tmp349_fu_6891_p2">xor, 0, 0, 2, 1, 1</column>
<column name="tmp34_fu_2211_p2">xor, 0, 0, 2, 1, 1</column>
<column name="tmp350_fu_6915_p2">xor, 0, 0, 2, 1, 1</column>
<column name="tmp351_fu_6939_p2">xor, 0, 0, 2, 1, 1</column>
<column name="tmp352_fu_6963_p2">xor, 0, 0, 2, 1, 1</column>
<column name="tmp353_fu_6987_p2">xor, 0, 0, 2, 1, 1</column>
<column name="tmp354_fu_7011_p2">xor, 0, 0, 2, 1, 1</column>
<column name="tmp355_fu_7031_p2">xor, 0, 0, 2, 1, 1</column>
<column name="tmp356_fu_7051_p2">xor, 0, 0, 2, 1, 1</column>
<column name="tmp357_fu_7071_p2">xor, 0, 0, 2, 1, 1</column>
<column name="tmp35_fu_2235_p2">xor, 0, 0, 2, 1, 1</column>
<column name="tmp36_fu_2259_p2">xor, 0, 0, 2, 1, 1</column>
<column name="tmp373_fu_7179_p2">xor, 0, 0, 2, 1, 1</column>
<column name="tmp374_fu_7203_p2">xor, 0, 0, 2, 1, 1</column>
<column name="tmp375_fu_7227_p2">xor, 0, 0, 2, 1, 1</column>
<column name="tmp376_fu_7251_p2">xor, 0, 0, 2, 1, 1</column>
<column name="tmp377_fu_7275_p2">xor, 0, 0, 2, 1, 1</column>
<column name="tmp378_fu_7299_p2">xor, 0, 0, 2, 1, 1</column>
<column name="tmp379_fu_7323_p2">xor, 0, 0, 2, 1, 1</column>
<column name="tmp37_fu_2283_p2">xor, 0, 0, 2, 1, 1</column>
<column name="tmp380_fu_7347_p2">xor, 0, 0, 2, 1, 1</column>
<column name="tmp381_fu_7371_p2">xor, 0, 0, 2, 1, 1</column>
<column name="tmp382_fu_7395_p2">xor, 0, 0, 2, 1, 1</column>
<column name="tmp383_fu_7419_p2">xor, 0, 0, 2, 1, 1</column>
<column name="tmp384_fu_7443_p2">xor, 0, 0, 2, 1, 1</column>
<column name="tmp385_fu_7467_p2">xor, 0, 0, 2, 1, 1</column>
<column name="tmp386_fu_7487_p2">xor, 0, 0, 2, 1, 1</column>
<column name="tmp387_fu_7507_p2">xor, 0, 0, 2, 1, 1</column>
<column name="tmp388_fu_7527_p2">xor, 0, 0, 2, 1, 1</column>
<column name="tmp38_fu_2307_p2">xor, 0, 0, 2, 1, 1</column>
<column name="tmp39_fu_2331_p2">xor, 0, 0, 2, 1, 1</column>
<column name="tmp3_fu_1651_p2">xor, 0, 0, 2, 1, 1</column>
<column name="tmp404_fu_7635_p2">xor, 0, 0, 2, 1, 1</column>
<column name="tmp405_fu_7659_p2">xor, 0, 0, 2, 1, 1</column>
<column name="tmp406_fu_7683_p2">xor, 0, 0, 2, 1, 1</column>
<column name="tmp407_fu_7707_p2">xor, 0, 0, 2, 1, 1</column>
<column name="tmp408_fu_7731_p2">xor, 0, 0, 2, 1, 1</column>
<column name="tmp409_fu_7755_p2">xor, 0, 0, 2, 1, 1</column>
<column name="tmp40_fu_2355_p2">xor, 0, 0, 2, 1, 1</column>
<column name="tmp410_fu_7779_p2">xor, 0, 0, 2, 1, 1</column>
<column name="tmp411_fu_7803_p2">xor, 0, 0, 2, 1, 1</column>
<column name="tmp412_fu_7827_p2">xor, 0, 0, 2, 1, 1</column>
<column name="tmp413_fu_7851_p2">xor, 0, 0, 2, 1, 1</column>
<column name="tmp414_fu_7875_p2">xor, 0, 0, 2, 1, 1</column>
<column name="tmp415_fu_7899_p2">xor, 0, 0, 2, 1, 1</column>
<column name="tmp416_fu_7923_p2">xor, 0, 0, 2, 1, 1</column>
<column name="tmp417_fu_7943_p2">xor, 0, 0, 2, 1, 1</column>
<column name="tmp418_fu_7963_p2">xor, 0, 0, 2, 1, 1</column>
<column name="tmp419_fu_7983_p2">xor, 0, 0, 2, 1, 1</column>
<column name="tmp41_fu_2379_p2">xor, 0, 0, 2, 1, 1</column>
<column name="tmp42_fu_2403_p2">xor, 0, 0, 2, 1, 1</column>
<column name="tmp435_fu_8091_p2">xor, 0, 0, 2, 1, 1</column>
<column name="tmp436_fu_8115_p2">xor, 0, 0, 2, 1, 1</column>
<column name="tmp437_fu_8139_p2">xor, 0, 0, 2, 1, 1</column>
<column name="tmp438_fu_8163_p2">xor, 0, 0, 2, 1, 1</column>
<column name="tmp439_fu_8187_p2">xor, 0, 0, 2, 1, 1</column>
<column name="tmp43_fu_2427_p2">xor, 0, 0, 2, 1, 1</column>
<column name="tmp440_fu_8211_p2">xor, 0, 0, 2, 1, 1</column>
<column name="tmp441_fu_8235_p2">xor, 0, 0, 2, 1, 1</column>
<column name="tmp442_fu_8259_p2">xor, 0, 0, 2, 1, 1</column>
<column name="tmp443_fu_8283_p2">xor, 0, 0, 2, 1, 1</column>
<column name="tmp444_fu_8307_p2">xor, 0, 0, 2, 1, 1</column>
<column name="tmp445_fu_8331_p2">xor, 0, 0, 2, 1, 1</column>
<column name="tmp446_fu_8355_p2">xor, 0, 0, 2, 1, 1</column>
<column name="tmp447_fu_8379_p2">xor, 0, 0, 2, 1, 1</column>
<column name="tmp448_fu_8399_p2">xor, 0, 0, 2, 1, 1</column>
<column name="tmp449_fu_8419_p2">xor, 0, 0, 2, 1, 1</column>
<column name="tmp44_fu_2451_p2">xor, 0, 0, 2, 1, 1</column>
<column name="tmp450_fu_8439_p2">xor, 0, 0, 2, 1, 1</column>
<column name="tmp45_fu_2471_p2">xor, 0, 0, 2, 1, 1</column>
<column name="tmp466_fu_8547_p2">xor, 0, 0, 2, 1, 1</column>
<column name="tmp467_fu_8571_p2">xor, 0, 0, 2, 1, 1</column>
<column name="tmp468_fu_8595_p2">xor, 0, 0, 2, 1, 1</column>
<column name="tmp469_fu_8619_p2">xor, 0, 0, 2, 1, 1</column>
<column name="tmp46_fu_2491_p2">xor, 0, 0, 2, 1, 1</column>
<column name="tmp470_fu_8643_p2">xor, 0, 0, 2, 1, 1</column>
<column name="tmp471_fu_8667_p2">xor, 0, 0, 2, 1, 1</column>
<column name="tmp472_fu_8691_p2">xor, 0, 0, 2, 1, 1</column>
<column name="tmp473_fu_8715_p2">xor, 0, 0, 2, 1, 1</column>
<column name="tmp474_fu_8739_p2">xor, 0, 0, 2, 1, 1</column>
<column name="tmp475_fu_8763_p2">xor, 0, 0, 2, 1, 1</column>
<column name="tmp476_fu_8787_p2">xor, 0, 0, 2, 1, 1</column>
<column name="tmp477_fu_8811_p2">xor, 0, 0, 2, 1, 1</column>
<column name="tmp478_fu_8835_p2">xor, 0, 0, 2, 1, 1</column>
<column name="tmp479_fu_8855_p2">xor, 0, 0, 2, 1, 1</column>
<column name="tmp47_fu_2511_p2">xor, 0, 0, 2, 1, 1</column>
<column name="tmp480_fu_8875_p2">xor, 0, 0, 2, 1, 1</column>
<column name="tmp481_fu_8895_p2">xor, 0, 0, 2, 1, 1</column>
<column name="tmp4_fu_1683_p2">xor, 0, 0, 2, 1, 1</column>
<column name="tmp5_fu_1715_p2">xor, 0, 0, 2, 1, 1</column>
<column name="tmp63_fu_2619_p2">xor, 0, 0, 2, 1, 1</column>
<column name="tmp64_fu_2643_p2">xor, 0, 0, 2, 1, 1</column>
<column name="tmp65_fu_2667_p2">xor, 0, 0, 2, 1, 1</column>
<column name="tmp66_fu_2691_p2">xor, 0, 0, 2, 1, 1</column>
<column name="tmp67_fu_2715_p2">xor, 0, 0, 2, 1, 1</column>
<column name="tmp68_fu_2739_p2">xor, 0, 0, 2, 1, 1</column>
<column name="tmp69_fu_2763_p2">xor, 0, 0, 2, 1, 1</column>
<column name="tmp6_fu_1747_p2">xor, 0, 0, 2, 1, 1</column>
<column name="tmp70_fu_2787_p2">xor, 0, 0, 2, 1, 1</column>
<column name="tmp71_fu_2811_p2">xor, 0, 0, 2, 1, 1</column>
<column name="tmp72_fu_2835_p2">xor, 0, 0, 2, 1, 1</column>
<column name="tmp73_fu_2859_p2">xor, 0, 0, 2, 1, 1</column>
<column name="tmp74_fu_2883_p2">xor, 0, 0, 2, 1, 1</column>
<column name="tmp75_fu_2907_p2">xor, 0, 0, 2, 1, 1</column>
<column name="tmp76_fu_2927_p2">xor, 0, 0, 2, 1, 1</column>
<column name="tmp77_fu_2947_p2">xor, 0, 0, 2, 1, 1</column>
<column name="tmp78_fu_2967_p2">xor, 0, 0, 2, 1, 1</column>
<column name="tmp7_fu_1779_p2">xor, 0, 0, 2, 1, 1</column>
<column name="tmp8_fu_1811_p2">xor, 0, 0, 2, 1, 1</column>
<column name="tmp94_fu_3075_p2">xor, 0, 0, 2, 1, 1</column>
<column name="tmp95_fu_3099_p2">xor, 0, 0, 2, 1, 1</column>
<column name="tmp96_fu_3123_p2">xor, 0, 0, 2, 1, 1</column>
<column name="tmp97_fu_3147_p2">xor, 0, 0, 2, 1, 1</column>
<column name="tmp98_fu_3171_p2">xor, 0, 0, 2, 1, 1</column>
<column name="tmp99_fu_3195_p2">xor, 0, 0, 2, 1, 1</column>
<column name="tmp9_fu_1843_p2">xor, 0, 0, 2, 1, 1</column>
<column name="tmp_12_0_10_fu_1945_p2">xor, 0, 0, 2, 1, 2</column>
<column name="tmp_12_0_11_fu_1977_p2">xor, 0, 0, 2, 1, 2</column>
<column name="tmp_12_0_12_fu_2005_p2">xor, 0, 0, 2, 1, 2</column>
<column name="tmp_12_0_13_fu_2033_p2">xor, 0, 0, 2, 1, 2</column>
<column name="tmp_12_0_14_fu_2061_p2">xor, 0, 0, 2, 1, 2</column>
<column name="tmp_12_0_1_fu_1625_p2">xor, 0, 0, 2, 1, 2</column>
<column name="tmp_12_0_2_fu_1657_p2">xor, 0, 0, 2, 1, 2</column>
<column name="tmp_12_0_3_fu_1689_p2">xor, 0, 0, 2, 1, 2</column>
<column name="tmp_12_0_4_fu_1721_p2">xor, 0, 0, 2, 1, 2</column>
<column name="tmp_12_0_5_fu_1753_p2">xor, 0, 0, 2, 1, 2</column>
<column name="tmp_12_0_6_fu_1785_p2">xor, 0, 0, 2, 1, 2</column>
<column name="tmp_12_0_7_fu_1817_p2">xor, 0, 0, 2, 1, 2</column>
<column name="tmp_12_0_8_fu_1849_p2">xor, 0, 0, 2, 1, 2</column>
<column name="tmp_12_0_9_fu_1881_p2">xor, 0, 0, 2, 1, 2</column>
<column name="tmp_12_0_s_fu_1913_p2">xor, 0, 0, 2, 1, 2</column>
<column name="tmp_12_10_10_fu_6537_p2">xor, 0, 0, 2, 1, 2</column>
<column name="tmp_12_10_11_fu_6561_p2">xor, 0, 0, 2, 1, 2</column>
<column name="tmp_12_10_12_fu_6581_p2">xor, 0, 0, 2, 1, 2</column>
<column name="tmp_12_10_13_fu_6601_p2">xor, 0, 0, 2, 1, 2</column>
<column name="tmp_12_10_14_fu_6621_p2">xor, 0, 0, 2, 1, 2</column>
<column name="tmp_12_10_1_fu_6297_p2">xor, 0, 0, 2, 1, 2</column>
<column name="tmp_12_10_2_fu_6321_p2">xor, 0, 0, 2, 1, 2</column>
<column name="tmp_12_10_3_fu_6345_p2">xor, 0, 0, 2, 1, 2</column>
<column name="tmp_12_10_4_fu_6369_p2">xor, 0, 0, 2, 1, 2</column>
<column name="tmp_12_10_5_fu_6393_p2">xor, 0, 0, 2, 1, 2</column>
<column name="tmp_12_10_6_fu_6417_p2">xor, 0, 0, 2, 1, 2</column>
<column name="tmp_12_10_7_fu_6441_p2">xor, 0, 0, 2, 1, 2</column>
<column name="tmp_12_10_8_fu_6465_p2">xor, 0, 0, 2, 1, 2</column>
<column name="tmp_12_10_9_fu_6489_p2">xor, 0, 0, 2, 1, 2</column>
<column name="tmp_12_10_fu_6729_p2">xor, 0, 0, 2, 1, 2</column>
<column name="tmp_12_10_s_fu_6513_p2">xor, 0, 0, 2, 1, 2</column>
<column name="tmp_12_11_10_fu_6993_p2">xor, 0, 0, 2, 1, 2</column>
<column name="tmp_12_11_11_fu_7017_p2">xor, 0, 0, 2, 1, 2</column>
<column name="tmp_12_11_12_fu_7037_p2">xor, 0, 0, 2, 1, 2</column>
<column name="tmp_12_11_13_fu_7057_p2">xor, 0, 0, 2, 1, 2</column>
<column name="tmp_12_11_14_fu_7077_p2">xor, 0, 0, 2, 1, 2</column>
<column name="tmp_12_11_1_fu_6753_p2">xor, 0, 0, 2, 1, 2</column>
<column name="tmp_12_11_2_fu_6777_p2">xor, 0, 0, 2, 1, 2</column>
<column name="tmp_12_11_3_fu_6801_p2">xor, 0, 0, 2, 1, 2</column>
<column name="tmp_12_11_4_fu_6825_p2">xor, 0, 0, 2, 1, 2</column>
<column name="tmp_12_11_5_fu_6849_p2">xor, 0, 0, 2, 1, 2</column>
<column name="tmp_12_11_6_fu_6873_p2">xor, 0, 0, 2, 1, 2</column>
<column name="tmp_12_11_7_fu_6897_p2">xor, 0, 0, 2, 1, 2</column>
<column name="tmp_12_11_8_fu_6921_p2">xor, 0, 0, 2, 1, 2</column>
<column name="tmp_12_11_9_fu_6945_p2">xor, 0, 0, 2, 1, 2</column>
<column name="tmp_12_11_fu_7185_p2">xor, 0, 0, 2, 1, 2</column>
<column name="tmp_12_11_s_fu_6969_p2">xor, 0, 0, 2, 1, 2</column>
<column name="tmp_12_12_10_fu_7449_p2">xor, 0, 0, 2, 1, 2</column>
<column name="tmp_12_12_11_fu_7473_p2">xor, 0, 0, 2, 1, 2</column>
<column name="tmp_12_12_12_fu_7493_p2">xor, 0, 0, 2, 1, 2</column>
<column name="tmp_12_12_13_fu_7513_p2">xor, 0, 0, 2, 1, 2</column>
<column name="tmp_12_12_14_fu_7533_p2">xor, 0, 0, 2, 1, 2</column>
<column name="tmp_12_12_1_fu_7209_p2">xor, 0, 0, 2, 1, 2</column>
<column name="tmp_12_12_2_fu_7233_p2">xor, 0, 0, 2, 1, 2</column>
<column name="tmp_12_12_3_fu_7257_p2">xor, 0, 0, 2, 1, 2</column>
<column name="tmp_12_12_4_fu_7281_p2">xor, 0, 0, 2, 1, 2</column>
<column name="tmp_12_12_5_fu_7305_p2">xor, 0, 0, 2, 1, 2</column>
<column name="tmp_12_12_6_fu_7329_p2">xor, 0, 0, 2, 1, 2</column>
<column name="tmp_12_12_7_fu_7353_p2">xor, 0, 0, 2, 1, 2</column>
<column name="tmp_12_12_8_fu_7377_p2">xor, 0, 0, 2, 1, 2</column>
<column name="tmp_12_12_9_fu_7401_p2">xor, 0, 0, 2, 1, 2</column>
<column name="tmp_12_12_fu_7641_p2">xor, 0, 0, 2, 1, 2</column>
<column name="tmp_12_12_s_fu_7425_p2">xor, 0, 0, 2, 1, 2</column>
<column name="tmp_12_13_10_fu_7905_p2">xor, 0, 0, 2, 1, 2</column>
<column name="tmp_12_13_11_fu_7929_p2">xor, 0, 0, 2, 1, 2</column>
<column name="tmp_12_13_12_fu_7949_p2">xor, 0, 0, 2, 1, 2</column>
<column name="tmp_12_13_13_fu_7969_p2">xor, 0, 0, 2, 1, 2</column>
<column name="tmp_12_13_14_fu_7989_p2">xor, 0, 0, 2, 1, 2</column>
<column name="tmp_12_13_1_fu_7665_p2">xor, 0, 0, 2, 1, 2</column>
<column name="tmp_12_13_2_fu_7689_p2">xor, 0, 0, 2, 1, 2</column>
<column name="tmp_12_13_3_fu_7713_p2">xor, 0, 0, 2, 1, 2</column>
<column name="tmp_12_13_4_fu_7737_p2">xor, 0, 0, 2, 1, 2</column>
<column name="tmp_12_13_5_fu_7761_p2">xor, 0, 0, 2, 1, 2</column>
<column name="tmp_12_13_6_fu_7785_p2">xor, 0, 0, 2, 1, 2</column>
<column name="tmp_12_13_7_fu_7809_p2">xor, 0, 0, 2, 1, 2</column>
<column name="tmp_12_13_8_fu_7833_p2">xor, 0, 0, 2, 1, 2</column>
<column name="tmp_12_13_9_fu_7857_p2">xor, 0, 0, 2, 1, 2</column>
<column name="tmp_12_13_fu_8097_p2">xor, 0, 0, 2, 1, 2</column>
<column name="tmp_12_13_s_fu_7881_p2">xor, 0, 0, 2, 1, 2</column>
<column name="tmp_12_14_10_fu_8361_p2">xor, 0, 0, 2, 1, 2</column>
<column name="tmp_12_14_11_fu_8385_p2">xor, 0, 0, 2, 1, 2</column>
<column name="tmp_12_14_12_fu_8405_p2">xor, 0, 0, 2, 1, 2</column>
<column name="tmp_12_14_13_fu_8425_p2">xor, 0, 0, 2, 1, 2</column>
<column name="tmp_12_14_14_fu_8445_p2">xor, 0, 0, 2, 1, 2</column>
<column name="tmp_12_14_1_fu_8121_p2">xor, 0, 0, 2, 1, 2</column>
<column name="tmp_12_14_2_fu_8145_p2">xor, 0, 0, 2, 1, 2</column>
<column name="tmp_12_14_3_fu_8169_p2">xor, 0, 0, 2, 1, 2</column>
<column name="tmp_12_14_4_fu_8193_p2">xor, 0, 0, 2, 1, 2</column>
<column name="tmp_12_14_5_fu_8217_p2">xor, 0, 0, 2, 1, 2</column>
<column name="tmp_12_14_6_fu_8241_p2">xor, 0, 0, 2, 1, 2</column>
<column name="tmp_12_14_7_fu_8265_p2">xor, 0, 0, 2, 1, 2</column>
<column name="tmp_12_14_8_fu_8289_p2">xor, 0, 0, 2, 1, 2</column>
<column name="tmp_12_14_9_fu_8313_p2">xor, 0, 0, 2, 1, 2</column>
<column name="tmp_12_14_fu_8553_p2">xor, 0, 0, 2, 1, 2</column>
<column name="tmp_12_14_s_fu_8337_p2">xor, 0, 0, 2, 1, 2</column>
<column name="tmp_12_15_10_fu_8817_p2">xor, 0, 0, 2, 1, 2</column>
<column name="tmp_12_15_11_fu_8841_p2">xor, 0, 0, 2, 1, 2</column>
<column name="tmp_12_15_12_fu_8861_p2">xor, 0, 0, 2, 1, 2</column>
<column name="tmp_12_15_13_fu_8881_p2">xor, 0, 0, 2, 1, 2</column>
<column name="tmp_12_15_14_fu_8901_p2">xor, 0, 0, 2, 1, 2</column>
<column name="tmp_12_15_1_fu_8577_p2">xor, 0, 0, 2, 1, 2</column>
<column name="tmp_12_15_2_fu_8601_p2">xor, 0, 0, 2, 1, 2</column>
<column name="tmp_12_15_3_fu_8625_p2">xor, 0, 0, 2, 1, 2</column>
<column name="tmp_12_15_4_fu_8649_p2">xor, 0, 0, 2, 1, 2</column>
<column name="tmp_12_15_5_fu_8673_p2">xor, 0, 0, 2, 1, 2</column>
<column name="tmp_12_15_6_fu_8697_p2">xor, 0, 0, 2, 1, 2</column>
<column name="tmp_12_15_7_fu_8721_p2">xor, 0, 0, 2, 1, 2</column>
<column name="tmp_12_15_8_fu_8745_p2">xor, 0, 0, 2, 1, 2</column>
<column name="tmp_12_15_9_fu_8769_p2">xor, 0, 0, 2, 1, 2</column>
<column name="tmp_12_15_s_fu_8793_p2">xor, 0, 0, 2, 1, 2</column>
<column name="tmp_12_1_10_fu_2433_p2">xor, 0, 0, 2, 1, 2</column>
<column name="tmp_12_1_11_fu_2457_p2">xor, 0, 0, 2, 1, 2</column>
<column name="tmp_12_1_12_fu_2477_p2">xor, 0, 0, 2, 1, 2</column>
<column name="tmp_12_1_13_fu_2497_p2">xor, 0, 0, 2, 1, 2</column>
<column name="tmp_12_1_14_fu_2517_p2">xor, 0, 0, 2, 1, 2</column>
<column name="tmp_12_1_1_fu_2193_p2">xor, 0, 0, 2, 1, 2</column>
<column name="tmp_12_1_2_fu_2217_p2">xor, 0, 0, 2, 1, 2</column>
<column name="tmp_12_1_3_fu_2241_p2">xor, 0, 0, 2, 1, 2</column>
<column name="tmp_12_1_4_fu_2265_p2">xor, 0, 0, 2, 1, 2</column>
<column name="tmp_12_1_5_fu_2289_p2">xor, 0, 0, 2, 1, 2</column>
<column name="tmp_12_1_6_fu_2313_p2">xor, 0, 0, 2, 1, 2</column>
<column name="tmp_12_1_7_fu_2337_p2">xor, 0, 0, 2, 1, 2</column>
<column name="tmp_12_1_8_fu_2361_p2">xor, 0, 0, 2, 1, 2</column>
<column name="tmp_12_1_9_fu_2385_p2">xor, 0, 0, 2, 1, 2</column>
<column name="tmp_12_1_fu_2169_p2">xor, 0, 0, 2, 1, 2</column>
<column name="tmp_12_1_s_fu_2409_p2">xor, 0, 0, 2, 1, 2</column>
<column name="tmp_12_2_10_fu_2889_p2">xor, 0, 0, 2, 1, 2</column>
<column name="tmp_12_2_11_fu_2913_p2">xor, 0, 0, 2, 1, 2</column>
<column name="tmp_12_2_12_fu_2933_p2">xor, 0, 0, 2, 1, 2</column>
<column name="tmp_12_2_13_fu_2953_p2">xor, 0, 0, 2, 1, 2</column>
<column name="tmp_12_2_14_fu_2973_p2">xor, 0, 0, 2, 1, 2</column>
<column name="tmp_12_2_1_fu_2649_p2">xor, 0, 0, 2, 1, 2</column>
<column name="tmp_12_2_2_fu_2673_p2">xor, 0, 0, 2, 1, 2</column>
<column name="tmp_12_2_3_fu_2697_p2">xor, 0, 0, 2, 1, 2</column>
<column name="tmp_12_2_4_fu_2721_p2">xor, 0, 0, 2, 1, 2</column>
<column name="tmp_12_2_5_fu_2745_p2">xor, 0, 0, 2, 1, 2</column>
<column name="tmp_12_2_6_fu_2769_p2">xor, 0, 0, 2, 1, 2</column>
<column name="tmp_12_2_7_fu_2793_p2">xor, 0, 0, 2, 1, 2</column>
<column name="tmp_12_2_8_fu_2817_p2">xor, 0, 0, 2, 1, 2</column>
<column name="tmp_12_2_9_fu_2841_p2">xor, 0, 0, 2, 1, 2</column>
<column name="tmp_12_2_fu_2625_p2">xor, 0, 0, 2, 1, 2</column>
<column name="tmp_12_2_s_fu_2865_p2">xor, 0, 0, 2, 1, 2</column>
<column name="tmp_12_3_10_fu_3345_p2">xor, 0, 0, 2, 1, 2</column>
<column name="tmp_12_3_11_fu_3369_p2">xor, 0, 0, 2, 1, 2</column>
<column name="tmp_12_3_12_fu_3389_p2">xor, 0, 0, 2, 1, 2</column>
<column name="tmp_12_3_13_fu_3409_p2">xor, 0, 0, 2, 1, 2</column>
<column name="tmp_12_3_14_fu_3429_p2">xor, 0, 0, 2, 1, 2</column>
<column name="tmp_12_3_1_fu_3105_p2">xor, 0, 0, 2, 1, 2</column>
<column name="tmp_12_3_2_fu_3129_p2">xor, 0, 0, 2, 1, 2</column>
<column name="tmp_12_3_3_fu_3153_p2">xor, 0, 0, 2, 1, 2</column>
<column name="tmp_12_3_4_fu_3177_p2">xor, 0, 0, 2, 1, 2</column>
<column name="tmp_12_3_5_fu_3201_p2">xor, 0, 0, 2, 1, 2</column>
<column name="tmp_12_3_6_fu_3225_p2">xor, 0, 0, 2, 1, 2</column>
<column name="tmp_12_3_7_fu_3249_p2">xor, 0, 0, 2, 1, 2</column>
<column name="tmp_12_3_8_fu_3273_p2">xor, 0, 0, 2, 1, 2</column>
<column name="tmp_12_3_9_fu_3297_p2">xor, 0, 0, 2, 1, 2</column>
<column name="tmp_12_3_fu_3081_p2">xor, 0, 0, 2, 1, 2</column>
<column name="tmp_12_3_s_fu_3321_p2">xor, 0, 0, 2, 1, 2</column>
<column name="tmp_12_4_10_fu_3801_p2">xor, 0, 0, 2, 1, 2</column>
<column name="tmp_12_4_11_fu_3825_p2">xor, 0, 0, 2, 1, 2</column>
<column name="tmp_12_4_12_fu_3845_p2">xor, 0, 0, 2, 1, 2</column>
<column name="tmp_12_4_13_fu_3865_p2">xor, 0, 0, 2, 1, 2</column>
<column name="tmp_12_4_14_fu_3885_p2">xor, 0, 0, 2, 1, 2</column>
<column name="tmp_12_4_1_fu_3561_p2">xor, 0, 0, 2, 1, 2</column>
<column name="tmp_12_4_2_fu_3585_p2">xor, 0, 0, 2, 1, 2</column>
<column name="tmp_12_4_3_fu_3609_p2">xor, 0, 0, 2, 1, 2</column>
<column name="tmp_12_4_4_fu_3633_p2">xor, 0, 0, 2, 1, 2</column>
<column name="tmp_12_4_5_fu_3657_p2">xor, 0, 0, 2, 1, 2</column>
<column name="tmp_12_4_6_fu_3681_p2">xor, 0, 0, 2, 1, 2</column>
<column name="tmp_12_4_7_fu_3705_p2">xor, 0, 0, 2, 1, 2</column>
<column name="tmp_12_4_8_fu_3729_p2">xor, 0, 0, 2, 1, 2</column>
<column name="tmp_12_4_9_fu_3753_p2">xor, 0, 0, 2, 1, 2</column>
<column name="tmp_12_4_fu_3537_p2">xor, 0, 0, 2, 1, 2</column>
<column name="tmp_12_4_s_fu_3777_p2">xor, 0, 0, 2, 1, 2</column>
<column name="tmp_12_5_10_fu_4257_p2">xor, 0, 0, 2, 1, 2</column>
<column name="tmp_12_5_11_fu_4281_p2">xor, 0, 0, 2, 1, 2</column>
<column name="tmp_12_5_12_fu_4301_p2">xor, 0, 0, 2, 1, 2</column>
<column name="tmp_12_5_13_fu_4321_p2">xor, 0, 0, 2, 1, 2</column>
<column name="tmp_12_5_14_fu_4341_p2">xor, 0, 0, 2, 1, 2</column>
<column name="tmp_12_5_1_fu_4017_p2">xor, 0, 0, 2, 1, 2</column>
<column name="tmp_12_5_2_fu_4041_p2">xor, 0, 0, 2, 1, 2</column>
<column name="tmp_12_5_3_fu_4065_p2">xor, 0, 0, 2, 1, 2</column>
<column name="tmp_12_5_4_fu_4089_p2">xor, 0, 0, 2, 1, 2</column>
<column name="tmp_12_5_5_fu_4113_p2">xor, 0, 0, 2, 1, 2</column>
<column name="tmp_12_5_6_fu_4137_p2">xor, 0, 0, 2, 1, 2</column>
<column name="tmp_12_5_7_fu_4161_p2">xor, 0, 0, 2, 1, 2</column>
<column name="tmp_12_5_8_fu_4185_p2">xor, 0, 0, 2, 1, 2</column>
<column name="tmp_12_5_9_fu_4209_p2">xor, 0, 0, 2, 1, 2</column>
<column name="tmp_12_5_fu_3993_p2">xor, 0, 0, 2, 1, 2</column>
<column name="tmp_12_5_s_fu_4233_p2">xor, 0, 0, 2, 1, 2</column>
<column name="tmp_12_6_10_fu_4713_p2">xor, 0, 0, 2, 1, 2</column>
<column name="tmp_12_6_11_fu_4737_p2">xor, 0, 0, 2, 1, 2</column>
<column name="tmp_12_6_12_fu_4757_p2">xor, 0, 0, 2, 1, 2</column>
<column name="tmp_12_6_13_fu_4777_p2">xor, 0, 0, 2, 1, 2</column>
<column name="tmp_12_6_14_fu_4797_p2">xor, 0, 0, 2, 1, 2</column>
<column name="tmp_12_6_1_fu_4473_p2">xor, 0, 0, 2, 1, 2</column>
<column name="tmp_12_6_2_fu_4497_p2">xor, 0, 0, 2, 1, 2</column>
<column name="tmp_12_6_3_fu_4521_p2">xor, 0, 0, 2, 1, 2</column>
<column name="tmp_12_6_4_fu_4545_p2">xor, 0, 0, 2, 1, 2</column>
<column name="tmp_12_6_5_fu_4569_p2">xor, 0, 0, 2, 1, 2</column>
<column name="tmp_12_6_6_fu_4593_p2">xor, 0, 0, 2, 1, 2</column>
<column name="tmp_12_6_7_fu_4617_p2">xor, 0, 0, 2, 1, 2</column>
<column name="tmp_12_6_8_fu_4641_p2">xor, 0, 0, 2, 1, 2</column>
<column name="tmp_12_6_9_fu_4665_p2">xor, 0, 0, 2, 1, 2</column>
<column name="tmp_12_6_fu_4449_p2">xor, 0, 0, 2, 1, 2</column>
<column name="tmp_12_6_s_fu_4689_p2">xor, 0, 0, 2, 1, 2</column>
<column name="tmp_12_7_10_fu_5169_p2">xor, 0, 0, 2, 1, 2</column>
<column name="tmp_12_7_11_fu_5193_p2">xor, 0, 0, 2, 1, 2</column>
<column name="tmp_12_7_12_fu_5213_p2">xor, 0, 0, 2, 1, 2</column>
<column name="tmp_12_7_13_fu_5233_p2">xor, 0, 0, 2, 1, 2</column>
<column name="tmp_12_7_14_fu_5253_p2">xor, 0, 0, 2, 1, 2</column>
<column name="tmp_12_7_1_fu_4929_p2">xor, 0, 0, 2, 1, 2</column>
<column name="tmp_12_7_2_fu_4953_p2">xor, 0, 0, 2, 1, 2</column>
<column name="tmp_12_7_3_fu_4977_p2">xor, 0, 0, 2, 1, 2</column>
<column name="tmp_12_7_4_fu_5001_p2">xor, 0, 0, 2, 1, 2</column>
<column name="tmp_12_7_5_fu_5025_p2">xor, 0, 0, 2, 1, 2</column>
<column name="tmp_12_7_6_fu_5049_p2">xor, 0, 0, 2, 1, 2</column>
<column name="tmp_12_7_7_fu_5073_p2">xor, 0, 0, 2, 1, 2</column>
<column name="tmp_12_7_8_fu_5097_p2">xor, 0, 0, 2, 1, 2</column>
<column name="tmp_12_7_9_fu_5121_p2">xor, 0, 0, 2, 1, 2</column>
<column name="tmp_12_7_fu_4905_p2">xor, 0, 0, 2, 1, 2</column>
<column name="tmp_12_7_s_fu_5145_p2">xor, 0, 0, 2, 1, 2</column>
<column name="tmp_12_8_10_fu_5625_p2">xor, 0, 0, 2, 1, 2</column>
<column name="tmp_12_8_11_fu_5649_p2">xor, 0, 0, 2, 1, 2</column>
<column name="tmp_12_8_12_fu_5669_p2">xor, 0, 0, 2, 1, 2</column>
<column name="tmp_12_8_13_fu_5689_p2">xor, 0, 0, 2, 1, 2</column>
<column name="tmp_12_8_14_fu_5709_p2">xor, 0, 0, 2, 1, 2</column>
<column name="tmp_12_8_1_fu_5385_p2">xor, 0, 0, 2, 1, 2</column>
<column name="tmp_12_8_2_fu_5409_p2">xor, 0, 0, 2, 1, 2</column>
<column name="tmp_12_8_3_fu_5433_p2">xor, 0, 0, 2, 1, 2</column>
<column name="tmp_12_8_4_fu_5457_p2">xor, 0, 0, 2, 1, 2</column>
<column name="tmp_12_8_5_fu_5481_p2">xor, 0, 0, 2, 1, 2</column>
<column name="tmp_12_8_6_fu_5505_p2">xor, 0, 0, 2, 1, 2</column>
<column name="tmp_12_8_7_fu_5529_p2">xor, 0, 0, 2, 1, 2</column>
<column name="tmp_12_8_8_fu_5553_p2">xor, 0, 0, 2, 1, 2</column>
<column name="tmp_12_8_9_fu_5577_p2">xor, 0, 0, 2, 1, 2</column>
<column name="tmp_12_8_fu_5361_p2">xor, 0, 0, 2, 1, 2</column>
<column name="tmp_12_8_s_fu_5601_p2">xor, 0, 0, 2, 1, 2</column>
<column name="tmp_12_9_10_fu_6081_p2">xor, 0, 0, 2, 1, 2</column>
<column name="tmp_12_9_11_fu_6105_p2">xor, 0, 0, 2, 1, 2</column>
<column name="tmp_12_9_12_fu_6125_p2">xor, 0, 0, 2, 1, 2</column>
<column name="tmp_12_9_13_fu_6145_p2">xor, 0, 0, 2, 1, 2</column>
<column name="tmp_12_9_14_fu_6165_p2">xor, 0, 0, 2, 1, 2</column>
<column name="tmp_12_9_1_fu_5841_p2">xor, 0, 0, 2, 1, 2</column>
<column name="tmp_12_9_2_fu_5865_p2">xor, 0, 0, 2, 1, 2</column>
<column name="tmp_12_9_3_fu_5889_p2">xor, 0, 0, 2, 1, 2</column>
<column name="tmp_12_9_4_fu_5913_p2">xor, 0, 0, 2, 1, 2</column>
<column name="tmp_12_9_5_fu_5937_p2">xor, 0, 0, 2, 1, 2</column>
<column name="tmp_12_9_6_fu_5961_p2">xor, 0, 0, 2, 1, 2</column>
<column name="tmp_12_9_7_fu_5985_p2">xor, 0, 0, 2, 1, 2</column>
<column name="tmp_12_9_8_fu_6009_p2">xor, 0, 0, 2, 1, 2</column>
<column name="tmp_12_9_9_fu_6033_p2">xor, 0, 0, 2, 1, 2</column>
<column name="tmp_12_9_fu_5817_p2">xor, 0, 0, 2, 1, 2</column>
<column name="tmp_12_9_s_fu_6057_p2">xor, 0, 0, 2, 1, 2</column>
<column name="tmp_12_s_fu_6273_p2">xor, 0, 0, 2, 1, 2</column>
<column name="tmp_261_fu_1593_p2">xor, 0, 0, 2, 1, 2</column>
</table>
</item>
<item name = "Multiplexer"><table name="" hasTotal="1">
<keys size="5">Name, LUT, Input Size, Bits, Total Bits</keys>
<column name="ap_NS_fsm">21, 4, 1, 4</column>
<column name="ap_enable_reg_pp0_iter1">9, 2, 1, 2</column>
<column name="ap_enable_reg_pp0_iter2">9, 2, 1, 2</column>
<column name="ap_phi_reg_pp0_iter1_act_m_val_V_reg_818">15, 3, 16, 48</column>
<column name="i_reg_807">9, 2, 8, 16</column>
<column name="in_V_V_TDATA_blk_n">9, 2, 1, 2</column>
<column name="nf_assign_fu_582">9, 2, 32, 64</column>
<column name="out_V_V_TDATA_blk_n">9, 2, 1, 2</column>
<column name="sf_fu_382">9, 2, 32, 64</column>
<column name="tile_assign_fu_378">15, 3, 32, 96</column>
</table>
</item>
<item name = "Register"><table name="" hasTotal="1">
<keys size="5">Name, FF, LUT, Bits, Const Bits</keys>
<column name="accu_V_10_fu_354">32, 0, 32, 0</column>
<column name="accu_V_11_fu_358">32, 0, 32, 0</column>
<column name="accu_V_12_fu_362">32, 0, 32, 0</column>
<column name="accu_V_13_fu_366">32, 0, 32, 0</column>
<column name="accu_V_14_fu_370">32, 0, 32, 0</column>
<column name="accu_V_1_fu_318">32, 0, 32, 0</column>
<column name="accu_V_2_fu_322">32, 0, 32, 0</column>
<column name="accu_V_3_fu_326">32, 0, 32, 0</column>
<column name="accu_V_4_fu_330">32, 0, 32, 0</column>
<column name="accu_V_5_fu_334">32, 0, 32, 0</column>
<column name="accu_V_6_fu_338">32, 0, 32, 0</column>
<column name="accu_V_7_fu_342">32, 0, 32, 0</column>
<column name="accu_V_8_fu_346">32, 0, 32, 0</column>
<column name="accu_V_9_fu_350">32, 0, 32, 0</column>
<column name="accu_V_fu_314">32, 0, 32, 0</column>
<column name="accu_V_s_fu_374">32, 0, 32, 0</column>
<column name="ap_CS_fsm">3, 0, 3, 0</column>
<column name="ap_enable_reg_pp0_iter0">1, 0, 1, 0</column>
<column name="ap_enable_reg_pp0_iter1">1, 0, 1, 0</column>
<column name="ap_enable_reg_pp0_iter2">1, 0, 1, 0</column>
<column name="ap_phi_reg_pp0_iter1_act_m_val_V_reg_818">16, 0, 16, 0</column>
<column name="i_reg_807">8, 0, 8, 0</column>
<column name="nf_assign_fu_582">32, 0, 32, 0</column>
<column name="sf_fu_382">32, 0, 32, 0</column>
<column name="tile_assign_fu_378">32, 0, 32, 0</column>
<column name="tmp115_reg_11382">3, 0, 3, 0</column>
<column name="tmp119_reg_11387">3, 0, 3, 0</column>
<column name="tmp123_reg_11392">3, 0, 3, 0</column>
<column name="tmp146_reg_11412">3, 0, 3, 0</column>
<column name="tmp150_reg_11417">3, 0, 3, 0</column>
<column name="tmp154_reg_11422">3, 0, 3, 0</column>
<column name="tmp177_reg_11442">3, 0, 3, 0</column>
<column name="tmp181_reg_11447">3, 0, 3, 0</column>
<column name="tmp185_reg_11452">3, 0, 3, 0</column>
<column name="tmp208_reg_11472">3, 0, 3, 0</column>
<column name="tmp212_reg_11477">3, 0, 3, 0</column>
<column name="tmp216_reg_11482">3, 0, 3, 0</column>
<column name="tmp22_reg_11292">3, 0, 3, 0</column>
<column name="tmp239_reg_11502">3, 0, 3, 0</column>
<column name="tmp243_reg_11507">3, 0, 3, 0</column>
<column name="tmp247_reg_11512">3, 0, 3, 0</column>
<column name="tmp26_reg_11297">3, 0, 3, 0</column>
<column name="tmp270_reg_11532">3, 0, 3, 0</column>
<column name="tmp274_reg_11537">3, 0, 3, 0</column>
<column name="tmp278_reg_11542">3, 0, 3, 0</column>
<column name="tmp301_reg_11562">3, 0, 3, 0</column>
<column name="tmp305_reg_11567">3, 0, 3, 0</column>
<column name="tmp309_reg_11572">3, 0, 3, 0</column>
<column name="tmp30_reg_11302">3, 0, 3, 0</column>
<column name="tmp332_reg_11592">3, 0, 3, 0</column>
<column name="tmp336_reg_11597">3, 0, 3, 0</column>
<column name="tmp340_reg_11602">3, 0, 3, 0</column>
<column name="tmp363_reg_11622">3, 0, 3, 0</column>
<column name="tmp367_reg_11627">3, 0, 3, 0</column>
<column name="tmp371_reg_11632">3, 0, 3, 0</column>
<column name="tmp394_reg_11652">3, 0, 3, 0</column>
<column name="tmp398_reg_11657">3, 0, 3, 0</column>
<column name="tmp402_reg_11662">3, 0, 3, 0</column>
<column name="tmp425_reg_11682">3, 0, 3, 0</column>
<column name="tmp429_reg_11687">3, 0, 3, 0</column>
<column name="tmp433_reg_11692">3, 0, 3, 0</column>
<column name="tmp456_reg_11712">3, 0, 3, 0</column>
<column name="tmp460_reg_11717">3, 0, 3, 0</column>
<column name="tmp464_reg_11722">3, 0, 3, 0</column>
<column name="tmp487_reg_11742">3, 0, 3, 0</column>
<column name="tmp491_reg_11747">3, 0, 3, 0</column>
<column name="tmp495_reg_11752">3, 0, 3, 0</column>
<column name="tmp53_reg_11322">3, 0, 3, 0</column>
<column name="tmp57_reg_11327">3, 0, 3, 0</column>
<column name="tmp61_reg_11332">3, 0, 3, 0</column>
<column name="tmp84_reg_11352">3, 0, 3, 0</column>
<column name="tmp88_reg_11357">3, 0, 3, 0</column>
<column name="tmp92_reg_11362">3, 0, 3, 0</column>
<column name="tmp_12_0_11_reg_11277">1, 0, 1, 0</column>
<column name="tmp_12_0_12_reg_11282">1, 0, 1, 0</column>
<column name="tmp_12_0_13_reg_11287">1, 0, 1, 0</column>
<column name="tmp_12_10_11_reg_11577">1, 0, 1, 0</column>
<column name="tmp_12_10_12_reg_11582">1, 0, 1, 0</column>
<column name="tmp_12_10_13_reg_11587">1, 0, 1, 0</column>
<column name="tmp_12_11_11_reg_11607">1, 0, 1, 0</column>
<column name="tmp_12_11_12_reg_11612">1, 0, 1, 0</column>
<column name="tmp_12_11_13_reg_11617">1, 0, 1, 0</column>
<column name="tmp_12_12_11_reg_11637">1, 0, 1, 0</column>
<column name="tmp_12_12_12_reg_11642">1, 0, 1, 0</column>
<column name="tmp_12_12_13_reg_11647">1, 0, 1, 0</column>
<column name="tmp_12_13_11_reg_11667">1, 0, 1, 0</column>
<column name="tmp_12_13_12_reg_11672">1, 0, 1, 0</column>
<column name="tmp_12_13_13_reg_11677">1, 0, 1, 0</column>
<column name="tmp_12_14_11_reg_11697">1, 0, 1, 0</column>
<column name="tmp_12_14_12_reg_11702">1, 0, 1, 0</column>
<column name="tmp_12_14_13_reg_11707">1, 0, 1, 0</column>
<column name="tmp_12_15_11_reg_11727">1, 0, 1, 0</column>
<column name="tmp_12_15_12_reg_11732">1, 0, 1, 0</column>
<column name="tmp_12_15_13_reg_11737">1, 0, 1, 0</column>
<column name="tmp_12_1_11_reg_11307">1, 0, 1, 0</column>
<column name="tmp_12_1_12_reg_11312">1, 0, 1, 0</column>
<column name="tmp_12_1_13_reg_11317">1, 0, 1, 0</column>
<column name="tmp_12_2_11_reg_11337">1, 0, 1, 0</column>
<column name="tmp_12_2_12_reg_11342">1, 0, 1, 0</column>
<column name="tmp_12_2_13_reg_11347">1, 0, 1, 0</column>
<column name="tmp_12_3_11_reg_11367">1, 0, 1, 0</column>
<column name="tmp_12_3_12_reg_11372">1, 0, 1, 0</column>
<column name="tmp_12_3_13_reg_11377">1, 0, 1, 0</column>
<column name="tmp_12_4_11_reg_11397">1, 0, 1, 0</column>
<column name="tmp_12_4_12_reg_11402">1, 0, 1, 0</column>
<column name="tmp_12_4_13_reg_11407">1, 0, 1, 0</column>
<column name="tmp_12_5_11_reg_11427">1, 0, 1, 0</column>
<column name="tmp_12_5_12_reg_11432">1, 0, 1, 0</column>
<column name="tmp_12_5_13_reg_11437">1, 0, 1, 0</column>
<column name="tmp_12_6_11_reg_11457">1, 0, 1, 0</column>
<column name="tmp_12_6_12_reg_11462">1, 0, 1, 0</column>
<column name="tmp_12_6_13_reg_11467">1, 0, 1, 0</column>
<column name="tmp_12_7_11_reg_11487">1, 0, 1, 0</column>
<column name="tmp_12_7_12_reg_11492">1, 0, 1, 0</column>
<column name="tmp_12_7_13_reg_11497">1, 0, 1, 0</column>
<column name="tmp_12_8_11_reg_11517">1, 0, 1, 0</column>
<column name="tmp_12_8_12_reg_11522">1, 0, 1, 0</column>
<column name="tmp_12_8_13_reg_11527">1, 0, 1, 0</column>
<column name="tmp_12_9_11_reg_11547">1, 0, 1, 0</column>
<column name="tmp_12_9_12_reg_11552">1, 0, 1, 0</column>
<column name="tmp_12_9_13_reg_11557">1, 0, 1, 0</column>
<column name="tmp_497_reg_11257">2, 0, 2, 0</column>
<column name="tmp_497_reg_11257_pp0_iter1_reg">2, 0, 2, 0</column>
<column name="tmp_4_reg_11153">1, 0, 1, 0</column>
<column name="tmp_4_reg_11153_pp0_iter1_reg">1, 0, 1, 0</column>
<column name="tmp_V_10_fu_422">16, 0, 16, 0</column>
<column name="tmp_V_11_fu_426">16, 0, 16, 0</column>
<column name="tmp_V_12_fu_430">16, 0, 16, 0</column>
<column name="tmp_V_13_fu_434">16, 0, 16, 0</column>
<column name="tmp_V_14_fu_438">16, 0, 16, 0</column>
<column name="tmp_V_15_fu_442">16, 0, 16, 0</column>
<column name="tmp_V_16_fu_446">16, 0, 16, 0</column>
<column name="tmp_V_17_fu_450">16, 0, 16, 0</column>
<column name="tmp_V_18_fu_454">16, 0, 16, 0</column>
<column name="tmp_V_19_fu_458">16, 0, 16, 0</column>
<column name="tmp_V_1_fu_390">16, 0, 16, 0</column>
<column name="tmp_V_20_fu_462">16, 0, 16, 0</column>
<column name="tmp_V_21_fu_466">16, 0, 16, 0</column>
<column name="tmp_V_22_fu_470">16, 0, 16, 0</column>
<column name="tmp_V_23_fu_474">16, 0, 16, 0</column>
<column name="tmp_V_24_fu_478">16, 0, 16, 0</column>
<column name="tmp_V_25_fu_482">16, 0, 16, 0</column>
<column name="tmp_V_26_fu_486">16, 0, 16, 0</column>
<column name="tmp_V_27_fu_490">16, 0, 16, 0</column>
<column name="tmp_V_28_fu_494">16, 0, 16, 0</column>
<column name="tmp_V_29_fu_498">16, 0, 16, 0</column>
<column name="tmp_V_30_fu_502">16, 0, 16, 0</column>
<column name="tmp_V_31_fu_506">16, 0, 16, 0</column>
<column name="tmp_V_32_fu_510">16, 0, 16, 0</column>
<column name="tmp_V_33_fu_514">16, 0, 16, 0</column>
<column name="tmp_V_34_fu_518">16, 0, 16, 0</column>
<column name="tmp_V_35_fu_522">16, 0, 16, 0</column>
<column name="tmp_V_36_fu_526">16, 0, 16, 0</column>
<column name="tmp_V_37_fu_530">16, 0, 16, 0</column>
<column name="tmp_V_38_fu_534">16, 0, 16, 0</column>
<column name="tmp_V_39_fu_538">16, 0, 16, 0</column>
<column name="tmp_V_3_fu_394">16, 0, 16, 0</column>
<column name="tmp_V_40_fu_542">16, 0, 16, 0</column>
<column name="tmp_V_41_fu_546">16, 0, 16, 0</column>
<column name="tmp_V_42_fu_550">16, 0, 16, 0</column>
<column name="tmp_V_43_fu_554">16, 0, 16, 0</column>
<column name="tmp_V_44_fu_558">16, 0, 16, 0</column>
<column name="tmp_V_45_fu_562">16, 0, 16, 0</column>
<column name="tmp_V_46_fu_566">16, 0, 16, 0</column>
<column name="tmp_V_47_fu_570">16, 0, 16, 0</column>
<column name="tmp_V_48_fu_574">16, 0, 16, 0</column>
<column name="tmp_V_49_fu_578">16, 0, 16, 0</column>
<column name="tmp_V_4_fu_398">16, 0, 16, 0</column>
<column name="tmp_V_5_fu_402">16, 0, 16, 0</column>
<column name="tmp_V_6_fu_406">16, 0, 16, 0</column>
<column name="tmp_V_7_fu_410">16, 0, 16, 0</column>
<column name="tmp_V_8_fu_414">16, 0, 16, 0</column>
<column name="tmp_V_9_fu_418">16, 0, 16, 0</column>
<column name="tmp_V_fu_386">16, 0, 16, 0</column>
<column name="tmp_s_reg_11253">1, 0, 1, 0</column>
<column name="tmp_s_reg_11253_pp0_iter1_reg">1, 0, 1, 0</column>
</table>
</item>
</section>
</item>
</section>

<section name = "Interface" level="0">
<item name = "Summary"><table name="" hasTotal="0">
<keys size="6">RTL Ports, Dir, Bits, Protocol, Source Object, C Type</keys>
<column name="ap_clk">in, 1, ap_ctrl_hs, Matrix_Vector_Activa, return value</column>
<column name="ap_rst">in, 1, ap_ctrl_hs, Matrix_Vector_Activa, return value</column>
<column name="ap_start">in, 1, ap_ctrl_hs, Matrix_Vector_Activa, return value</column>
<column name="ap_done">out, 1, ap_ctrl_hs, Matrix_Vector_Activa, return value</column>
<column name="ap_idle">out, 1, ap_ctrl_hs, Matrix_Vector_Activa, return value</column>
<column name="ap_ready">out, 1, ap_ctrl_hs, Matrix_Vector_Activa, return value</column>
<column name="in_V_V_TDATA">in, 16, axis, in_V_V, pointer</column>
<column name="in_V_V_TVALID">in, 1, axis, in_V_V, pointer</column>
<column name="in_V_V_TREADY">out, 1, axis, in_V_V, pointer</column>
<column name="out_V_V_TDATA">out, 16, axis, out_V_V, pointer</column>
<column name="out_V_V_TVALID">out, 1, axis, out_V_V, pointer</column>
<column name="out_V_V_TREADY">in, 1, axis, out_V_V, pointer</column>
</table>
</item>
</section>
</profile>
