<?xml version="1.0" encoding="utf-8"?>
<xd:acceleratorMap xmlns:xd="http://www.xilinx.com/xidane" xd:functionName="load" xd:componentRef="load" xd:initiationInterval="x" xd:clockPeriod="2.000" xd:sequential="true" xd:hostMachine="64" xd:reset="control">
  <xd:controlReg xd:name="control" xd:interfaceRef="s_axi_CONTROL_BUS" xd:busTypeRef="axilite" xd:type="generic_axi_lite" xd:offset="0x0"/>
  <xd:arg xd:name="*(inputs)" xd:originalName="inputs" xd:direction="inout" xd:interfaceRef="m_axi_data_port" xd:busTypeRef="aximm" xd:dataPack="true" xd:bitMapping="127:0" xd:dataWidth="128" xd:bufferDirection="in"/>
  <xd:arg xd:name="*(weights)" xd:originalName="weights" xd:direction="inout" xd:interfaceRef="m_axi_data_port" xd:busTypeRef="aximm" xd:dataPack="true" xd:bitMapping="127:0" xd:dataWidth="128" xd:bufferDirection="in"/>
  <xd:arg xd:name="inputs_V" xd:originalName="inputs_V" xd:direction="in" xd:interfaceRef="s_axi_CONTROL_BUS" xd:busTypeRef="axilite" xd:aximmInterfaceRef="m_axi_data_port" xd:dataWidth="32" xd:offset="0x10" xd:handshakeRef="ap_none"/>
  <xd:arg xd:name="weights_V" xd:originalName="weights_V" xd:direction="in" xd:interfaceRef="s_axi_CONTROL_BUS" xd:busTypeRef="axilite" xd:aximmInterfaceRef="m_axi_data_port" xd:dataWidth="32" xd:offset="0x18" xd:handshakeRef="ap_none"/>
  <xd:arg xd:name="load_queue" xd:originalName="load_queue" xd:direction="in" xd:interfaceRef="load_queue_V_V" xd:busTypeRef="axis" xd:dataWidth="128"/>
  <xd:arg xd:name="g2l_dep_queue" xd:originalName="g2l_dep_queue" xd:direction="in" xd:interfaceRef="g2l_dep_queue_V" xd:busTypeRef="axis" xd:dataWidth="1"/>
  <xd:arg xd:name="l2g_dep_queue" xd:originalName="l2g_dep_queue" xd:direction="out" xd:interfaceRef="l2g_dep_queue_V" xd:busTypeRef="axis" xd:dataWidth="1"/>
  <xd:arg xd:name="inp_mem[][0]" xd:originalName="inp_mem0" xd:direction="out" xd:interfaceRef="inp_mem_V_PORTA" xd:busTypeRef="bram" xd:firstOut="6" xd:arraySize="2048" xd:dataWidth="128"/>
  <xd:arg xd:name="wgt_mem[][0]" xd:originalName="wgt_mem0" xd:direction="inout" xd:interfaceRef="wgt_mem_0_V_PORTA" xd:busTypeRef="bram" xd:firstOut="6" xd:dataPack="true" xd:bitMapping="127:0" xd:arraySize="1024" xd:dataWidth="128"/>
  <xd:arg xd:name="wgt_mem[][2]" xd:originalName="wgt_mem2" xd:direction="inout" xd:interfaceRef="wgt_mem_0_V_PORTA" xd:busTypeRef="bram" xd:firstOut="6" xd:dataPack="true" xd:bitMapping="255:128" xd:arraySize="1024" xd:dataWidth="128"/>
  <xd:arg xd:name="wgt_mem[][4]" xd:originalName="wgt_mem4" xd:direction="inout" xd:interfaceRef="wgt_mem_0_V_PORTA" xd:busTypeRef="bram" xd:firstOut="6" xd:dataPack="true" xd:bitMapping="383:256" xd:arraySize="1024" xd:dataWidth="128"/>
  <xd:arg xd:name="wgt_mem[][6]" xd:originalName="wgt_mem6" xd:direction="inout" xd:interfaceRef="wgt_mem_0_V_PORTA" xd:busTypeRef="bram" xd:firstOut="6" xd:dataPack="true" xd:bitMapping="511:384" xd:arraySize="1024" xd:dataWidth="128"/>
  <xd:arg xd:name="wgt_mem[][8]" xd:originalName="wgt_mem8" xd:direction="inout" xd:interfaceRef="wgt_mem_0_V_PORTA" xd:busTypeRef="bram" xd:firstOut="6" xd:dataPack="true" xd:bitMapping="639:512" xd:arraySize="1024" xd:dataWidth="128"/>
  <xd:arg xd:name="wgt_mem[][10]" xd:originalName="wgt_mem10" xd:direction="inout" xd:interfaceRef="wgt_mem_0_V_PORTA" xd:busTypeRef="bram" xd:firstOut="6" xd:dataPack="true" xd:bitMapping="767:640" xd:arraySize="1024" xd:dataWidth="128"/>
  <xd:arg xd:name="wgt_mem[][12]" xd:originalName="wgt_mem12" xd:direction="inout" xd:interfaceRef="wgt_mem_0_V_PORTA" xd:busTypeRef="bram" xd:firstOut="6" xd:dataPack="true" xd:bitMapping="895:768" xd:arraySize="1024" xd:dataWidth="128"/>
  <xd:arg xd:name="wgt_mem[][14]" xd:originalName="wgt_mem14" xd:direction="inout" xd:interfaceRef="wgt_mem_0_V_PORTA" xd:busTypeRef="bram" xd:firstOut="6" xd:dataPack="true" xd:bitMapping="1023:896" xd:arraySize="1024" xd:dataWidth="128"/>
  <xd:arg xd:name="wgt_mem[][1]" xd:originalName="wgt_mem1" xd:direction="inout" xd:interfaceRef="wgt_mem_1_V_PORTA" xd:busTypeRef="bram" xd:firstOut="6" xd:dataPack="true" xd:bitMapping="127:0" xd:arraySize="1024" xd:dataWidth="128"/>
  <xd:arg xd:name="wgt_mem[][3]" xd:originalName="wgt_mem3" xd:direction="inout" xd:interfaceRef="wgt_mem_1_V_PORTA" xd:busTypeRef="bram" xd:firstOut="6" xd:dataPack="true" xd:bitMapping="255:128" xd:arraySize="1024" xd:dataWidth="128"/>
  <xd:arg xd:name="wgt_mem[][5]" xd:originalName="wgt_mem5" xd:direction="inout" xd:interfaceRef="wgt_mem_1_V_PORTA" xd:busTypeRef="bram" xd:firstOut="6" xd:dataPack="true" xd:bitMapping="383:256" xd:arraySize="1024" xd:dataWidth="128"/>
  <xd:arg xd:name="wgt_mem[][7]" xd:originalName="wgt_mem7" xd:direction="inout" xd:interfaceRef="wgt_mem_1_V_PORTA" xd:busTypeRef="bram" xd:firstOut="6" xd:dataPack="true" xd:bitMapping="511:384" xd:arraySize="1024" xd:dataWidth="128"/>
  <xd:arg xd:name="wgt_mem[][9]" xd:originalName="wgt_mem9" xd:direction="inout" xd:interfaceRef="wgt_mem_1_V_PORTA" xd:busTypeRef="bram" xd:firstOut="6" xd:dataPack="true" xd:bitMapping="639:512" xd:arraySize="1024" xd:dataWidth="128"/>
  <xd:arg xd:name="wgt_mem[][11]" xd:originalName="wgt_mem11" xd:direction="inout" xd:interfaceRef="wgt_mem_1_V_PORTA" xd:busTypeRef="bram" xd:firstOut="6" xd:dataPack="true" xd:bitMapping="767:640" xd:arraySize="1024" xd:dataWidth="128"/>
  <xd:arg xd:name="wgt_mem[][13]" xd:originalName="wgt_mem13" xd:direction="inout" xd:interfaceRef="wgt_mem_1_V_PORTA" xd:busTypeRef="bram" xd:firstOut="6" xd:dataPack="true" xd:bitMapping="895:768" xd:arraySize="1024" xd:dataWidth="128"/>
  <xd:arg xd:name="wgt_mem[][15]" xd:originalName="wgt_mem15" xd:direction="inout" xd:interfaceRef="wgt_mem_1_V_PORTA" xd:busTypeRef="bram" xd:firstOut="6" xd:dataPack="true" xd:bitMapping="1023:896" xd:arraySize="1024" xd:dataWidth="128"/>
  <xd:latencyEstimates xd:best-case="undef" xd:worst-case="undef" xd:average-case="undef"/>
  <xd:resourceEstimates xd:LUT="16405" xd:FF="6275" xd:BRAM="8" xd:DSP="0"/>
</xd:acceleratorMap>
