{
  "Top": "TLastMarker_0",
  "RtlTop": "TLastMarker_0_TLastMarker_0",
  "RtlPrefix": "TLastMarker_0_",
  "SourceLanguage": "cpp",
  "ResetStyle": "control",
  "GenerateBdFiles": "1",
  "HostMachineBits": "64",
  "Target": {
    "Family": "kintexu",
    "Device": "xcku040",
    "Package": "-ffva1156",
    "Speed": "-2-e"
  },
  "HlsSolution": {"Config": [
      "config_interface -m_axi_addr64=1",
      "config_rtl -auto_prefix=1"
    ]},
  "ClockInfo": {
    "ClockName": "ap_clk",
    "ClockPeriod": "5",
    "IsCombLogic": "0",
    "II": "x",
    "Latency": "1",
    "Uncertainty": "0.625"
  },
  "Xdc": {"OocClocks": ["create_clock -name ap_clk -period 5.000 [get_ports ap_clk]"]},
  "Ipx": {
    "Vendor": "xilinx.com",
    "Library": "hls",
    "Name": "TLastMarker_0_TLastMarker_0",
    "Version": "1.0",
    "DisplayName": "Tlastmarker_0_tlastmarker_0",
    "Revision": "",
    "Description": "An IP generated by Vivado HLS",
    "Taxonomy": "\/VIVADO_HLS_IP",
    "AutoFamilySupport": ""
  },
  "Files": {
    "CSource": ["\/workspace\/finn\/tmp\/finn_user-bibo\/code_gen_ipgen_TLastMarker_e8g_u1rq\/top_TLastMarker_0.cpp"],
    "Vhdl": ["impl\/vhdl\/TLastMarker_0_TLastMarker_0.vhd"],
    "Verilog": ["impl\/verilog\/TLastMarker_0_TLastMarker_0.v"],
    "Misc": ["impl\/misc\/logo.png"],
    "DesignXml": "\/workspace\/finn\/tmp\/finn_user-bibo\/code_gen_ipgen_TLastMarker_e8g_u1rq\/project_TLastMarker_0\/sol1\/.autopilot\/db\/TLastMarker_0.design.xml"
  },
  "SubcoreInfo": {
    "HasXpmMemory": false,
    "HasClockedDsp": false,
    "IP": []
  },
  "Interfaces": {
    "ap_clk": {
      "type": "clock",
      "ctype": {"CLK": {"Type": "bool"}},
      "buses": "in0_V_V out_r",
      "reset": "ap_rst_n"
    },
    "ap_rst_n": {
      "type": "reset",
      "polarity": "ACTIVE_LOW",
      "ctype": {"RST": {"Type": "bool"}}
    },
    "in0_V_V": {
      "type": "axi4stream",
      "mode": "slave",
      "port_prefix": "in0_V_V",
      "has_tready": "1",
      "ctype": {
        "TDATA": {
          "Type": "integer unsigned",
          "Width": "320"
        },
        "TVALID": {"Type": "bool"},
        "TREADY": {"Type": "bool"}
      },
      "port_width": {"TDATA": "320"}
    },
    "out_r": {
      "type": "axi4stream",
      "mode": "master",
      "port_prefix": "out_r",
      "has_tready": "1",
      "ctype": {
        "TDATA": {
          "Type": "integer unsigned",
          "Width": "320"
        },
        "TREADY": {"Type": "bool"},
        "TVALID": {"Type": "bool"},
        "TLAST": {
          "Type": "integer unsigned",
          "Width": "1"
        },
        "TKEEP": {
          "Type": "integer unsigned",
          "Width": "40"
        }
      },
      "port_width": {
        "TDATA": "320",
        "TKEEP": "40",
        "TLAST": "1"
      }
    }
  },
  "RtlPorts": {
    "ap_clk": {
      "dir": "in",
      "width": "1"
    },
    "ap_rst_n": {
      "dir": "in",
      "width": "1"
    },
    "in0_V_V_TDATA": {
      "dir": "in",
      "width": "320"
    },
    "in0_V_V_TVALID": {
      "dir": "in",
      "width": "1"
    },
    "in0_V_V_TREADY": {
      "dir": "out",
      "width": "1"
    },
    "out_r_TDATA": {
      "dir": "out",
      "width": "320"
    },
    "out_r_TREADY": {
      "dir": "in",
      "width": "1"
    },
    "out_r_TVALID": {
      "dir": "out",
      "width": "1"
    },
    "out_r_TLAST": {
      "dir": "out",
      "width": "1",
      "isVector": "true"
    },
    "out_r_TKEEP": {
      "dir": "out",
      "width": "40"
    }
  },
  "CPorts": {
    "in0_V_V": {
      "interfaceRef": "in0_V_V",
      "dir": "in"
    },
    "out_V_data_V": {
      "interfaceRef": "out_r",
      "dir": "out",
      "firstOutLatency": "0"
    },
    "out_V_last_V": {
      "interfaceRef": "out_r",
      "dir": "out",
      "firstOutLatency": "0"
    },
    "out_V_keep_V": {
      "interfaceRef": "out_r",
      "dir": "out",
      "firstOutLatency": "0"
    }
  },
  "ModuleInfo": {
    "Hierarchy": {"ModuleName": "TLastMarker_0"},
    "Metrics": {"TLastMarker_0": {
        "Latency": {
          "LatencyBest": "1",
          "LatencyAvg": "1",
          "LatencyWorst": "1",
          "PipelineII": "2",
          "PipelineDepth": "",
          "PipelineType": "none"
        },
        "Timing": {
          "Target": "5.00",
          "Uncertainty": "0.62",
          "Estimate": "0.000"
        },
        "Area": {
          "FF": "1296",
          "LUT": "137",
          "BRAM_18K": "0",
          "DSP48E": "0"
        }
      }}
  },
  "Sdx": {
    "Target": "none",
    "ProfileOption": "0",
    "ProfileType": "none",
    "XO": "",
    "KernelName": "TLastMarker_0",
    "EnableXoSwEmu": "1"
  },
  "GenData": {
    "DataVersion": "0.1",
    "Time": "2020-06-19 23:30:28 +0000",
    "ToolName": "vivado_hls",
    "ToolVersion": "2018.3"
  }
}
