{
  "Top": "StreamingFCLayer_Batch_2",
  "RtlTop": "StreamingFCLayer_Batch_2_StreamingFCLayer_Batch_2",
  "RtlPrefix": "StreamingFCLayer_Batch_2_",
  "SourceLanguage": "cpp",
  "ResetStyle": "control",
  "GenerateBdFiles": "1",
  "HostMachineBits": "64",
  "Target": {
    "Family": "kintexu",
    "Device": "xcku040",
    "Package": "-ffva1156",
    "Speed": "-2-e"
  },
  "HlsSolution": {"Config": [
      "config_interface -m_axi_addr64=1",
      "config_rtl -auto_prefix=1"
    ]},
  "ClockInfo": {
    "ClockName": "ap_clk",
    "ClockPeriod": "5",
    "IsCombLogic": "0",
    "II": "x",
    "Latency": "22",
    "Uncertainty": "0.625"
  },
  "Xdc": {"OocClocks": ["create_clock -name ap_clk -period 5.000 [get_ports ap_clk]"]},
  "Ipx": {
    "Vendor": "xilinx.com",
    "Library": "hls",
    "Name": "StreamingFCLayer_Batch_2_StreamingFCLayer_Batch_2",
    "Version": "1.0",
    "DisplayName": "Streamingfclayer_batch_2_streamingfclayer_batch_2",
    "Revision": "",
    "Description": "An IP generated by Vivado HLS",
    "Taxonomy": "\/VIVADO_HLS_IP",
    "AutoFamilySupport": ""
  },
  "Files": {
    "CSource": ["\/workspace\/finn\/tmp\/finn_user-bibo\/code_gen_ipgen_StreamingFCLayer_Batch_bss15lga\/top_StreamingFCLayer_Batch_2.cpp"],
    "Vhdl": [
      "impl\/vhdl\/StreamingFCLayer_Batch_2_Matrix_Vector_Activa.vhd",
      "impl\/vhdl\/StreamingFCLayer_Batch_2_Matrix_Vector_Activa_weights_m_weights_V_1.vhd",
      "impl\/vhdl\/StreamingFCLayer_Batch_2_Matrix_Vector_Activa_weights_m_weights_V_2.vhd",
      "impl\/vhdl\/StreamingFCLayer_Batch_2_Matrix_Vector_Activa_weights_m_weights_V_3.vhd",
      "impl\/vhdl\/StreamingFCLayer_Batch_2_Matrix_Vector_Activa_weights_m_weights_V_4.vhd",
      "impl\/vhdl\/StreamingFCLayer_Batch_2_Matrix_Vector_Activa_weights_m_weights_V_5.vhd",
      "impl\/vhdl\/StreamingFCLayer_Batch_2_Matrix_Vector_Activa_weights_m_weights_V_6.vhd",
      "impl\/vhdl\/StreamingFCLayer_Batch_2_Matrix_Vector_Activa_weights_m_weights_V_7.vhd",
      "impl\/vhdl\/StreamingFCLayer_Batch_2_Matrix_Vector_Activa_weights_m_weights_V_8.vhd",
      "impl\/vhdl\/StreamingFCLayer_Batch_2_Matrix_Vector_Activa_weights_m_weights_V_9.vhd",
      "impl\/vhdl\/StreamingFCLayer_Batch_2_Matrix_Vector_Activa_weights_m_weights_V_10.vhd",
      "impl\/vhdl\/StreamingFCLayer_Batch_2_Matrix_Vector_Activa_weights_m_weights_V_11.vhd",
      "impl\/vhdl\/StreamingFCLayer_Batch_2_Matrix_Vector_Activa_weights_m_weights_V_12.vhd",
      "impl\/vhdl\/StreamingFCLayer_Batch_2_Matrix_Vector_Activa_weights_m_weights_V_13.vhd",
      "impl\/vhdl\/StreamingFCLayer_Batch_2_Matrix_Vector_Activa_weights_m_weights_V_14.vhd",
      "impl\/vhdl\/StreamingFCLayer_Batch_2_Matrix_Vector_Activa_weights_m_weights_V_15.vhd",
      "impl\/vhdl\/StreamingFCLayer_Batch_2_Matrix_Vector_Activa_weights_m_weights_V_s.vhd",
      "impl\/vhdl\/StreamingFCLayer_Batch_2_StreamingFCLayer_Batch_2_mux_42_16_1_1.vhd",
      "impl\/vhdl\/StreamingFCLayer_Batch_2_StreamingFCLayer_Batch_2_mux_42_32_1_1.vhd",
      "impl\/vhdl\/StreamingFCLayer_Batch_2_StreamingFCLayer_Batch_2.vhd"
    ],
    "Verilog": [
      "impl\/verilog\/StreamingFCLayer_Batch_2_Matrix_Vector_Activa.v",
      "impl\/verilog\/StreamingFCLayer_Batch_2_Matrix_Vector_Activa_weights_m_weights_V_1.v",
      "impl\/verilog\/StreamingFCLayer_Batch_2_Matrix_Vector_Activa_weights_m_weights_V_1_rom.dat",
      "impl\/verilog\/StreamingFCLayer_Batch_2_Matrix_Vector_Activa_weights_m_weights_V_2.v",
      "impl\/verilog\/StreamingFCLayer_Batch_2_Matrix_Vector_Activa_weights_m_weights_V_2_rom.dat",
      "impl\/verilog\/StreamingFCLayer_Batch_2_Matrix_Vector_Activa_weights_m_weights_V_3.v",
      "impl\/verilog\/StreamingFCLayer_Batch_2_Matrix_Vector_Activa_weights_m_weights_V_3_rom.dat",
      "impl\/verilog\/StreamingFCLayer_Batch_2_Matrix_Vector_Activa_weights_m_weights_V_4.v",
      "impl\/verilog\/StreamingFCLayer_Batch_2_Matrix_Vector_Activa_weights_m_weights_V_4_rom.dat",
      "impl\/verilog\/StreamingFCLayer_Batch_2_Matrix_Vector_Activa_weights_m_weights_V_5.v",
      "impl\/verilog\/StreamingFCLayer_Batch_2_Matrix_Vector_Activa_weights_m_weights_V_5_rom.dat",
      "impl\/verilog\/StreamingFCLayer_Batch_2_Matrix_Vector_Activa_weights_m_weights_V_6.v",
      "impl\/verilog\/StreamingFCLayer_Batch_2_Matrix_Vector_Activa_weights_m_weights_V_6_rom.dat",
      "impl\/verilog\/StreamingFCLayer_Batch_2_Matrix_Vector_Activa_weights_m_weights_V_7.v",
      "impl\/verilog\/StreamingFCLayer_Batch_2_Matrix_Vector_Activa_weights_m_weights_V_7_rom.dat",
      "impl\/verilog\/StreamingFCLayer_Batch_2_Matrix_Vector_Activa_weights_m_weights_V_8.v",
      "impl\/verilog\/StreamingFCLayer_Batch_2_Matrix_Vector_Activa_weights_m_weights_V_8_rom.dat",
      "impl\/verilog\/StreamingFCLayer_Batch_2_Matrix_Vector_Activa_weights_m_weights_V_9.v",
      "impl\/verilog\/StreamingFCLayer_Batch_2_Matrix_Vector_Activa_weights_m_weights_V_9_rom.dat",
      "impl\/verilog\/StreamingFCLayer_Batch_2_Matrix_Vector_Activa_weights_m_weights_V_10.v",
      "impl\/verilog\/StreamingFCLayer_Batch_2_Matrix_Vector_Activa_weights_m_weights_V_10_rom.dat",
      "impl\/verilog\/StreamingFCLayer_Batch_2_Matrix_Vector_Activa_weights_m_weights_V_11.v",
      "impl\/verilog\/StreamingFCLayer_Batch_2_Matrix_Vector_Activa_weights_m_weights_V_11_rom.dat",
      "impl\/verilog\/StreamingFCLayer_Batch_2_Matrix_Vector_Activa_weights_m_weights_V_12.v",
      "impl\/verilog\/StreamingFCLayer_Batch_2_Matrix_Vector_Activa_weights_m_weights_V_12_rom.dat",
      "impl\/verilog\/StreamingFCLayer_Batch_2_Matrix_Vector_Activa_weights_m_weights_V_13.v",
      "impl\/verilog\/StreamingFCLayer_Batch_2_Matrix_Vector_Activa_weights_m_weights_V_13_rom.dat",
      "impl\/verilog\/StreamingFCLayer_Batch_2_Matrix_Vector_Activa_weights_m_weights_V_14.v",
      "impl\/verilog\/StreamingFCLayer_Batch_2_Matrix_Vector_Activa_weights_m_weights_V_14_rom.dat",
      "impl\/verilog\/StreamingFCLayer_Batch_2_Matrix_Vector_Activa_weights_m_weights_V_15.v",
      "impl\/verilog\/StreamingFCLayer_Batch_2_Matrix_Vector_Activa_weights_m_weights_V_15_rom.dat",
      "impl\/verilog\/StreamingFCLayer_Batch_2_Matrix_Vector_Activa_weights_m_weights_V_s.v",
      "impl\/verilog\/StreamingFCLayer_Batch_2_Matrix_Vector_Activa_weights_m_weights_V_s_rom.dat",
      "impl\/verilog\/StreamingFCLayer_Batch_2_StreamingFCLayer_Batch_2_mux_42_16_1_1.v",
      "impl\/verilog\/StreamingFCLayer_Batch_2_StreamingFCLayer_Batch_2_mux_42_32_1_1.v",
      "impl\/verilog\/StreamingFCLayer_Batch_2_StreamingFCLayer_Batch_2.v"
    ],
    "Misc": ["impl\/misc\/logo.png"],
    "DesignXml": "\/workspace\/finn\/tmp\/finn_user-bibo\/code_gen_ipgen_StreamingFCLayer_Batch_bss15lga\/project_StreamingFCLayer_Batch_2\/sol1\/.autopilot\/db\/StreamingFCLayer_Batch_2.design.xml"
  },
  "SubcoreInfo": {
    "HasXpmMemory": false,
    "HasClockedDsp": false,
    "IP": []
  },
  "Interfaces": {
    "ap_clk": {
      "type": "clock",
      "ctype": {"CLK": {"Type": "bool"}},
      "buses": "in0_V_V out_V_V",
      "reset": "ap_rst_n"
    },
    "ap_rst_n": {
      "type": "reset",
      "polarity": "ACTIVE_LOW",
      "ctype": {"RST": {"Type": "bool"}}
    },
    "in0_V_V": {
      "type": "axi4stream",
      "mode": "slave",
      "port_prefix": "in0_V_V",
      "has_tready": "1",
      "ctype": {
        "TDATA": {
          "Type": "integer unsigned",
          "Width": "16"
        },
        "TVALID": {"Type": "bool"},
        "TREADY": {"Type": "bool"}
      },
      "port_width": {"TDATA": "16"}
    },
    "out_V_V": {
      "type": "axi4stream",
      "mode": "master",
      "port_prefix": "out_V_V",
      "has_tready": "1",
      "ctype": {
        "TDATA": {
          "Type": "integer unsigned",
          "Width": "16"
        },
        "TVALID": {"Type": "bool"},
        "TREADY": {"Type": "bool"}
      },
      "port_width": {"TDATA": "16"}
    }
  },
  "RtlPorts": {
    "ap_clk": {
      "dir": "in",
      "width": "1"
    },
    "ap_rst_n": {
      "dir": "in",
      "width": "1"
    },
    "in0_V_V_TDATA": {
      "dir": "in",
      "width": "16"
    },
    "in0_V_V_TVALID": {
      "dir": "in",
      "width": "1"
    },
    "in0_V_V_TREADY": {
      "dir": "out",
      "width": "1"
    },
    "out_V_V_TDATA": {
      "dir": "out",
      "width": "16"
    },
    "out_V_V_TVALID": {
      "dir": "out",
      "width": "1"
    },
    "out_V_V_TREADY": {
      "dir": "in",
      "width": "1"
    }
  },
  "CPorts": {
    "in0_V_V": {
      "interfaceRef": "in0_V_V",
      "dir": "in"
    },
    "out_V_V": {
      "interfaceRef": "out_V_V",
      "dir": "out",
      "firstOutLatency": "3"
    }
  },
  "ModuleInfo": {
    "Hierarchy": {
      "ModuleName": "StreamingFCLayer_Batch_2",
      "Instances": [{
          "ModuleName": "Matrix_Vector_Activa",
          "InstanceName": "grp_Matrix_Vector_Activa_fu_58"
        }]
    },
    "Metrics": {
      "Matrix_Vector_Activa": {
        "Latency": {
          "LatencyBest": "19",
          "LatencyAvg": "19",
          "LatencyWorst": "19",
          "PipelineII": "19",
          "PipelineDepth": "",
          "PipelineType": "none"
        },
        "Timing": {
          "Target": "5.00",
          "Uncertainty": "0.62",
          "Estimate": "4.363"
        },
        "Loops": [{
            "Name": "Loop 1",
            "TripCount": "16",
            "Latency": "17",
            "PipelineII": "1",
            "PipelineDepth": "3"
          }],
        "Area": {
          "BRAM_18K": "0",
          "FF": "1155",
          "LUT": "7453",
          "DSP48E": "0"
        }
      },
      "StreamingFCLayer_Batch_2": {
        "Latency": {
          "LatencyBest": "22",
          "LatencyAvg": "22",
          "LatencyWorst": "22",
          "PipelineII": "23",
          "PipelineDepth": "",
          "PipelineType": "none"
        },
        "Timing": {
          "Target": "5.00",
          "Uncertainty": "0.62",
          "Estimate": "4.363"
        },
        "Area": {
          "BRAM_18K": "0",
          "FF": "1232",
          "LUT": "7563",
          "DSP48E": "0"
        }
      }
    }
  },
  "Sdx": {
    "Target": "none",
    "ProfileOption": "0",
    "ProfileType": "none",
    "XO": "",
    "KernelName": "StreamingFCLayer_Batch_2",
    "EnableXoSwEmu": "1"
  },
  "GenData": {
    "DataVersion": "0.1",
    "Time": "2020-06-19 23:28:54 +0000",
    "ToolName": "vivado_hls",
    "ToolVersion": "2018.3"
  }
}
