<profile>

<section name = "Vivado HLS Report for 'Matrix_Vector_Activa'" level="0">
<item name = "Date">Fri Jun 19 23:28:45 2020
</item>
<item name = "Version">2018.3 (Build 2405991 on Thu Dec 06 23:56:15 MST 2018)</item>
<item name = "Project">project_StreamingFCLayer_Batch_2</item>
<item name = "Solution">sol1</item>
<item name = "Product family">kintexu</item>
<item name = "Target device">xcku040-ffva1156-2-e</item>
</section>

<section name = "Performance Estimates" level="0">
<item name = "Timing (ns)">
<section name = "" level="1">
<item name = "Summary"><table name="" hasTotal="0">
<keys size="4">Clock, Target, Estimated, Uncertainty</keys>
<column name="ap_clk">5.00, 4.363, 0.62</column>
</table>
</item>
</section>
</item>
<item name = "Latency (clock cycles)">
<section name = "" level="1">
<item name = "Summary"><table name="" hasTotal="0">
<keys size="6">, min, max, min, max, Type</keys>
<column name="">19, 19, 19, 19, none</column>
</table>
</item>
<item name = "Detail">
<section name = "" level="1">
<item name = "Instance"><table name="" hasTotal="0">
<keys size="7">Instance, Module, min, max, min, max, Type</keys>
</table>
</item>
<item name = "Loop"><table name="" hasTotal="0">
<keys size="8">Loop Name, min, max, Latency, achieved, target, Count, Pipelined</keys>
<column name="- Loop 1">17, 17, 3, 1, 1, 16, yes</column>
</table>
</item>
</section>
</item>
</section>
</item>
</section>

<section name = "Utilization Estimates" level="0">
<item name = "Summary"><table name="" hasTotal="1">
<keys size="5">Name, BRAM_18K, DSP48E, FF, LUT</keys>
<column name="DSP">-, -, -, -</column>
<column name="Expression">-, -, 0, 6986</column>
<column name="FIFO">-, -, -, -</column>
<column name="Instance">-, -, 0, 289</column>
<column name="Memory">0, -, 256, 64</column>
<column name="Multiplexer">-, -, -, 114</column>
<column name="Register">-, -, 899, -</column>
<specialColumn name="Available">1200, 1920, 484800, 242400</specialColumn>
<specialColumn name="Utilization (%)">0, 0, ~0, 3</specialColumn>
</table>
</item>
<item name = "Detail">
<section name = "" level="1">
<item name = "Instance"><table name="" hasTotal="1">
<keys size="6">Instance, Module, BRAM_18K, DSP48E, FF, LUT</keys>
<column name="StreamingFCLayer_Batch_2_mux_42_16_1_1_U1">StreamingFCLayer_Batch_2_mux_42_16_1_1, 0, 0, 0, 17</column>
<column name="StreamingFCLayer_Batch_2_mux_42_32_1_1_U2">StreamingFCLayer_Batch_2_mux_42_32_1_1, 0, 0, 0, 17</column>
<column name="StreamingFCLayer_Batch_2_mux_42_32_1_1_U3">StreamingFCLayer_Batch_2_mux_42_32_1_1, 0, 0, 0, 17</column>
<column name="StreamingFCLayer_Batch_2_mux_42_32_1_1_U4">StreamingFCLayer_Batch_2_mux_42_32_1_1, 0, 0, 0, 17</column>
<column name="StreamingFCLayer_Batch_2_mux_42_32_1_1_U5">StreamingFCLayer_Batch_2_mux_42_32_1_1, 0, 0, 0, 17</column>
<column name="StreamingFCLayer_Batch_2_mux_42_32_1_1_U6">StreamingFCLayer_Batch_2_mux_42_32_1_1, 0, 0, 0, 17</column>
<column name="StreamingFCLayer_Batch_2_mux_42_32_1_1_U7">StreamingFCLayer_Batch_2_mux_42_32_1_1, 0, 0, 0, 17</column>
<column name="StreamingFCLayer_Batch_2_mux_42_32_1_1_U8">StreamingFCLayer_Batch_2_mux_42_32_1_1, 0, 0, 0, 17</column>
<column name="StreamingFCLayer_Batch_2_mux_42_32_1_1_U9">StreamingFCLayer_Batch_2_mux_42_32_1_1, 0, 0, 0, 17</column>
<column name="StreamingFCLayer_Batch_2_mux_42_32_1_1_U10">StreamingFCLayer_Batch_2_mux_42_32_1_1, 0, 0, 0, 17</column>
<column name="StreamingFCLayer_Batch_2_mux_42_32_1_1_U11">StreamingFCLayer_Batch_2_mux_42_32_1_1, 0, 0, 0, 17</column>
<column name="StreamingFCLayer_Batch_2_mux_42_32_1_1_U12">StreamingFCLayer_Batch_2_mux_42_32_1_1, 0, 0, 0, 17</column>
<column name="StreamingFCLayer_Batch_2_mux_42_32_1_1_U13">StreamingFCLayer_Batch_2_mux_42_32_1_1, 0, 0, 0, 17</column>
<column name="StreamingFCLayer_Batch_2_mux_42_32_1_1_U14">StreamingFCLayer_Batch_2_mux_42_32_1_1, 0, 0, 0, 17</column>
<column name="StreamingFCLayer_Batch_2_mux_42_32_1_1_U15">StreamingFCLayer_Batch_2_mux_42_32_1_1, 0, 0, 0, 17</column>
<column name="StreamingFCLayer_Batch_2_mux_42_32_1_1_U16">StreamingFCLayer_Batch_2_mux_42_32_1_1, 0, 0, 0, 17</column>
<column name="StreamingFCLayer_Batch_2_mux_42_32_1_1_U17">StreamingFCLayer_Batch_2_mux_42_32_1_1, 0, 0, 0, 17</column>
</table>
</item>
<item name = "DSP48"><table name="" hasTotal="0">
<keys size="3">Instance, Module, Expression</keys>
</table>
</item>
<item name = "Memory"><table name="" hasTotal="1">
<keys size="9">Memory, Module, BRAM_18K, FF, LUT, Words, Bits, Banks, W*Bits*Banks</keys>
<column name="weights_m_weights_V_1_U">Matrix_Vector_Activa_weights_m_weights_V_1, 0, 16, 4, 16, 16, 1, 256</column>
<column name="weights_m_weights_V_10_U">Matrix_Vector_Activa_weights_m_weights_V_10, 0, 16, 4, 16, 16, 1, 256</column>
<column name="weights_m_weights_V_11_U">Matrix_Vector_Activa_weights_m_weights_V_11, 0, 16, 4, 16, 16, 1, 256</column>
<column name="weights_m_weights_V_12_U">Matrix_Vector_Activa_weights_m_weights_V_12, 0, 16, 4, 16, 16, 1, 256</column>
<column name="weights_m_weights_V_13_U">Matrix_Vector_Activa_weights_m_weights_V_13, 0, 16, 4, 16, 16, 1, 256</column>
<column name="weights_m_weights_V_14_U">Matrix_Vector_Activa_weights_m_weights_V_14, 0, 16, 4, 16, 16, 1, 256</column>
<column name="weights_m_weights_V_15_U">Matrix_Vector_Activa_weights_m_weights_V_15, 0, 16, 4, 16, 16, 1, 256</column>
<column name="weights_m_weights_V_2_U">Matrix_Vector_Activa_weights_m_weights_V_2, 0, 16, 4, 16, 16, 1, 256</column>
<column name="weights_m_weights_V_3_U">Matrix_Vector_Activa_weights_m_weights_V_3, 0, 16, 4, 16, 16, 1, 256</column>
<column name="weights_m_weights_V_4_U">Matrix_Vector_Activa_weights_m_weights_V_4, 0, 16, 4, 16, 16, 1, 256</column>
<column name="weights_m_weights_V_5_U">Matrix_Vector_Activa_weights_m_weights_V_5, 0, 16, 4, 16, 16, 1, 256</column>
<column name="weights_m_weights_V_6_U">Matrix_Vector_Activa_weights_m_weights_V_6, 0, 16, 4, 16, 16, 1, 256</column>
<column name="weights_m_weights_V_7_U">Matrix_Vector_Activa_weights_m_weights_V_7, 0, 16, 4, 16, 16, 1, 256</column>
<column name="weights_m_weights_V_8_U">Matrix_Vector_Activa_weights_m_weights_V_8, 0, 16, 4, 16, 16, 1, 256</column>
<column name="weights_m_weights_V_9_U">Matrix_Vector_Activa_weights_m_weights_V_9, 0, 16, 4, 16, 16, 1, 256</column>
<column name="weights_m_weights_V_s_U">Matrix_Vector_Activa_weights_m_weights_V_s, 0, 16, 4, 16, 16, 1, 256</column>
</table>
</item>
<item name = "FIFO"><table name="" hasTotal="1">
<keys size="7">Name, BRAM_18K, FF, LUT, Depth, Bits, Size:D*B</keys>
</table>
</item>
<item name = "Expression"><table name="" hasTotal="1">
<keys size="7">Variable Name, Operation, DSP48E, FF, LUT, Bitwidth P0, Bitwidth P1</keys>
<column name="accu_0_V_fu_8395_p2">+, 0, 0, 32, 32, 32</column>
<column name="accu_10_V_fu_9015_p2">+, 0, 0, 32, 32, 32</column>
<column name="accu_11_V_fu_9077_p2">+, 0, 0, 32, 32, 32</column>
<column name="accu_12_V_fu_9139_p2">+, 0, 0, 32, 32, 32</column>
<column name="accu_13_V_fu_9201_p2">+, 0, 0, 32, 32, 32</column>
<column name="accu_14_V_fu_9263_p2">+, 0, 0, 32, 32, 32</column>
<column name="accu_15_V_fu_9325_p2">+, 0, 0, 32, 32, 32</column>
<column name="accu_1_V_fu_8457_p2">+, 0, 0, 32, 32, 32</column>
<column name="accu_2_V_fu_8519_p2">+, 0, 0, 32, 32, 32</column>
<column name="accu_3_V_fu_8581_p2">+, 0, 0, 32, 32, 32</column>
<column name="accu_4_V_fu_8643_p2">+, 0, 0, 32, 32, 32</column>
<column name="accu_5_V_fu_8705_p2">+, 0, 0, 32, 32, 32</column>
<column name="accu_6_V_fu_8767_p2">+, 0, 0, 32, 32, 32</column>
<column name="accu_7_V_fu_8829_p2">+, 0, 0, 32, 32, 32</column>
<column name="accu_8_V_fu_8891_p2">+, 0, 0, 32, 32, 32</column>
<column name="accu_9_V_fu_8953_p2">+, 0, 0, 32, 32, 32</column>
<column name="i_1_fu_498_p2">+, 0, 0, 15, 5, 1</column>
<column name="nf_fu_717_p2">+, 0, 0, 39, 1, 32</column>
<column name="sf_1_fu_688_p2">+, 0, 0, 39, 32, 1</column>
<column name="tile_fu_682_p2">+, 0, 0, 39, 32, 1</column>
<column name="tmp110_fu_8534_p2">+, 0, 0, 32, 32, 32</column>
<column name="tmp111_fu_8540_p2">+, 0, 0, 9, 2, 2</column>
<column name="tmp112_fu_8550_p2">+, 0, 0, 32, 32, 32</column>
<column name="tmp113_fu_2623_p2">+, 0, 0, 9, 2, 2</column>
<column name="tmp114_fu_2633_p2">+, 0, 0, 9, 2, 2</column>
<column name="tmp115_fu_2643_p2">+, 0, 0, 11, 3, 3</column>
<column name="tmp116_fu_8559_p2">+, 0, 0, 32, 32, 32</column>
<column name="tmp117_fu_2649_p2">+, 0, 0, 9, 2, 2</column>
<column name="tmp118_fu_2659_p2">+, 0, 0, 9, 2, 2</column>
<column name="tmp119_fu_2669_p2">+, 0, 0, 11, 3, 3</column>
<column name="tmp120_fu_2675_p2">+, 0, 0, 9, 2, 2</column>
<column name="tmp121_fu_2685_p2">+, 0, 0, 32, 2, 2</column>
<column name="tmp122_fu_2691_p2">+, 0, 0, 32, 2, 2</column>
<column name="tmp123_fu_2701_p2">+, 0, 0, 11, 3, 3</column>
<column name="tmp124_fu_8571_p2">+, 0, 0, 12, 4, 4</column>
<column name="tmp141_fu_8596_p2">+, 0, 0, 32, 32, 32</column>
<column name="tmp142_fu_8602_p2">+, 0, 0, 9, 2, 2</column>
<column name="tmp143_fu_8612_p2">+, 0, 0, 32, 32, 32</column>
<column name="tmp144_fu_3079_p2">+, 0, 0, 9, 2, 2</column>
<column name="tmp145_fu_3089_p2">+, 0, 0, 9, 2, 2</column>
<column name="tmp146_fu_3099_p2">+, 0, 0, 11, 3, 3</column>
<column name="tmp147_fu_8621_p2">+, 0, 0, 32, 32, 32</column>
<column name="tmp148_fu_3105_p2">+, 0, 0, 9, 2, 2</column>
<column name="tmp149_fu_3115_p2">+, 0, 0, 9, 2, 2</column>
<column name="tmp150_fu_3125_p2">+, 0, 0, 11, 3, 3</column>
<column name="tmp151_fu_3131_p2">+, 0, 0, 9, 2, 2</column>
<column name="tmp152_fu_3141_p2">+, 0, 0, 32, 2, 2</column>
<column name="tmp153_fu_3147_p2">+, 0, 0, 32, 2, 2</column>
<column name="tmp154_fu_3157_p2">+, 0, 0, 11, 3, 3</column>
<column name="tmp155_fu_8633_p2">+, 0, 0, 12, 4, 4</column>
<column name="tmp172_fu_8658_p2">+, 0, 0, 32, 32, 32</column>
<column name="tmp173_fu_8664_p2">+, 0, 0, 9, 2, 2</column>
<column name="tmp174_fu_8674_p2">+, 0, 0, 32, 32, 32</column>
<column name="tmp175_fu_3535_p2">+, 0, 0, 9, 2, 2</column>
<column name="tmp176_fu_3545_p2">+, 0, 0, 9, 2, 2</column>
<column name="tmp177_fu_3555_p2">+, 0, 0, 11, 3, 3</column>
<column name="tmp178_fu_8683_p2">+, 0, 0, 32, 32, 32</column>
<column name="tmp179_fu_3561_p2">+, 0, 0, 9, 2, 2</column>
<column name="tmp17_fu_8348_p2">+, 0, 0, 32, 32, 32</column>
<column name="tmp180_fu_3571_p2">+, 0, 0, 9, 2, 2</column>
<column name="tmp181_fu_3581_p2">+, 0, 0, 11, 3, 3</column>
<column name="tmp182_fu_3587_p2">+, 0, 0, 9, 2, 2</column>
<column name="tmp183_fu_3597_p2">+, 0, 0, 32, 2, 2</column>
<column name="tmp184_fu_3603_p2">+, 0, 0, 32, 2, 2</column>
<column name="tmp185_fu_3613_p2">+, 0, 0, 11, 3, 3</column>
<column name="tmp186_fu_8695_p2">+, 0, 0, 12, 4, 4</column>
<column name="tmp18_fu_8354_p2">+, 0, 0, 9, 2, 2</column>
<column name="tmp19_fu_8364_p2">+, 0, 0, 32, 32, 32</column>
<column name="tmp203_fu_8720_p2">+, 0, 0, 32, 32, 32</column>
<column name="tmp204_fu_8726_p2">+, 0, 0, 9, 2, 2</column>
<column name="tmp205_fu_8736_p2">+, 0, 0, 32, 32, 32</column>
<column name="tmp206_fu_3991_p2">+, 0, 0, 9, 2, 2</column>
<column name="tmp207_fu_4001_p2">+, 0, 0, 9, 2, 2</column>
<column name="tmp208_fu_4011_p2">+, 0, 0, 11, 3, 3</column>
<column name="tmp209_fu_8745_p2">+, 0, 0, 32, 32, 32</column>
<column name="tmp20_fu_1255_p2">+, 0, 0, 9, 2, 2</column>
<column name="tmp210_fu_4017_p2">+, 0, 0, 9, 2, 2</column>
<column name="tmp211_fu_4027_p2">+, 0, 0, 9, 2, 2</column>
<column name="tmp212_fu_4037_p2">+, 0, 0, 11, 3, 3</column>
<column name="tmp213_fu_4043_p2">+, 0, 0, 9, 2, 2</column>
<column name="tmp214_fu_4053_p2">+, 0, 0, 32, 2, 2</column>
<column name="tmp215_fu_4059_p2">+, 0, 0, 32, 2, 2</column>
<column name="tmp216_fu_4069_p2">+, 0, 0, 11, 3, 3</column>
<column name="tmp217_fu_8757_p2">+, 0, 0, 12, 4, 4</column>
<column name="tmp21_fu_1265_p2">+, 0, 0, 9, 2, 2</column>
<column name="tmp22_fu_1275_p2">+, 0, 0, 11, 3, 3</column>
<column name="tmp234_fu_8782_p2">+, 0, 0, 32, 32, 32</column>
<column name="tmp235_fu_8788_p2">+, 0, 0, 9, 2, 2</column>
<column name="tmp236_fu_8798_p2">+, 0, 0, 32, 32, 32</column>
<column name="tmp237_fu_4447_p2">+, 0, 0, 9, 2, 2</column>
<column name="tmp238_fu_4457_p2">+, 0, 0, 9, 2, 2</column>
<column name="tmp239_fu_4467_p2">+, 0, 0, 11, 3, 3</column>
<column name="tmp23_fu_8373_p2">+, 0, 0, 32, 32, 32</column>
<column name="tmp240_fu_8807_p2">+, 0, 0, 32, 32, 32</column>
<column name="tmp241_fu_4473_p2">+, 0, 0, 9, 2, 2</column>
<column name="tmp242_fu_4483_p2">+, 0, 0, 9, 2, 2</column>
<column name="tmp243_fu_4493_p2">+, 0, 0, 11, 3, 3</column>
<column name="tmp244_fu_4499_p2">+, 0, 0, 9, 2, 2</column>
<column name="tmp245_fu_4509_p2">+, 0, 0, 32, 2, 2</column>
<column name="tmp246_fu_4515_p2">+, 0, 0, 32, 2, 2</column>
<column name="tmp247_fu_4525_p2">+, 0, 0, 11, 3, 3</column>
<column name="tmp248_fu_8819_p2">+, 0, 0, 12, 4, 4</column>
<column name="tmp24_fu_1281_p2">+, 0, 0, 9, 2, 2</column>
<column name="tmp25_fu_1291_p2">+, 0, 0, 9, 2, 2</column>
<column name="tmp265_fu_8844_p2">+, 0, 0, 32, 32, 32</column>
<column name="tmp266_fu_8850_p2">+, 0, 0, 9, 2, 2</column>
<column name="tmp267_fu_8860_p2">+, 0, 0, 32, 32, 32</column>
<column name="tmp268_fu_4903_p2">+, 0, 0, 9, 2, 2</column>
<column name="tmp269_fu_4913_p2">+, 0, 0, 9, 2, 2</column>
<column name="tmp26_fu_1301_p2">+, 0, 0, 11, 3, 3</column>
<column name="tmp270_fu_4923_p2">+, 0, 0, 11, 3, 3</column>
<column name="tmp271_fu_8869_p2">+, 0, 0, 32, 32, 32</column>
<column name="tmp272_fu_4929_p2">+, 0, 0, 9, 2, 2</column>
<column name="tmp273_fu_4939_p2">+, 0, 0, 9, 2, 2</column>
<column name="tmp274_fu_4949_p2">+, 0, 0, 11, 3, 3</column>
<column name="tmp275_fu_4955_p2">+, 0, 0, 9, 2, 2</column>
<column name="tmp276_fu_4965_p2">+, 0, 0, 32, 2, 2</column>
<column name="tmp277_fu_4971_p2">+, 0, 0, 32, 2, 2</column>
<column name="tmp278_fu_4981_p2">+, 0, 0, 11, 3, 3</column>
<column name="tmp279_fu_8881_p2">+, 0, 0, 12, 4, 4</column>
<column name="tmp27_fu_1307_p2">+, 0, 0, 9, 2, 2</column>
<column name="tmp28_fu_1317_p2">+, 0, 0, 32, 2, 2</column>
<column name="tmp296_fu_8906_p2">+, 0, 0, 32, 32, 32</column>
<column name="tmp297_fu_8912_p2">+, 0, 0, 9, 2, 2</column>
<column name="tmp298_fu_8922_p2">+, 0, 0, 32, 32, 32</column>
<column name="tmp299_fu_5359_p2">+, 0, 0, 9, 2, 2</column>
<column name="tmp29_fu_1323_p2">+, 0, 0, 32, 2, 2</column>
<column name="tmp300_fu_5369_p2">+, 0, 0, 9, 2, 2</column>
<column name="tmp301_fu_5379_p2">+, 0, 0, 11, 3, 3</column>
<column name="tmp302_fu_8931_p2">+, 0, 0, 32, 32, 32</column>
<column name="tmp303_fu_5385_p2">+, 0, 0, 9, 2, 2</column>
<column name="tmp304_fu_5395_p2">+, 0, 0, 9, 2, 2</column>
<column name="tmp305_fu_5405_p2">+, 0, 0, 11, 3, 3</column>
<column name="tmp306_fu_5411_p2">+, 0, 0, 9, 2, 2</column>
<column name="tmp307_fu_5421_p2">+, 0, 0, 32, 2, 2</column>
<column name="tmp308_fu_5427_p2">+, 0, 0, 32, 2, 2</column>
<column name="tmp309_fu_5437_p2">+, 0, 0, 11, 3, 3</column>
<column name="tmp30_fu_1333_p2">+, 0, 0, 11, 3, 3</column>
<column name="tmp310_fu_8943_p2">+, 0, 0, 12, 4, 4</column>
<column name="tmp31_fu_8385_p2">+, 0, 0, 12, 4, 4</column>
<column name="tmp327_fu_8968_p2">+, 0, 0, 32, 32, 32</column>
<column name="tmp328_fu_8974_p2">+, 0, 0, 9, 2, 2</column>
<column name="tmp329_fu_8984_p2">+, 0, 0, 32, 32, 32</column>
<column name="tmp330_fu_5815_p2">+, 0, 0, 9, 2, 2</column>
<column name="tmp331_fu_5825_p2">+, 0, 0, 9, 2, 2</column>
<column name="tmp332_fu_5835_p2">+, 0, 0, 11, 3, 3</column>
<column name="tmp333_fu_8993_p2">+, 0, 0, 32, 32, 32</column>
<column name="tmp334_fu_5841_p2">+, 0, 0, 9, 2, 2</column>
<column name="tmp335_fu_5851_p2">+, 0, 0, 9, 2, 2</column>
<column name="tmp336_fu_5861_p2">+, 0, 0, 11, 3, 3</column>
<column name="tmp337_fu_5867_p2">+, 0, 0, 9, 2, 2</column>
<column name="tmp338_fu_5877_p2">+, 0, 0, 32, 2, 2</column>
<column name="tmp339_fu_5883_p2">+, 0, 0, 32, 2, 2</column>
<column name="tmp340_fu_5893_p2">+, 0, 0, 11, 3, 3</column>
<column name="tmp341_fu_9005_p2">+, 0, 0, 12, 4, 4</column>
<column name="tmp358_fu_9030_p2">+, 0, 0, 32, 32, 32</column>
<column name="tmp359_fu_9036_p2">+, 0, 0, 9, 2, 2</column>
<column name="tmp360_fu_9046_p2">+, 0, 0, 32, 32, 32</column>
<column name="tmp361_fu_6271_p2">+, 0, 0, 9, 2, 2</column>
<column name="tmp362_fu_6281_p2">+, 0, 0, 9, 2, 2</column>
<column name="tmp363_fu_6291_p2">+, 0, 0, 11, 3, 3</column>
<column name="tmp364_fu_9055_p2">+, 0, 0, 32, 32, 32</column>
<column name="tmp365_fu_6297_p2">+, 0, 0, 9, 2, 2</column>
<column name="tmp366_fu_6307_p2">+, 0, 0, 9, 2, 2</column>
<column name="tmp367_fu_6317_p2">+, 0, 0, 11, 3, 3</column>
<column name="tmp368_fu_6323_p2">+, 0, 0, 9, 2, 2</column>
<column name="tmp369_fu_6333_p2">+, 0, 0, 32, 2, 2</column>
<column name="tmp370_fu_6339_p2">+, 0, 0, 32, 2, 2</column>
<column name="tmp371_fu_6349_p2">+, 0, 0, 11, 3, 3</column>
<column name="tmp372_fu_9067_p2">+, 0, 0, 12, 4, 4</column>
<column name="tmp389_fu_9092_p2">+, 0, 0, 32, 32, 32</column>
<column name="tmp390_fu_9098_p2">+, 0, 0, 9, 2, 2</column>
<column name="tmp391_fu_9108_p2">+, 0, 0, 32, 32, 32</column>
<column name="tmp392_fu_6727_p2">+, 0, 0, 9, 2, 2</column>
<column name="tmp393_fu_6737_p2">+, 0, 0, 9, 2, 2</column>
<column name="tmp394_fu_6747_p2">+, 0, 0, 11, 3, 3</column>
<column name="tmp395_fu_9117_p2">+, 0, 0, 32, 32, 32</column>
<column name="tmp396_fu_6753_p2">+, 0, 0, 9, 2, 2</column>
<column name="tmp397_fu_6763_p2">+, 0, 0, 9, 2, 2</column>
<column name="tmp398_fu_6773_p2">+, 0, 0, 11, 3, 3</column>
<column name="tmp399_fu_6779_p2">+, 0, 0, 9, 2, 2</column>
<column name="tmp400_fu_6789_p2">+, 0, 0, 32, 2, 2</column>
<column name="tmp401_fu_6795_p2">+, 0, 0, 32, 2, 2</column>
<column name="tmp402_fu_6805_p2">+, 0, 0, 11, 3, 3</column>
<column name="tmp403_fu_9129_p2">+, 0, 0, 12, 4, 4</column>
<column name="tmp420_fu_9154_p2">+, 0, 0, 32, 32, 32</column>
<column name="tmp421_fu_9160_p2">+, 0, 0, 9, 2, 2</column>
<column name="tmp422_fu_9170_p2">+, 0, 0, 32, 32, 32</column>
<column name="tmp423_fu_7183_p2">+, 0, 0, 9, 2, 2</column>
<column name="tmp424_fu_7193_p2">+, 0, 0, 9, 2, 2</column>
<column name="tmp425_fu_7203_p2">+, 0, 0, 11, 3, 3</column>
<column name="tmp426_fu_9179_p2">+, 0, 0, 32, 32, 32</column>
<column name="tmp427_fu_7209_p2">+, 0, 0, 9, 2, 2</column>
<column name="tmp428_fu_7219_p2">+, 0, 0, 9, 2, 2</column>
<column name="tmp429_fu_7229_p2">+, 0, 0, 11, 3, 3</column>
<column name="tmp430_fu_7235_p2">+, 0, 0, 9, 2, 2</column>
<column name="tmp431_fu_7245_p2">+, 0, 0, 32, 2, 2</column>
<column name="tmp432_fu_7251_p2">+, 0, 0, 32, 2, 2</column>
<column name="tmp433_fu_7261_p2">+, 0, 0, 11, 3, 3</column>
<column name="tmp434_fu_9191_p2">+, 0, 0, 12, 4, 4</column>
<column name="tmp451_fu_9216_p2">+, 0, 0, 32, 32, 32</column>
<column name="tmp452_fu_9222_p2">+, 0, 0, 9, 2, 2</column>
<column name="tmp453_fu_9232_p2">+, 0, 0, 32, 32, 32</column>
<column name="tmp454_fu_7639_p2">+, 0, 0, 9, 2, 2</column>
<column name="tmp455_fu_7649_p2">+, 0, 0, 9, 2, 2</column>
<column name="tmp456_fu_7659_p2">+, 0, 0, 11, 3, 3</column>
<column name="tmp457_fu_9241_p2">+, 0, 0, 32, 32, 32</column>
<column name="tmp458_fu_7665_p2">+, 0, 0, 9, 2, 2</column>
<column name="tmp459_fu_7675_p2">+, 0, 0, 9, 2, 2</column>
<column name="tmp460_fu_7685_p2">+, 0, 0, 11, 3, 3</column>
<column name="tmp461_fu_7691_p2">+, 0, 0, 9, 2, 2</column>
<column name="tmp462_fu_7701_p2">+, 0, 0, 32, 2, 2</column>
<column name="tmp463_fu_7707_p2">+, 0, 0, 32, 2, 2</column>
<column name="tmp464_fu_7717_p2">+, 0, 0, 11, 3, 3</column>
<column name="tmp465_fu_9253_p2">+, 0, 0, 12, 4, 4</column>
<column name="tmp482_fu_9278_p2">+, 0, 0, 32, 32, 32</column>
<column name="tmp483_fu_9284_p2">+, 0, 0, 9, 2, 2</column>
<column name="tmp484_fu_9294_p2">+, 0, 0, 32, 32, 32</column>
<column name="tmp485_fu_8095_p2">+, 0, 0, 9, 2, 2</column>
<column name="tmp486_fu_8105_p2">+, 0, 0, 9, 2, 2</column>
<column name="tmp487_fu_8115_p2">+, 0, 0, 11, 3, 3</column>
<column name="tmp488_fu_9303_p2">+, 0, 0, 32, 32, 32</column>
<column name="tmp489_fu_8121_p2">+, 0, 0, 9, 2, 2</column>
<column name="tmp48_fu_8410_p2">+, 0, 0, 32, 32, 32</column>
<column name="tmp490_fu_8131_p2">+, 0, 0, 9, 2, 2</column>
<column name="tmp491_fu_8141_p2">+, 0, 0, 11, 3, 3</column>
<column name="tmp492_fu_8147_p2">+, 0, 0, 9, 2, 2</column>
<column name="tmp493_fu_8157_p2">+, 0, 0, 32, 2, 2</column>
<column name="tmp494_fu_8163_p2">+, 0, 0, 32, 2, 2</column>
<column name="tmp495_fu_8173_p2">+, 0, 0, 11, 3, 3</column>
<column name="tmp496_fu_9315_p2">+, 0, 0, 12, 4, 4</column>
<column name="tmp49_fu_8416_p2">+, 0, 0, 9, 2, 2</column>
<column name="tmp50_fu_8426_p2">+, 0, 0, 32, 32, 32</column>
<column name="tmp51_fu_1711_p2">+, 0, 0, 9, 2, 2</column>
<column name="tmp52_fu_1721_p2">+, 0, 0, 9, 2, 2</column>
<column name="tmp53_fu_1731_p2">+, 0, 0, 11, 3, 3</column>
<column name="tmp54_fu_8435_p2">+, 0, 0, 32, 32, 32</column>
<column name="tmp55_fu_1737_p2">+, 0, 0, 9, 2, 2</column>
<column name="tmp56_fu_1747_p2">+, 0, 0, 9, 2, 2</column>
<column name="tmp57_fu_1757_p2">+, 0, 0, 11, 3, 3</column>
<column name="tmp58_fu_1763_p2">+, 0, 0, 9, 2, 2</column>
<column name="tmp59_fu_1773_p2">+, 0, 0, 32, 2, 2</column>
<column name="tmp60_fu_1779_p2">+, 0, 0, 32, 2, 2</column>
<column name="tmp61_fu_1789_p2">+, 0, 0, 11, 3, 3</column>
<column name="tmp62_fu_8447_p2">+, 0, 0, 12, 4, 4</column>
<column name="tmp79_fu_8472_p2">+, 0, 0, 32, 32, 32</column>
<column name="tmp80_fu_8478_p2">+, 0, 0, 9, 2, 2</column>
<column name="tmp81_fu_8488_p2">+, 0, 0, 32, 32, 32</column>
<column name="tmp82_fu_2167_p2">+, 0, 0, 9, 2, 2</column>
<column name="tmp83_fu_2177_p2">+, 0, 0, 9, 2, 2</column>
<column name="tmp84_fu_2187_p2">+, 0, 0, 11, 3, 3</column>
<column name="tmp85_fu_8497_p2">+, 0, 0, 32, 32, 32</column>
<column name="tmp86_fu_2193_p2">+, 0, 0, 9, 2, 2</column>
<column name="tmp87_fu_2203_p2">+, 0, 0, 9, 2, 2</column>
<column name="tmp88_fu_2213_p2">+, 0, 0, 11, 3, 3</column>
<column name="tmp89_fu_2219_p2">+, 0, 0, 9, 2, 2</column>
<column name="tmp90_fu_2229_p2">+, 0, 0, 32, 2, 2</column>
<column name="tmp91_fu_2235_p2">+, 0, 0, 32, 2, 2</column>
<column name="tmp92_fu_2245_p2">+, 0, 0, 11, 3, 3</column>
<column name="tmp93_fu_8509_p2">+, 0, 0, 12, 4, 4</column>
<column name="ap_block_pp0_stage0_01001">and, 0, 0, 2, 1, 1</column>
<column name="ap_block_state2_pp0_stage0_iter0">and, 0, 0, 2, 1, 1</column>
<column name="ap_block_state4_io">and, 0, 0, 2, 1, 1</column>
<column name="ap_condition_198">and, 0, 0, 2, 1, 1</column>
<column name="ap_predicate_op53_read_state2">and, 0, 0, 2, 1, 1</column>
<column name="exitcond_fu_492_p2">icmp, 0, 0, 11, 5, 6</column>
<column name="sel_tmp6_fu_556_p2">icmp, 0, 0, 8, 2, 1</column>
<column name="sel_tmp8_fu_562_p2">icmp, 0, 0, 8, 2, 1</column>
<column name="sel_tmp_fu_550_p2">icmp, 0, 0, 9, 2, 3</column>
<column name="tmp_2_fu_723_p2">icmp, 0, 0, 20, 32, 3</column>
<column name="tmp_4_fu_656_p2">icmp, 0, 0, 20, 32, 1</column>
<column name="tmp_fu_507_p2">icmp, 0, 0, 20, 32, 1</column>
<column name="tmp_s_fu_694_p2">icmp, 0, 0, 20, 32, 3</column>
<column name="ult10_fu_9674_p2">icmp, 0, 0, 20, 32, 32</column>
<column name="ult11_fu_9699_p2">icmp, 0, 0, 20, 32, 32</column>
<column name="ult12_fu_9724_p2">icmp, 0, 0, 20, 32, 32</column>
<column name="ult13_fu_9749_p2">icmp, 0, 0, 20, 32, 32</column>
<column name="ult14_fu_9774_p2">icmp, 0, 0, 20, 32, 32</column>
<column name="ult15_fu_9799_p2">icmp, 0, 0, 20, 32, 32</column>
<column name="ult1_fu_9449_p2">icmp, 0, 0, 20, 32, 32</column>
<column name="ult2_fu_9474_p2">icmp, 0, 0, 20, 32, 32</column>
<column name="ult3_fu_9499_p2">icmp, 0, 0, 20, 32, 32</column>
<column name="ult4_fu_9524_p2">icmp, 0, 0, 20, 32, 32</column>
<column name="ult5_fu_9549_p2">icmp, 0, 0, 20, 32, 32</column>
<column name="ult6_fu_9574_p2">icmp, 0, 0, 20, 32, 32</column>
<column name="ult7_fu_9599_p2">icmp, 0, 0, 20, 32, 32</column>
<column name="ult8_fu_9624_p2">icmp, 0, 0, 20, 32, 32</column>
<column name="ult9_fu_9649_p2">icmp, 0, 0, 20, 32, 32</column>
<column name="ult_fu_9424_p2">icmp, 0, 0, 20, 32, 32</column>
<column name="ap_block_pp0_stage0_11001">or, 0, 0, 2, 1, 1</column>
<column name="or_cond_fu_568_p2">or, 0, 0, 2, 1, 1</column>
<column name="inputBuf_3_V_1_fu_598_p3">select, 0, 0, 16, 1, 16</column>
<column name="inputBuf_3_V_4_fu_606_p3">select, 0, 0, 16, 1, 16</column>
<column name="inputBuf_3_V_5_fu_614_p3">select, 0, 0, 16, 1, 16</column>
<column name="inputBuf_3_V_7_fu_622_p3">select, 0, 0, 16, 1, 16</column>
<column name="inputBuf_3_V_fu_582_p3">select, 0, 0, 16, 1, 16</column>
<column name="newSel2_fu_590_p3">select, 0, 0, 16, 1, 16</column>
<column name="newSel_fu_574_p3">select, 0, 0, 16, 1, 16</column>
<column name="p_1_fu_737_p3">select, 0, 0, 32, 1, 1</column>
<column name="p_accu_V_10_fu_8262_p3">select, 0, 0, 32, 1, 1</column>
<column name="p_accu_V_11_fu_8255_p3">select, 0, 0, 32, 1, 1</column>
<column name="p_accu_V_12_fu_8248_p3">select, 0, 0, 32, 1, 1</column>
<column name="p_accu_V_13_fu_8241_p3">select, 0, 0, 32, 1, 1</column>
<column name="p_accu_V_14_fu_8234_p3">select, 0, 0, 32, 1, 1</column>
<column name="p_accu_V_1_fu_8325_p3">select, 0, 0, 32, 1, 1</column>
<column name="p_accu_V_2_fu_8318_p3">select, 0, 0, 32, 1, 1</column>
<column name="p_accu_V_3_fu_8311_p3">select, 0, 0, 32, 1, 1</column>
<column name="p_accu_V_4_fu_8304_p3">select, 0, 0, 32, 1, 1</column>
<column name="p_accu_V_5_fu_8297_p3">select, 0, 0, 32, 1, 1</column>
<column name="p_accu_V_6_fu_8290_p3">select, 0, 0, 32, 1, 1</column>
<column name="p_accu_V_7_fu_8283_p3">select, 0, 0, 32, 1, 1</column>
<column name="p_accu_V_8_fu_8276_p3">select, 0, 0, 32, 1, 1</column>
<column name="p_accu_V_9_fu_8269_p3">select, 0, 0, 32, 1, 1</column>
<column name="p_accu_V_fu_8332_p3">select, 0, 0, 32, 1, 1</column>
<column name="p_accu_V_s_fu_8227_p3">select, 0, 0, 32, 1, 1</column>
<column name="p_s_fu_729_p3">select, 0, 0, 32, 1, 1</column>
<column name="ap_enable_pp0">xor, 0, 0, 2, 1, 2</column>
<column name="ap_enable_reg_pp0_iter1">xor, 0, 0, 2, 2, 1</column>
<column name="rev10_fu_9680_p2">xor, 0, 0, 2, 1, 2</column>
<column name="rev11_fu_9705_p2">xor, 0, 0, 2, 1, 2</column>
<column name="rev12_fu_9730_p2">xor, 0, 0, 2, 1, 2</column>
<column name="rev13_fu_9755_p2">xor, 0, 0, 2, 1, 2</column>
<column name="rev14_fu_9780_p2">xor, 0, 0, 2, 1, 2</column>
<column name="rev15_fu_9805_p2">xor, 0, 0, 2, 1, 2</column>
<column name="rev1_fu_9455_p2">xor, 0, 0, 2, 1, 2</column>
<column name="rev2_fu_9480_p2">xor, 0, 0, 2, 1, 2</column>
<column name="rev3_fu_9505_p2">xor, 0, 0, 2, 1, 2</column>
<column name="rev4_fu_9530_p2">xor, 0, 0, 2, 1, 2</column>
<column name="rev5_fu_9555_p2">xor, 0, 0, 2, 1, 2</column>
<column name="rev6_fu_9580_p2">xor, 0, 0, 2, 1, 2</column>
<column name="rev7_fu_9605_p2">xor, 0, 0, 2, 1, 2</column>
<column name="rev8_fu_9630_p2">xor, 0, 0, 2, 1, 2</column>
<column name="rev9_fu_9655_p2">xor, 0, 0, 2, 1, 2</column>
<column name="rev_fu_9430_p2">xor, 0, 0, 2, 1, 2</column>
<column name="tmp100_fu_2403_p2">xor, 0, 0, 2, 1, 1</column>
<column name="tmp101_fu_2427_p2">xor, 0, 0, 2, 1, 1</column>
<column name="tmp102_fu_2451_p2">xor, 0, 0, 2, 1, 1</column>
<column name="tmp103_fu_2475_p2">xor, 0, 0, 2, 1, 1</column>
<column name="tmp104_fu_2499_p2">xor, 0, 0, 2, 1, 1</column>
<column name="tmp105_fu_2523_p2">xor, 0, 0, 2, 1, 1</column>
<column name="tmp106_fu_2547_p2">xor, 0, 0, 2, 1, 1</column>
<column name="tmp107_fu_2567_p2">xor, 0, 0, 2, 1, 1</column>
<column name="tmp108_fu_2587_p2">xor, 0, 0, 2, 1, 1</column>
<column name="tmp109_fu_2607_p2">xor, 0, 0, 2, 1, 1</column>
<column name="tmp10_fu_1059_p2">xor, 0, 0, 2, 1, 1</column>
<column name="tmp11_fu_1091_p2">xor, 0, 0, 2, 1, 1</column>
<column name="tmp125_fu_2715_p2">xor, 0, 0, 2, 1, 1</column>
<column name="tmp126_fu_2739_p2">xor, 0, 0, 2, 1, 1</column>
<column name="tmp127_fu_2763_p2">xor, 0, 0, 2, 1, 1</column>
<column name="tmp128_fu_2787_p2">xor, 0, 0, 2, 1, 1</column>
<column name="tmp129_fu_2811_p2">xor, 0, 0, 2, 1, 1</column>
<column name="tmp12_fu_1123_p2">xor, 0, 0, 2, 1, 1</column>
<column name="tmp130_fu_2835_p2">xor, 0, 0, 2, 1, 1</column>
<column name="tmp131_fu_2859_p2">xor, 0, 0, 2, 1, 1</column>
<column name="tmp132_fu_2883_p2">xor, 0, 0, 2, 1, 1</column>
<column name="tmp133_fu_2907_p2">xor, 0, 0, 2, 1, 1</column>
<column name="tmp134_fu_2931_p2">xor, 0, 0, 2, 1, 1</column>
<column name="tmp135_fu_2955_p2">xor, 0, 0, 2, 1, 1</column>
<column name="tmp136_fu_2979_p2">xor, 0, 0, 2, 1, 1</column>
<column name="tmp137_fu_3003_p2">xor, 0, 0, 2, 1, 1</column>
<column name="tmp138_fu_3023_p2">xor, 0, 0, 2, 1, 1</column>
<column name="tmp139_fu_3043_p2">xor, 0, 0, 2, 1, 1</column>
<column name="tmp13_fu_1155_p2">xor, 0, 0, 2, 1, 1</column>
<column name="tmp140_fu_3063_p2">xor, 0, 0, 2, 1, 1</column>
<column name="tmp14_fu_1183_p2">xor, 0, 0, 2, 1, 1</column>
<column name="tmp156_fu_3171_p2">xor, 0, 0, 2, 1, 1</column>
<column name="tmp157_fu_3195_p2">xor, 0, 0, 2, 1, 1</column>
<column name="tmp158_fu_3219_p2">xor, 0, 0, 2, 1, 1</column>
<column name="tmp159_fu_3243_p2">xor, 0, 0, 2, 1, 1</column>
<column name="tmp15_fu_1211_p2">xor, 0, 0, 2, 1, 1</column>
<column name="tmp160_fu_3267_p2">xor, 0, 0, 2, 1, 1</column>
<column name="tmp161_fu_3291_p2">xor, 0, 0, 2, 1, 1</column>
<column name="tmp162_fu_3315_p2">xor, 0, 0, 2, 1, 1</column>
<column name="tmp163_fu_3339_p2">xor, 0, 0, 2, 1, 1</column>
<column name="tmp164_fu_3363_p2">xor, 0, 0, 2, 1, 1</column>
<column name="tmp165_fu_3387_p2">xor, 0, 0, 2, 1, 1</column>
<column name="tmp166_fu_3411_p2">xor, 0, 0, 2, 1, 1</column>
<column name="tmp167_fu_3435_p2">xor, 0, 0, 2, 1, 1</column>
<column name="tmp168_fu_3459_p2">xor, 0, 0, 2, 1, 1</column>
<column name="tmp169_fu_3479_p2">xor, 0, 0, 2, 1, 1</column>
<column name="tmp16_fu_1239_p2">xor, 0, 0, 2, 1, 1</column>
<column name="tmp170_fu_3499_p2">xor, 0, 0, 2, 1, 1</column>
<column name="tmp171_fu_3519_p2">xor, 0, 0, 2, 1, 1</column>
<column name="tmp187_fu_3627_p2">xor, 0, 0, 2, 1, 1</column>
<column name="tmp188_fu_3651_p2">xor, 0, 0, 2, 1, 1</column>
<column name="tmp189_fu_3675_p2">xor, 0, 0, 2, 1, 1</column>
<column name="tmp190_fu_3699_p2">xor, 0, 0, 2, 1, 1</column>
<column name="tmp191_fu_3723_p2">xor, 0, 0, 2, 1, 1</column>
<column name="tmp192_fu_3747_p2">xor, 0, 0, 2, 1, 1</column>
<column name="tmp193_fu_3771_p2">xor, 0, 0, 2, 1, 1</column>
<column name="tmp194_fu_3795_p2">xor, 0, 0, 2, 1, 1</column>
<column name="tmp195_fu_3819_p2">xor, 0, 0, 2, 1, 1</column>
<column name="tmp196_fu_3843_p2">xor, 0, 0, 2, 1, 1</column>
<column name="tmp197_fu_3867_p2">xor, 0, 0, 2, 1, 1</column>
<column name="tmp198_fu_3891_p2">xor, 0, 0, 2, 1, 1</column>
<column name="tmp199_fu_3915_p2">xor, 0, 0, 2, 1, 1</column>
<column name="tmp1_fu_771_p2">xor, 0, 0, 2, 1, 1</column>
<column name="tmp200_fu_3935_p2">xor, 0, 0, 2, 1, 1</column>
<column name="tmp201_fu_3955_p2">xor, 0, 0, 2, 1, 1</column>
<column name="tmp202_fu_3975_p2">xor, 0, 0, 2, 1, 1</column>
<column name="tmp218_fu_4083_p2">xor, 0, 0, 2, 1, 1</column>
<column name="tmp219_fu_4107_p2">xor, 0, 0, 2, 1, 1</column>
<column name="tmp220_fu_4131_p2">xor, 0, 0, 2, 1, 1</column>
<column name="tmp221_fu_4155_p2">xor, 0, 0, 2, 1, 1</column>
<column name="tmp222_fu_4179_p2">xor, 0, 0, 2, 1, 1</column>
<column name="tmp223_fu_4203_p2">xor, 0, 0, 2, 1, 1</column>
<column name="tmp224_fu_4227_p2">xor, 0, 0, 2, 1, 1</column>
<column name="tmp225_fu_4251_p2">xor, 0, 0, 2, 1, 1</column>
<column name="tmp226_fu_4275_p2">xor, 0, 0, 2, 1, 1</column>
<column name="tmp227_fu_4299_p2">xor, 0, 0, 2, 1, 1</column>
<column name="tmp228_fu_4323_p2">xor, 0, 0, 2, 1, 1</column>
<column name="tmp229_fu_4347_p2">xor, 0, 0, 2, 1, 1</column>
<column name="tmp230_fu_4371_p2">xor, 0, 0, 2, 1, 1</column>
<column name="tmp231_fu_4391_p2">xor, 0, 0, 2, 1, 1</column>
<column name="tmp232_fu_4411_p2">xor, 0, 0, 2, 1, 1</column>
<column name="tmp233_fu_4431_p2">xor, 0, 0, 2, 1, 1</column>
<column name="tmp249_fu_4539_p2">xor, 0, 0, 2, 1, 1</column>
<column name="tmp250_fu_4563_p2">xor, 0, 0, 2, 1, 1</column>
<column name="tmp251_fu_4587_p2">xor, 0, 0, 2, 1, 1</column>
<column name="tmp252_fu_4611_p2">xor, 0, 0, 2, 1, 1</column>
<column name="tmp253_fu_4635_p2">xor, 0, 0, 2, 1, 1</column>
<column name="tmp254_fu_4659_p2">xor, 0, 0, 2, 1, 1</column>
<column name="tmp255_fu_4683_p2">xor, 0, 0, 2, 1, 1</column>
<column name="tmp256_fu_4707_p2">xor, 0, 0, 2, 1, 1</column>
<column name="tmp257_fu_4731_p2">xor, 0, 0, 2, 1, 1</column>
<column name="tmp258_fu_4755_p2">xor, 0, 0, 2, 1, 1</column>
<column name="tmp259_fu_4779_p2">xor, 0, 0, 2, 1, 1</column>
<column name="tmp260_fu_4803_p2">xor, 0, 0, 2, 1, 1</column>
<column name="tmp261_fu_4827_p2">xor, 0, 0, 2, 1, 1</column>
<column name="tmp262_fu_4847_p2">xor, 0, 0, 2, 1, 1</column>
<column name="tmp263_fu_4867_p2">xor, 0, 0, 2, 1, 1</column>
<column name="tmp264_fu_4887_p2">xor, 0, 0, 2, 1, 1</column>
<column name="tmp280_fu_4995_p2">xor, 0, 0, 2, 1, 1</column>
<column name="tmp281_fu_5019_p2">xor, 0, 0, 2, 1, 1</column>
<column name="tmp282_fu_5043_p2">xor, 0, 0, 2, 1, 1</column>
<column name="tmp283_fu_5067_p2">xor, 0, 0, 2, 1, 1</column>
<column name="tmp284_fu_5091_p2">xor, 0, 0, 2, 1, 1</column>
<column name="tmp285_fu_5115_p2">xor, 0, 0, 2, 1, 1</column>
<column name="tmp286_fu_5139_p2">xor, 0, 0, 2, 1, 1</column>
<column name="tmp287_fu_5163_p2">xor, 0, 0, 2, 1, 1</column>
<column name="tmp288_fu_5187_p2">xor, 0, 0, 2, 1, 1</column>
<column name="tmp289_fu_5211_p2">xor, 0, 0, 2, 1, 1</column>
<column name="tmp290_fu_5235_p2">xor, 0, 0, 2, 1, 1</column>
<column name="tmp291_fu_5259_p2">xor, 0, 0, 2, 1, 1</column>
<column name="tmp292_fu_5283_p2">xor, 0, 0, 2, 1, 1</column>
<column name="tmp293_fu_5303_p2">xor, 0, 0, 2, 1, 1</column>
<column name="tmp294_fu_5323_p2">xor, 0, 0, 2, 1, 1</column>
<column name="tmp295_fu_5343_p2">xor, 0, 0, 2, 1, 1</column>
<column name="tmp2_fu_803_p2">xor, 0, 0, 2, 1, 1</column>
<column name="tmp311_fu_5451_p2">xor, 0, 0, 2, 1, 1</column>
<column name="tmp312_fu_5475_p2">xor, 0, 0, 2, 1, 1</column>
<column name="tmp313_fu_5499_p2">xor, 0, 0, 2, 1, 1</column>
<column name="tmp314_fu_5523_p2">xor, 0, 0, 2, 1, 1</column>
<column name="tmp315_fu_5547_p2">xor, 0, 0, 2, 1, 1</column>
<column name="tmp316_fu_5571_p2">xor, 0, 0, 2, 1, 1</column>
<column name="tmp317_fu_5595_p2">xor, 0, 0, 2, 1, 1</column>
<column name="tmp318_fu_5619_p2">xor, 0, 0, 2, 1, 1</column>
<column name="tmp319_fu_5643_p2">xor, 0, 0, 2, 1, 1</column>
<column name="tmp320_fu_5667_p2">xor, 0, 0, 2, 1, 1</column>
<column name="tmp321_fu_5691_p2">xor, 0, 0, 2, 1, 1</column>
<column name="tmp322_fu_5715_p2">xor, 0, 0, 2, 1, 1</column>
<column name="tmp323_fu_5739_p2">xor, 0, 0, 2, 1, 1</column>
<column name="tmp324_fu_5759_p2">xor, 0, 0, 2, 1, 1</column>
<column name="tmp325_fu_5779_p2">xor, 0, 0, 2, 1, 1</column>
<column name="tmp326_fu_5799_p2">xor, 0, 0, 2, 1, 1</column>
<column name="tmp32_fu_1347_p2">xor, 0, 0, 2, 1, 1</column>
<column name="tmp33_fu_1371_p2">xor, 0, 0, 2, 1, 1</column>
<column name="tmp342_fu_5907_p2">xor, 0, 0, 2, 1, 1</column>
<column name="tmp343_fu_5931_p2">xor, 0, 0, 2, 1, 1</column>
<column name="tmp344_fu_5955_p2">xor, 0, 0, 2, 1, 1</column>
<column name="tmp345_fu_5979_p2">xor, 0, 0, 2, 1, 1</column>
<column name="tmp346_fu_6003_p2">xor, 0, 0, 2, 1, 1</column>
<column name="tmp347_fu_6027_p2">xor, 0, 0, 2, 1, 1</column>
<column name="tmp348_fu_6051_p2">xor, 0, 0, 2, 1, 1</column>
<column name="tmp349_fu_6075_p2">xor, 0, 0, 2, 1, 1</column>
<column name="tmp34_fu_1395_p2">xor, 0, 0, 2, 1, 1</column>
<column name="tmp350_fu_6099_p2">xor, 0, 0, 2, 1, 1</column>
<column name="tmp351_fu_6123_p2">xor, 0, 0, 2, 1, 1</column>
<column name="tmp352_fu_6147_p2">xor, 0, 0, 2, 1, 1</column>
<column name="tmp353_fu_6171_p2">xor, 0, 0, 2, 1, 1</column>
<column name="tmp354_fu_6195_p2">xor, 0, 0, 2, 1, 1</column>
<column name="tmp355_fu_6215_p2">xor, 0, 0, 2, 1, 1</column>
<column name="tmp356_fu_6235_p2">xor, 0, 0, 2, 1, 1</column>
<column name="tmp357_fu_6255_p2">xor, 0, 0, 2, 1, 1</column>
<column name="tmp35_fu_1419_p2">xor, 0, 0, 2, 1, 1</column>
<column name="tmp36_fu_1443_p2">xor, 0, 0, 2, 1, 1</column>
<column name="tmp373_fu_6363_p2">xor, 0, 0, 2, 1, 1</column>
<column name="tmp374_fu_6387_p2">xor, 0, 0, 2, 1, 1</column>
<column name="tmp375_fu_6411_p2">xor, 0, 0, 2, 1, 1</column>
<column name="tmp376_fu_6435_p2">xor, 0, 0, 2, 1, 1</column>
<column name="tmp377_fu_6459_p2">xor, 0, 0, 2, 1, 1</column>
<column name="tmp378_fu_6483_p2">xor, 0, 0, 2, 1, 1</column>
<column name="tmp379_fu_6507_p2">xor, 0, 0, 2, 1, 1</column>
<column name="tmp37_fu_1467_p2">xor, 0, 0, 2, 1, 1</column>
<column name="tmp380_fu_6531_p2">xor, 0, 0, 2, 1, 1</column>
<column name="tmp381_fu_6555_p2">xor, 0, 0, 2, 1, 1</column>
<column name="tmp382_fu_6579_p2">xor, 0, 0, 2, 1, 1</column>
<column name="tmp383_fu_6603_p2">xor, 0, 0, 2, 1, 1</column>
<column name="tmp384_fu_6627_p2">xor, 0, 0, 2, 1, 1</column>
<column name="tmp385_fu_6651_p2">xor, 0, 0, 2, 1, 1</column>
<column name="tmp386_fu_6671_p2">xor, 0, 0, 2, 1, 1</column>
<column name="tmp387_fu_6691_p2">xor, 0, 0, 2, 1, 1</column>
<column name="tmp388_fu_6711_p2">xor, 0, 0, 2, 1, 1</column>
<column name="tmp38_fu_1491_p2">xor, 0, 0, 2, 1, 1</column>
<column name="tmp39_fu_1515_p2">xor, 0, 0, 2, 1, 1</column>
<column name="tmp3_fu_835_p2">xor, 0, 0, 2, 1, 1</column>
<column name="tmp404_fu_6819_p2">xor, 0, 0, 2, 1, 1</column>
<column name="tmp405_fu_6843_p2">xor, 0, 0, 2, 1, 1</column>
<column name="tmp406_fu_6867_p2">xor, 0, 0, 2, 1, 1</column>
<column name="tmp407_fu_6891_p2">xor, 0, 0, 2, 1, 1</column>
<column name="tmp408_fu_6915_p2">xor, 0, 0, 2, 1, 1</column>
<column name="tmp409_fu_6939_p2">xor, 0, 0, 2, 1, 1</column>
<column name="tmp40_fu_1539_p2">xor, 0, 0, 2, 1, 1</column>
<column name="tmp410_fu_6963_p2">xor, 0, 0, 2, 1, 1</column>
<column name="tmp411_fu_6987_p2">xor, 0, 0, 2, 1, 1</column>
<column name="tmp412_fu_7011_p2">xor, 0, 0, 2, 1, 1</column>
<column name="tmp413_fu_7035_p2">xor, 0, 0, 2, 1, 1</column>
<column name="tmp414_fu_7059_p2">xor, 0, 0, 2, 1, 1</column>
<column name="tmp415_fu_7083_p2">xor, 0, 0, 2, 1, 1</column>
<column name="tmp416_fu_7107_p2">xor, 0, 0, 2, 1, 1</column>
<column name="tmp417_fu_7127_p2">xor, 0, 0, 2, 1, 1</column>
<column name="tmp418_fu_7147_p2">xor, 0, 0, 2, 1, 1</column>
<column name="tmp419_fu_7167_p2">xor, 0, 0, 2, 1, 1</column>
<column name="tmp41_fu_1563_p2">xor, 0, 0, 2, 1, 1</column>
<column name="tmp42_fu_1587_p2">xor, 0, 0, 2, 1, 1</column>
<column name="tmp435_fu_7275_p2">xor, 0, 0, 2, 1, 1</column>
<column name="tmp436_fu_7299_p2">xor, 0, 0, 2, 1, 1</column>
<column name="tmp437_fu_7323_p2">xor, 0, 0, 2, 1, 1</column>
<column name="tmp438_fu_7347_p2">xor, 0, 0, 2, 1, 1</column>
<column name="tmp439_fu_7371_p2">xor, 0, 0, 2, 1, 1</column>
<column name="tmp43_fu_1611_p2">xor, 0, 0, 2, 1, 1</column>
<column name="tmp440_fu_7395_p2">xor, 0, 0, 2, 1, 1</column>
<column name="tmp441_fu_7419_p2">xor, 0, 0, 2, 1, 1</column>
<column name="tmp442_fu_7443_p2">xor, 0, 0, 2, 1, 1</column>
<column name="tmp443_fu_7467_p2">xor, 0, 0, 2, 1, 1</column>
<column name="tmp444_fu_7491_p2">xor, 0, 0, 2, 1, 1</column>
<column name="tmp445_fu_7515_p2">xor, 0, 0, 2, 1, 1</column>
<column name="tmp446_fu_7539_p2">xor, 0, 0, 2, 1, 1</column>
<column name="tmp447_fu_7563_p2">xor, 0, 0, 2, 1, 1</column>
<column name="tmp448_fu_7583_p2">xor, 0, 0, 2, 1, 1</column>
<column name="tmp449_fu_7603_p2">xor, 0, 0, 2, 1, 1</column>
<column name="tmp44_fu_1635_p2">xor, 0, 0, 2, 1, 1</column>
<column name="tmp450_fu_7623_p2">xor, 0, 0, 2, 1, 1</column>
<column name="tmp45_fu_1655_p2">xor, 0, 0, 2, 1, 1</column>
<column name="tmp466_fu_7731_p2">xor, 0, 0, 2, 1, 1</column>
<column name="tmp467_fu_7755_p2">xor, 0, 0, 2, 1, 1</column>
<column name="tmp468_fu_7779_p2">xor, 0, 0, 2, 1, 1</column>
<column name="tmp469_fu_7803_p2">xor, 0, 0, 2, 1, 1</column>
<column name="tmp46_fu_1675_p2">xor, 0, 0, 2, 1, 1</column>
<column name="tmp470_fu_7827_p2">xor, 0, 0, 2, 1, 1</column>
<column name="tmp471_fu_7851_p2">xor, 0, 0, 2, 1, 1</column>
<column name="tmp472_fu_7875_p2">xor, 0, 0, 2, 1, 1</column>
<column name="tmp473_fu_7899_p2">xor, 0, 0, 2, 1, 1</column>
<column name="tmp474_fu_7923_p2">xor, 0, 0, 2, 1, 1</column>
<column name="tmp475_fu_7947_p2">xor, 0, 0, 2, 1, 1</column>
<column name="tmp476_fu_7971_p2">xor, 0, 0, 2, 1, 1</column>
<column name="tmp477_fu_7995_p2">xor, 0, 0, 2, 1, 1</column>
<column name="tmp478_fu_8019_p2">xor, 0, 0, 2, 1, 1</column>
<column name="tmp479_fu_8039_p2">xor, 0, 0, 2, 1, 1</column>
<column name="tmp47_fu_1695_p2">xor, 0, 0, 2, 1, 1</column>
<column name="tmp480_fu_8059_p2">xor, 0, 0, 2, 1, 1</column>
<column name="tmp481_fu_8079_p2">xor, 0, 0, 2, 1, 1</column>
<column name="tmp4_fu_867_p2">xor, 0, 0, 2, 1, 1</column>
<column name="tmp5_fu_899_p2">xor, 0, 0, 2, 1, 1</column>
<column name="tmp63_fu_1803_p2">xor, 0, 0, 2, 1, 1</column>
<column name="tmp64_fu_1827_p2">xor, 0, 0, 2, 1, 1</column>
<column name="tmp65_fu_1851_p2">xor, 0, 0, 2, 1, 1</column>
<column name="tmp66_fu_1875_p2">xor, 0, 0, 2, 1, 1</column>
<column name="tmp67_fu_1899_p2">xor, 0, 0, 2, 1, 1</column>
<column name="tmp68_fu_1923_p2">xor, 0, 0, 2, 1, 1</column>
<column name="tmp69_fu_1947_p2">xor, 0, 0, 2, 1, 1</column>
<column name="tmp6_fu_931_p2">xor, 0, 0, 2, 1, 1</column>
<column name="tmp70_fu_1971_p2">xor, 0, 0, 2, 1, 1</column>
<column name="tmp71_fu_1995_p2">xor, 0, 0, 2, 1, 1</column>
<column name="tmp72_fu_2019_p2">xor, 0, 0, 2, 1, 1</column>
<column name="tmp73_fu_2043_p2">xor, 0, 0, 2, 1, 1</column>
<column name="tmp74_fu_2067_p2">xor, 0, 0, 2, 1, 1</column>
<column name="tmp75_fu_2091_p2">xor, 0, 0, 2, 1, 1</column>
<column name="tmp76_fu_2111_p2">xor, 0, 0, 2, 1, 1</column>
<column name="tmp77_fu_2131_p2">xor, 0, 0, 2, 1, 1</column>
<column name="tmp78_fu_2151_p2">xor, 0, 0, 2, 1, 1</column>
<column name="tmp7_fu_963_p2">xor, 0, 0, 2, 1, 1</column>
<column name="tmp8_fu_995_p2">xor, 0, 0, 2, 1, 1</column>
<column name="tmp94_fu_2259_p2">xor, 0, 0, 2, 1, 1</column>
<column name="tmp95_fu_2283_p2">xor, 0, 0, 2, 1, 1</column>
<column name="tmp96_fu_2307_p2">xor, 0, 0, 2, 1, 1</column>
<column name="tmp97_fu_2331_p2">xor, 0, 0, 2, 1, 1</column>
<column name="tmp98_fu_2355_p2">xor, 0, 0, 2, 1, 1</column>
<column name="tmp99_fu_2379_p2">xor, 0, 0, 2, 1, 1</column>
<column name="tmp9_fu_1027_p2">xor, 0, 0, 2, 1, 1</column>
<column name="tmp_12_0_10_fu_1129_p2">xor, 0, 0, 2, 1, 2</column>
<column name="tmp_12_0_11_fu_1161_p2">xor, 0, 0, 2, 1, 2</column>
<column name="tmp_12_0_12_fu_1189_p2">xor, 0, 0, 2, 1, 2</column>
<column name="tmp_12_0_13_fu_1217_p2">xor, 0, 0, 2, 1, 2</column>
<column name="tmp_12_0_14_fu_1245_p2">xor, 0, 0, 2, 1, 2</column>
<column name="tmp_12_0_1_fu_809_p2">xor, 0, 0, 2, 1, 2</column>
<column name="tmp_12_0_2_fu_841_p2">xor, 0, 0, 2, 1, 2</column>
<column name="tmp_12_0_3_fu_873_p2">xor, 0, 0, 2, 1, 2</column>
<column name="tmp_12_0_4_fu_905_p2">xor, 0, 0, 2, 1, 2</column>
<column name="tmp_12_0_5_fu_937_p2">xor, 0, 0, 2, 1, 2</column>
<column name="tmp_12_0_6_fu_969_p2">xor, 0, 0, 2, 1, 2</column>
<column name="tmp_12_0_7_fu_1001_p2">xor, 0, 0, 2, 1, 2</column>
<column name="tmp_12_0_8_fu_1033_p2">xor, 0, 0, 2, 1, 2</column>
<column name="tmp_12_0_9_fu_1065_p2">xor, 0, 0, 2, 1, 2</column>
<column name="tmp_12_0_s_fu_1097_p2">xor, 0, 0, 2, 1, 2</column>
<column name="tmp_12_10_10_fu_5721_p2">xor, 0, 0, 2, 1, 2</column>
<column name="tmp_12_10_11_fu_5745_p2">xor, 0, 0, 2, 1, 2</column>
<column name="tmp_12_10_12_fu_5765_p2">xor, 0, 0, 2, 1, 2</column>
<column name="tmp_12_10_13_fu_5785_p2">xor, 0, 0, 2, 1, 2</column>
<column name="tmp_12_10_14_fu_5805_p2">xor, 0, 0, 2, 1, 2</column>
<column name="tmp_12_10_1_fu_5481_p2">xor, 0, 0, 2, 1, 2</column>
<column name="tmp_12_10_2_fu_5505_p2">xor, 0, 0, 2, 1, 2</column>
<column name="tmp_12_10_3_fu_5529_p2">xor, 0, 0, 2, 1, 2</column>
<column name="tmp_12_10_4_fu_5553_p2">xor, 0, 0, 2, 1, 2</column>
<column name="tmp_12_10_5_fu_5577_p2">xor, 0, 0, 2, 1, 2</column>
<column name="tmp_12_10_6_fu_5601_p2">xor, 0, 0, 2, 1, 2</column>
<column name="tmp_12_10_7_fu_5625_p2">xor, 0, 0, 2, 1, 2</column>
<column name="tmp_12_10_8_fu_5649_p2">xor, 0, 0, 2, 1, 2</column>
<column name="tmp_12_10_9_fu_5673_p2">xor, 0, 0, 2, 1, 2</column>
<column name="tmp_12_10_fu_5913_p2">xor, 0, 0, 2, 1, 2</column>
<column name="tmp_12_10_s_fu_5697_p2">xor, 0, 0, 2, 1, 2</column>
<column name="tmp_12_11_10_fu_6177_p2">xor, 0, 0, 2, 1, 2</column>
<column name="tmp_12_11_11_fu_6201_p2">xor, 0, 0, 2, 1, 2</column>
<column name="tmp_12_11_12_fu_6221_p2">xor, 0, 0, 2, 1, 2</column>
<column name="tmp_12_11_13_fu_6241_p2">xor, 0, 0, 2, 1, 2</column>
<column name="tmp_12_11_14_fu_6261_p2">xor, 0, 0, 2, 1, 2</column>
<column name="tmp_12_11_1_fu_5937_p2">xor, 0, 0, 2, 1, 2</column>
<column name="tmp_12_11_2_fu_5961_p2">xor, 0, 0, 2, 1, 2</column>
<column name="tmp_12_11_3_fu_5985_p2">xor, 0, 0, 2, 1, 2</column>
<column name="tmp_12_11_4_fu_6009_p2">xor, 0, 0, 2, 1, 2</column>
<column name="tmp_12_11_5_fu_6033_p2">xor, 0, 0, 2, 1, 2</column>
<column name="tmp_12_11_6_fu_6057_p2">xor, 0, 0, 2, 1, 2</column>
<column name="tmp_12_11_7_fu_6081_p2">xor, 0, 0, 2, 1, 2</column>
<column name="tmp_12_11_8_fu_6105_p2">xor, 0, 0, 2, 1, 2</column>
<column name="tmp_12_11_9_fu_6129_p2">xor, 0, 0, 2, 1, 2</column>
<column name="tmp_12_11_fu_6369_p2">xor, 0, 0, 2, 1, 2</column>
<column name="tmp_12_11_s_fu_6153_p2">xor, 0, 0, 2, 1, 2</column>
<column name="tmp_12_12_10_fu_6633_p2">xor, 0, 0, 2, 1, 2</column>
<column name="tmp_12_12_11_fu_6657_p2">xor, 0, 0, 2, 1, 2</column>
<column name="tmp_12_12_12_fu_6677_p2">xor, 0, 0, 2, 1, 2</column>
<column name="tmp_12_12_13_fu_6697_p2">xor, 0, 0, 2, 1, 2</column>
<column name="tmp_12_12_14_fu_6717_p2">xor, 0, 0, 2, 1, 2</column>
<column name="tmp_12_12_1_fu_6393_p2">xor, 0, 0, 2, 1, 2</column>
<column name="tmp_12_12_2_fu_6417_p2">xor, 0, 0, 2, 1, 2</column>
<column name="tmp_12_12_3_fu_6441_p2">xor, 0, 0, 2, 1, 2</column>
<column name="tmp_12_12_4_fu_6465_p2">xor, 0, 0, 2, 1, 2</column>
<column name="tmp_12_12_5_fu_6489_p2">xor, 0, 0, 2, 1, 2</column>
<column name="tmp_12_12_6_fu_6513_p2">xor, 0, 0, 2, 1, 2</column>
<column name="tmp_12_12_7_fu_6537_p2">xor, 0, 0, 2, 1, 2</column>
<column name="tmp_12_12_8_fu_6561_p2">xor, 0, 0, 2, 1, 2</column>
<column name="tmp_12_12_9_fu_6585_p2">xor, 0, 0, 2, 1, 2</column>
<column name="tmp_12_12_fu_6825_p2">xor, 0, 0, 2, 1, 2</column>
<column name="tmp_12_12_s_fu_6609_p2">xor, 0, 0, 2, 1, 2</column>
<column name="tmp_12_13_10_fu_7089_p2">xor, 0, 0, 2, 1, 2</column>
<column name="tmp_12_13_11_fu_7113_p2">xor, 0, 0, 2, 1, 2</column>
<column name="tmp_12_13_12_fu_7133_p2">xor, 0, 0, 2, 1, 2</column>
<column name="tmp_12_13_13_fu_7153_p2">xor, 0, 0, 2, 1, 2</column>
<column name="tmp_12_13_14_fu_7173_p2">xor, 0, 0, 2, 1, 2</column>
<column name="tmp_12_13_1_fu_6849_p2">xor, 0, 0, 2, 1, 2</column>
<column name="tmp_12_13_2_fu_6873_p2">xor, 0, 0, 2, 1, 2</column>
<column name="tmp_12_13_3_fu_6897_p2">xor, 0, 0, 2, 1, 2</column>
<column name="tmp_12_13_4_fu_6921_p2">xor, 0, 0, 2, 1, 2</column>
<column name="tmp_12_13_5_fu_6945_p2">xor, 0, 0, 2, 1, 2</column>
<column name="tmp_12_13_6_fu_6969_p2">xor, 0, 0, 2, 1, 2</column>
<column name="tmp_12_13_7_fu_6993_p2">xor, 0, 0, 2, 1, 2</column>
<column name="tmp_12_13_8_fu_7017_p2">xor, 0, 0, 2, 1, 2</column>
<column name="tmp_12_13_9_fu_7041_p2">xor, 0, 0, 2, 1, 2</column>
<column name="tmp_12_13_fu_7281_p2">xor, 0, 0, 2, 1, 2</column>
<column name="tmp_12_13_s_fu_7065_p2">xor, 0, 0, 2, 1, 2</column>
<column name="tmp_12_14_10_fu_7545_p2">xor, 0, 0, 2, 1, 2</column>
<column name="tmp_12_14_11_fu_7569_p2">xor, 0, 0, 2, 1, 2</column>
<column name="tmp_12_14_12_fu_7589_p2">xor, 0, 0, 2, 1, 2</column>
<column name="tmp_12_14_13_fu_7609_p2">xor, 0, 0, 2, 1, 2</column>
<column name="tmp_12_14_14_fu_7629_p2">xor, 0, 0, 2, 1, 2</column>
<column name="tmp_12_14_1_fu_7305_p2">xor, 0, 0, 2, 1, 2</column>
<column name="tmp_12_14_2_fu_7329_p2">xor, 0, 0, 2, 1, 2</column>
<column name="tmp_12_14_3_fu_7353_p2">xor, 0, 0, 2, 1, 2</column>
<column name="tmp_12_14_4_fu_7377_p2">xor, 0, 0, 2, 1, 2</column>
<column name="tmp_12_14_5_fu_7401_p2">xor, 0, 0, 2, 1, 2</column>
<column name="tmp_12_14_6_fu_7425_p2">xor, 0, 0, 2, 1, 2</column>
<column name="tmp_12_14_7_fu_7449_p2">xor, 0, 0, 2, 1, 2</column>
<column name="tmp_12_14_8_fu_7473_p2">xor, 0, 0, 2, 1, 2</column>
<column name="tmp_12_14_9_fu_7497_p2">xor, 0, 0, 2, 1, 2</column>
<column name="tmp_12_14_fu_7737_p2">xor, 0, 0, 2, 1, 2</column>
<column name="tmp_12_14_s_fu_7521_p2">xor, 0, 0, 2, 1, 2</column>
<column name="tmp_12_15_10_fu_8001_p2">xor, 0, 0, 2, 1, 2</column>
<column name="tmp_12_15_11_fu_8025_p2">xor, 0, 0, 2, 1, 2</column>
<column name="tmp_12_15_12_fu_8045_p2">xor, 0, 0, 2, 1, 2</column>
<column name="tmp_12_15_13_fu_8065_p2">xor, 0, 0, 2, 1, 2</column>
<column name="tmp_12_15_14_fu_8085_p2">xor, 0, 0, 2, 1, 2</column>
<column name="tmp_12_15_1_fu_7761_p2">xor, 0, 0, 2, 1, 2</column>
<column name="tmp_12_15_2_fu_7785_p2">xor, 0, 0, 2, 1, 2</column>
<column name="tmp_12_15_3_fu_7809_p2">xor, 0, 0, 2, 1, 2</column>
<column name="tmp_12_15_4_fu_7833_p2">xor, 0, 0, 2, 1, 2</column>
<column name="tmp_12_15_5_fu_7857_p2">xor, 0, 0, 2, 1, 2</column>
<column name="tmp_12_15_6_fu_7881_p2">xor, 0, 0, 2, 1, 2</column>
<column name="tmp_12_15_7_fu_7905_p2">xor, 0, 0, 2, 1, 2</column>
<column name="tmp_12_15_8_fu_7929_p2">xor, 0, 0, 2, 1, 2</column>
<column name="tmp_12_15_9_fu_7953_p2">xor, 0, 0, 2, 1, 2</column>
<column name="tmp_12_15_s_fu_7977_p2">xor, 0, 0, 2, 1, 2</column>
<column name="tmp_12_1_10_fu_1617_p2">xor, 0, 0, 2, 1, 2</column>
<column name="tmp_12_1_11_fu_1641_p2">xor, 0, 0, 2, 1, 2</column>
<column name="tmp_12_1_12_fu_1661_p2">xor, 0, 0, 2, 1, 2</column>
<column name="tmp_12_1_13_fu_1681_p2">xor, 0, 0, 2, 1, 2</column>
<column name="tmp_12_1_14_fu_1701_p2">xor, 0, 0, 2, 1, 2</column>
<column name="tmp_12_1_1_fu_1377_p2">xor, 0, 0, 2, 1, 2</column>
<column name="tmp_12_1_2_fu_1401_p2">xor, 0, 0, 2, 1, 2</column>
<column name="tmp_12_1_3_fu_1425_p2">xor, 0, 0, 2, 1, 2</column>
<column name="tmp_12_1_4_fu_1449_p2">xor, 0, 0, 2, 1, 2</column>
<column name="tmp_12_1_5_fu_1473_p2">xor, 0, 0, 2, 1, 2</column>
<column name="tmp_12_1_6_fu_1497_p2">xor, 0, 0, 2, 1, 2</column>
<column name="tmp_12_1_7_fu_1521_p2">xor, 0, 0, 2, 1, 2</column>
<column name="tmp_12_1_8_fu_1545_p2">xor, 0, 0, 2, 1, 2</column>
<column name="tmp_12_1_9_fu_1569_p2">xor, 0, 0, 2, 1, 2</column>
<column name="tmp_12_1_fu_1353_p2">xor, 0, 0, 2, 1, 2</column>
<column name="tmp_12_1_s_fu_1593_p2">xor, 0, 0, 2, 1, 2</column>
<column name="tmp_12_2_10_fu_2073_p2">xor, 0, 0, 2, 1, 2</column>
<column name="tmp_12_2_11_fu_2097_p2">xor, 0, 0, 2, 1, 2</column>
<column name="tmp_12_2_12_fu_2117_p2">xor, 0, 0, 2, 1, 2</column>
<column name="tmp_12_2_13_fu_2137_p2">xor, 0, 0, 2, 1, 2</column>
<column name="tmp_12_2_14_fu_2157_p2">xor, 0, 0, 2, 1, 2</column>
<column name="tmp_12_2_1_fu_1833_p2">xor, 0, 0, 2, 1, 2</column>
<column name="tmp_12_2_2_fu_1857_p2">xor, 0, 0, 2, 1, 2</column>
<column name="tmp_12_2_3_fu_1881_p2">xor, 0, 0, 2, 1, 2</column>
<column name="tmp_12_2_4_fu_1905_p2">xor, 0, 0, 2, 1, 2</column>
<column name="tmp_12_2_5_fu_1929_p2">xor, 0, 0, 2, 1, 2</column>
<column name="tmp_12_2_6_fu_1953_p2">xor, 0, 0, 2, 1, 2</column>
<column name="tmp_12_2_7_fu_1977_p2">xor, 0, 0, 2, 1, 2</column>
<column name="tmp_12_2_8_fu_2001_p2">xor, 0, 0, 2, 1, 2</column>
<column name="tmp_12_2_9_fu_2025_p2">xor, 0, 0, 2, 1, 2</column>
<column name="tmp_12_2_fu_1809_p2">xor, 0, 0, 2, 1, 2</column>
<column name="tmp_12_2_s_fu_2049_p2">xor, 0, 0, 2, 1, 2</column>
<column name="tmp_12_3_10_fu_2529_p2">xor, 0, 0, 2, 1, 2</column>
<column name="tmp_12_3_11_fu_2553_p2">xor, 0, 0, 2, 1, 2</column>
<column name="tmp_12_3_12_fu_2573_p2">xor, 0, 0, 2, 1, 2</column>
<column name="tmp_12_3_13_fu_2593_p2">xor, 0, 0, 2, 1, 2</column>
<column name="tmp_12_3_14_fu_2613_p2">xor, 0, 0, 2, 1, 2</column>
<column name="tmp_12_3_1_fu_2289_p2">xor, 0, 0, 2, 1, 2</column>
<column name="tmp_12_3_2_fu_2313_p2">xor, 0, 0, 2, 1, 2</column>
<column name="tmp_12_3_3_fu_2337_p2">xor, 0, 0, 2, 1, 2</column>
<column name="tmp_12_3_4_fu_2361_p2">xor, 0, 0, 2, 1, 2</column>
<column name="tmp_12_3_5_fu_2385_p2">xor, 0, 0, 2, 1, 2</column>
<column name="tmp_12_3_6_fu_2409_p2">xor, 0, 0, 2, 1, 2</column>
<column name="tmp_12_3_7_fu_2433_p2">xor, 0, 0, 2, 1, 2</column>
<column name="tmp_12_3_8_fu_2457_p2">xor, 0, 0, 2, 1, 2</column>
<column name="tmp_12_3_9_fu_2481_p2">xor, 0, 0, 2, 1, 2</column>
<column name="tmp_12_3_fu_2265_p2">xor, 0, 0, 2, 1, 2</column>
<column name="tmp_12_3_s_fu_2505_p2">xor, 0, 0, 2, 1, 2</column>
<column name="tmp_12_4_10_fu_2985_p2">xor, 0, 0, 2, 1, 2</column>
<column name="tmp_12_4_11_fu_3009_p2">xor, 0, 0, 2, 1, 2</column>
<column name="tmp_12_4_12_fu_3029_p2">xor, 0, 0, 2, 1, 2</column>
<column name="tmp_12_4_13_fu_3049_p2">xor, 0, 0, 2, 1, 2</column>
<column name="tmp_12_4_14_fu_3069_p2">xor, 0, 0, 2, 1, 2</column>
<column name="tmp_12_4_1_fu_2745_p2">xor, 0, 0, 2, 1, 2</column>
<column name="tmp_12_4_2_fu_2769_p2">xor, 0, 0, 2, 1, 2</column>
<column name="tmp_12_4_3_fu_2793_p2">xor, 0, 0, 2, 1, 2</column>
<column name="tmp_12_4_4_fu_2817_p2">xor, 0, 0, 2, 1, 2</column>
<column name="tmp_12_4_5_fu_2841_p2">xor, 0, 0, 2, 1, 2</column>
<column name="tmp_12_4_6_fu_2865_p2">xor, 0, 0, 2, 1, 2</column>
<column name="tmp_12_4_7_fu_2889_p2">xor, 0, 0, 2, 1, 2</column>
<column name="tmp_12_4_8_fu_2913_p2">xor, 0, 0, 2, 1, 2</column>
<column name="tmp_12_4_9_fu_2937_p2">xor, 0, 0, 2, 1, 2</column>
<column name="tmp_12_4_fu_2721_p2">xor, 0, 0, 2, 1, 2</column>
<column name="tmp_12_4_s_fu_2961_p2">xor, 0, 0, 2, 1, 2</column>
<column name="tmp_12_5_10_fu_3441_p2">xor, 0, 0, 2, 1, 2</column>
<column name="tmp_12_5_11_fu_3465_p2">xor, 0, 0, 2, 1, 2</column>
<column name="tmp_12_5_12_fu_3485_p2">xor, 0, 0, 2, 1, 2</column>
<column name="tmp_12_5_13_fu_3505_p2">xor, 0, 0, 2, 1, 2</column>
<column name="tmp_12_5_14_fu_3525_p2">xor, 0, 0, 2, 1, 2</column>
<column name="tmp_12_5_1_fu_3201_p2">xor, 0, 0, 2, 1, 2</column>
<column name="tmp_12_5_2_fu_3225_p2">xor, 0, 0, 2, 1, 2</column>
<column name="tmp_12_5_3_fu_3249_p2">xor, 0, 0, 2, 1, 2</column>
<column name="tmp_12_5_4_fu_3273_p2">xor, 0, 0, 2, 1, 2</column>
<column name="tmp_12_5_5_fu_3297_p2">xor, 0, 0, 2, 1, 2</column>
<column name="tmp_12_5_6_fu_3321_p2">xor, 0, 0, 2, 1, 2</column>
<column name="tmp_12_5_7_fu_3345_p2">xor, 0, 0, 2, 1, 2</column>
<column name="tmp_12_5_8_fu_3369_p2">xor, 0, 0, 2, 1, 2</column>
<column name="tmp_12_5_9_fu_3393_p2">xor, 0, 0, 2, 1, 2</column>
<column name="tmp_12_5_fu_3177_p2">xor, 0, 0, 2, 1, 2</column>
<column name="tmp_12_5_s_fu_3417_p2">xor, 0, 0, 2, 1, 2</column>
<column name="tmp_12_6_10_fu_3897_p2">xor, 0, 0, 2, 1, 2</column>
<column name="tmp_12_6_11_fu_3921_p2">xor, 0, 0, 2, 1, 2</column>
<column name="tmp_12_6_12_fu_3941_p2">xor, 0, 0, 2, 1, 2</column>
<column name="tmp_12_6_13_fu_3961_p2">xor, 0, 0, 2, 1, 2</column>
<column name="tmp_12_6_14_fu_3981_p2">xor, 0, 0, 2, 1, 2</column>
<column name="tmp_12_6_1_fu_3657_p2">xor, 0, 0, 2, 1, 2</column>
<column name="tmp_12_6_2_fu_3681_p2">xor, 0, 0, 2, 1, 2</column>
<column name="tmp_12_6_3_fu_3705_p2">xor, 0, 0, 2, 1, 2</column>
<column name="tmp_12_6_4_fu_3729_p2">xor, 0, 0, 2, 1, 2</column>
<column name="tmp_12_6_5_fu_3753_p2">xor, 0, 0, 2, 1, 2</column>
<column name="tmp_12_6_6_fu_3777_p2">xor, 0, 0, 2, 1, 2</column>
<column name="tmp_12_6_7_fu_3801_p2">xor, 0, 0, 2, 1, 2</column>
<column name="tmp_12_6_8_fu_3825_p2">xor, 0, 0, 2, 1, 2</column>
<column name="tmp_12_6_9_fu_3849_p2">xor, 0, 0, 2, 1, 2</column>
<column name="tmp_12_6_fu_3633_p2">xor, 0, 0, 2, 1, 2</column>
<column name="tmp_12_6_s_fu_3873_p2">xor, 0, 0, 2, 1, 2</column>
<column name="tmp_12_7_10_fu_4353_p2">xor, 0, 0, 2, 1, 2</column>
<column name="tmp_12_7_11_fu_4377_p2">xor, 0, 0, 2, 1, 2</column>
<column name="tmp_12_7_12_fu_4397_p2">xor, 0, 0, 2, 1, 2</column>
<column name="tmp_12_7_13_fu_4417_p2">xor, 0, 0, 2, 1, 2</column>
<column name="tmp_12_7_14_fu_4437_p2">xor, 0, 0, 2, 1, 2</column>
<column name="tmp_12_7_1_fu_4113_p2">xor, 0, 0, 2, 1, 2</column>
<column name="tmp_12_7_2_fu_4137_p2">xor, 0, 0, 2, 1, 2</column>
<column name="tmp_12_7_3_fu_4161_p2">xor, 0, 0, 2, 1, 2</column>
<column name="tmp_12_7_4_fu_4185_p2">xor, 0, 0, 2, 1, 2</column>
<column name="tmp_12_7_5_fu_4209_p2">xor, 0, 0, 2, 1, 2</column>
<column name="tmp_12_7_6_fu_4233_p2">xor, 0, 0, 2, 1, 2</column>
<column name="tmp_12_7_7_fu_4257_p2">xor, 0, 0, 2, 1, 2</column>
<column name="tmp_12_7_8_fu_4281_p2">xor, 0, 0, 2, 1, 2</column>
<column name="tmp_12_7_9_fu_4305_p2">xor, 0, 0, 2, 1, 2</column>
<column name="tmp_12_7_fu_4089_p2">xor, 0, 0, 2, 1, 2</column>
<column name="tmp_12_7_s_fu_4329_p2">xor, 0, 0, 2, 1, 2</column>
<column name="tmp_12_8_10_fu_4809_p2">xor, 0, 0, 2, 1, 2</column>
<column name="tmp_12_8_11_fu_4833_p2">xor, 0, 0, 2, 1, 2</column>
<column name="tmp_12_8_12_fu_4853_p2">xor, 0, 0, 2, 1, 2</column>
<column name="tmp_12_8_13_fu_4873_p2">xor, 0, 0, 2, 1, 2</column>
<column name="tmp_12_8_14_fu_4893_p2">xor, 0, 0, 2, 1, 2</column>
<column name="tmp_12_8_1_fu_4569_p2">xor, 0, 0, 2, 1, 2</column>
<column name="tmp_12_8_2_fu_4593_p2">xor, 0, 0, 2, 1, 2</column>
<column name="tmp_12_8_3_fu_4617_p2">xor, 0, 0, 2, 1, 2</column>
<column name="tmp_12_8_4_fu_4641_p2">xor, 0, 0, 2, 1, 2</column>
<column name="tmp_12_8_5_fu_4665_p2">xor, 0, 0, 2, 1, 2</column>
<column name="tmp_12_8_6_fu_4689_p2">xor, 0, 0, 2, 1, 2</column>
<column name="tmp_12_8_7_fu_4713_p2">xor, 0, 0, 2, 1, 2</column>
<column name="tmp_12_8_8_fu_4737_p2">xor, 0, 0, 2, 1, 2</column>
<column name="tmp_12_8_9_fu_4761_p2">xor, 0, 0, 2, 1, 2</column>
<column name="tmp_12_8_fu_4545_p2">xor, 0, 0, 2, 1, 2</column>
<column name="tmp_12_8_s_fu_4785_p2">xor, 0, 0, 2, 1, 2</column>
<column name="tmp_12_9_10_fu_5265_p2">xor, 0, 0, 2, 1, 2</column>
<column name="tmp_12_9_11_fu_5289_p2">xor, 0, 0, 2, 1, 2</column>
<column name="tmp_12_9_12_fu_5309_p2">xor, 0, 0, 2, 1, 2</column>
<column name="tmp_12_9_13_fu_5329_p2">xor, 0, 0, 2, 1, 2</column>
<column name="tmp_12_9_14_fu_5349_p2">xor, 0, 0, 2, 1, 2</column>
<column name="tmp_12_9_1_fu_5025_p2">xor, 0, 0, 2, 1, 2</column>
<column name="tmp_12_9_2_fu_5049_p2">xor, 0, 0, 2, 1, 2</column>
<column name="tmp_12_9_3_fu_5073_p2">xor, 0, 0, 2, 1, 2</column>
<column name="tmp_12_9_4_fu_5097_p2">xor, 0, 0, 2, 1, 2</column>
<column name="tmp_12_9_5_fu_5121_p2">xor, 0, 0, 2, 1, 2</column>
<column name="tmp_12_9_6_fu_5145_p2">xor, 0, 0, 2, 1, 2</column>
<column name="tmp_12_9_7_fu_5169_p2">xor, 0, 0, 2, 1, 2</column>
<column name="tmp_12_9_8_fu_5193_p2">xor, 0, 0, 2, 1, 2</column>
<column name="tmp_12_9_9_fu_5217_p2">xor, 0, 0, 2, 1, 2</column>
<column name="tmp_12_9_fu_5001_p2">xor, 0, 0, 2, 1, 2</column>
<column name="tmp_12_9_s_fu_5241_p2">xor, 0, 0, 2, 1, 2</column>
<column name="tmp_12_s_fu_5457_p2">xor, 0, 0, 2, 1, 2</column>
<column name="tmp_261_fu_777_p2">xor, 0, 0, 2, 1, 2</column>
</table>
</item>
<item name = "Multiplexer"><table name="" hasTotal="1">
<keys size="5">Name, LUT, Input Size, Bits, Total Bits</keys>
<column name="ap_NS_fsm">21, 4, 1, 4</column>
<column name="ap_enable_reg_pp0_iter1">9, 2, 1, 2</column>
<column name="ap_enable_reg_pp0_iter2">9, 2, 1, 2</column>
<column name="ap_phi_reg_pp0_iter1_act_m_val_V_reg_468">15, 3, 16, 48</column>
<column name="i_reg_457">9, 2, 5, 10</column>
<column name="in_V_V_TDATA_blk_n">9, 2, 1, 2</column>
<column name="nf_assign_fu_216">9, 2, 32, 64</column>
<column name="out_V_V_TDATA_blk_n">9, 2, 1, 2</column>
<column name="sf_fu_212">9, 2, 32, 64</column>
<column name="tile_assign_fu_208">15, 3, 32, 96</column>
</table>
</item>
<item name = "Register"><table name="" hasTotal="1">
<keys size="5">Name, FF, LUT, Bits, Const Bits</keys>
<column name="accu_V_10_fu_184">32, 0, 32, 0</column>
<column name="accu_V_11_fu_188">32, 0, 32, 0</column>
<column name="accu_V_12_fu_192">32, 0, 32, 0</column>
<column name="accu_V_13_fu_196">32, 0, 32, 0</column>
<column name="accu_V_14_fu_200">32, 0, 32, 0</column>
<column name="accu_V_1_fu_148">32, 0, 32, 0</column>
<column name="accu_V_2_fu_152">32, 0, 32, 0</column>
<column name="accu_V_3_fu_156">32, 0, 32, 0</column>
<column name="accu_V_4_fu_160">32, 0, 32, 0</column>
<column name="accu_V_5_fu_164">32, 0, 32, 0</column>
<column name="accu_V_6_fu_168">32, 0, 32, 0</column>
<column name="accu_V_7_fu_172">32, 0, 32, 0</column>
<column name="accu_V_8_fu_176">32, 0, 32, 0</column>
<column name="accu_V_9_fu_180">32, 0, 32, 0</column>
<column name="accu_V_fu_144">32, 0, 32, 0</column>
<column name="accu_V_s_fu_204">32, 0, 32, 0</column>
<column name="ap_CS_fsm">3, 0, 3, 0</column>
<column name="ap_enable_reg_pp0_iter0">1, 0, 1, 0</column>
<column name="ap_enable_reg_pp0_iter1">1, 0, 1, 0</column>
<column name="ap_enable_reg_pp0_iter2">1, 0, 1, 0</column>
<column name="ap_phi_reg_pp0_iter1_act_m_val_V_reg_468">16, 0, 16, 0</column>
<column name="i_reg_457">5, 0, 5, 0</column>
<column name="inputBuf_3_V_2_fu_220">16, 0, 16, 0</column>
<column name="inputBuf_3_V_3_fu_224">16, 0, 16, 0</column>
<column name="inputBuf_3_V_6_fu_228">16, 0, 16, 0</column>
<column name="inputBuf_3_V_8_fu_232">16, 0, 16, 0</column>
<column name="nf_assign_fu_216">32, 0, 32, 0</column>
<column name="sf_fu_212">32, 0, 32, 0</column>
<column name="tile_assign_fu_208">32, 0, 32, 0</column>
<column name="tmp115_reg_10244">3, 0, 3, 0</column>
<column name="tmp119_reg_10249">3, 0, 3, 0</column>
<column name="tmp123_reg_10254">3, 0, 3, 0</column>
<column name="tmp146_reg_10274">3, 0, 3, 0</column>
<column name="tmp150_reg_10279">3, 0, 3, 0</column>
<column name="tmp154_reg_10284">3, 0, 3, 0</column>
<column name="tmp177_reg_10304">3, 0, 3, 0</column>
<column name="tmp181_reg_10309">3, 0, 3, 0</column>
<column name="tmp185_reg_10314">3, 0, 3, 0</column>
<column name="tmp208_reg_10334">3, 0, 3, 0</column>
<column name="tmp212_reg_10339">3, 0, 3, 0</column>
<column name="tmp216_reg_10344">3, 0, 3, 0</column>
<column name="tmp22_reg_10154">3, 0, 3, 0</column>
<column name="tmp239_reg_10364">3, 0, 3, 0</column>
<column name="tmp243_reg_10369">3, 0, 3, 0</column>
<column name="tmp247_reg_10374">3, 0, 3, 0</column>
<column name="tmp26_reg_10159">3, 0, 3, 0</column>
<column name="tmp270_reg_10394">3, 0, 3, 0</column>
<column name="tmp274_reg_10399">3, 0, 3, 0</column>
<column name="tmp278_reg_10404">3, 0, 3, 0</column>
<column name="tmp301_reg_10424">3, 0, 3, 0</column>
<column name="tmp305_reg_10429">3, 0, 3, 0</column>
<column name="tmp309_reg_10434">3, 0, 3, 0</column>
<column name="tmp30_reg_10164">3, 0, 3, 0</column>
<column name="tmp332_reg_10454">3, 0, 3, 0</column>
<column name="tmp336_reg_10459">3, 0, 3, 0</column>
<column name="tmp340_reg_10464">3, 0, 3, 0</column>
<column name="tmp363_reg_10484">3, 0, 3, 0</column>
<column name="tmp367_reg_10489">3, 0, 3, 0</column>
<column name="tmp371_reg_10494">3, 0, 3, 0</column>
<column name="tmp394_reg_10514">3, 0, 3, 0</column>
<column name="tmp398_reg_10519">3, 0, 3, 0</column>
<column name="tmp402_reg_10524">3, 0, 3, 0</column>
<column name="tmp425_reg_10544">3, 0, 3, 0</column>
<column name="tmp429_reg_10549">3, 0, 3, 0</column>
<column name="tmp433_reg_10554">3, 0, 3, 0</column>
<column name="tmp456_reg_10574">3, 0, 3, 0</column>
<column name="tmp460_reg_10579">3, 0, 3, 0</column>
<column name="tmp464_reg_10584">3, 0, 3, 0</column>
<column name="tmp487_reg_10604">3, 0, 3, 0</column>
<column name="tmp491_reg_10609">3, 0, 3, 0</column>
<column name="tmp495_reg_10614">3, 0, 3, 0</column>
<column name="tmp53_reg_10184">3, 0, 3, 0</column>
<column name="tmp57_reg_10189">3, 0, 3, 0</column>
<column name="tmp61_reg_10194">3, 0, 3, 0</column>
<column name="tmp84_reg_10214">3, 0, 3, 0</column>
<column name="tmp88_reg_10219">3, 0, 3, 0</column>
<column name="tmp92_reg_10224">3, 0, 3, 0</column>
<column name="tmp_12_0_11_reg_10139">1, 0, 1, 0</column>
<column name="tmp_12_0_12_reg_10144">1, 0, 1, 0</column>
<column name="tmp_12_0_13_reg_10149">1, 0, 1, 0</column>
<column name="tmp_12_10_11_reg_10439">1, 0, 1, 0</column>
<column name="tmp_12_10_12_reg_10444">1, 0, 1, 0</column>
<column name="tmp_12_10_13_reg_10449">1, 0, 1, 0</column>
<column name="tmp_12_11_11_reg_10469">1, 0, 1, 0</column>
<column name="tmp_12_11_12_reg_10474">1, 0, 1, 0</column>
<column name="tmp_12_11_13_reg_10479">1, 0, 1, 0</column>
<column name="tmp_12_12_11_reg_10499">1, 0, 1, 0</column>
<column name="tmp_12_12_12_reg_10504">1, 0, 1, 0</column>
<column name="tmp_12_12_13_reg_10509">1, 0, 1, 0</column>
<column name="tmp_12_13_11_reg_10529">1, 0, 1, 0</column>
<column name="tmp_12_13_12_reg_10534">1, 0, 1, 0</column>
<column name="tmp_12_13_13_reg_10539">1, 0, 1, 0</column>
<column name="tmp_12_14_11_reg_10559">1, 0, 1, 0</column>
<column name="tmp_12_14_12_reg_10564">1, 0, 1, 0</column>
<column name="tmp_12_14_13_reg_10569">1, 0, 1, 0</column>
<column name="tmp_12_15_11_reg_10589">1, 0, 1, 0</column>
<column name="tmp_12_15_12_reg_10594">1, 0, 1, 0</column>
<column name="tmp_12_15_13_reg_10599">1, 0, 1, 0</column>
<column name="tmp_12_1_11_reg_10169">1, 0, 1, 0</column>
<column name="tmp_12_1_12_reg_10174">1, 0, 1, 0</column>
<column name="tmp_12_1_13_reg_10179">1, 0, 1, 0</column>
<column name="tmp_12_2_11_reg_10199">1, 0, 1, 0</column>
<column name="tmp_12_2_12_reg_10204">1, 0, 1, 0</column>
<column name="tmp_12_2_13_reg_10209">1, 0, 1, 0</column>
<column name="tmp_12_3_11_reg_10229">1, 0, 1, 0</column>
<column name="tmp_12_3_12_reg_10234">1, 0, 1, 0</column>
<column name="tmp_12_3_13_reg_10239">1, 0, 1, 0</column>
<column name="tmp_12_4_11_reg_10259">1, 0, 1, 0</column>
<column name="tmp_12_4_12_reg_10264">1, 0, 1, 0</column>
<column name="tmp_12_4_13_reg_10269">1, 0, 1, 0</column>
<column name="tmp_12_5_11_reg_10289">1, 0, 1, 0</column>
<column name="tmp_12_5_12_reg_10294">1, 0, 1, 0</column>
<column name="tmp_12_5_13_reg_10299">1, 0, 1, 0</column>
<column name="tmp_12_6_11_reg_10319">1, 0, 1, 0</column>
<column name="tmp_12_6_12_reg_10324">1, 0, 1, 0</column>
<column name="tmp_12_6_13_reg_10329">1, 0, 1, 0</column>
<column name="tmp_12_7_11_reg_10349">1, 0, 1, 0</column>
<column name="tmp_12_7_12_reg_10354">1, 0, 1, 0</column>
<column name="tmp_12_7_13_reg_10359">1, 0, 1, 0</column>
<column name="tmp_12_8_11_reg_10379">1, 0, 1, 0</column>
<column name="tmp_12_8_12_reg_10384">1, 0, 1, 0</column>
<column name="tmp_12_8_13_reg_10389">1, 0, 1, 0</column>
<column name="tmp_12_9_11_reg_10409">1, 0, 1, 0</column>
<column name="tmp_12_9_12_reg_10414">1, 0, 1, 0</column>
<column name="tmp_12_9_13_reg_10419">1, 0, 1, 0</column>
<column name="tmp_497_reg_10119">2, 0, 2, 0</column>
<column name="tmp_497_reg_10119_pp0_iter1_reg">2, 0, 2, 0</column>
<column name="tmp_4_reg_10015">1, 0, 1, 0</column>
<column name="tmp_4_reg_10015_pp0_iter1_reg">1, 0, 1, 0</column>
<column name="tmp_s_reg_10115">1, 0, 1, 0</column>
<column name="tmp_s_reg_10115_pp0_iter1_reg">1, 0, 1, 0</column>
</table>
</item>
</section>
</item>
</section>

<section name = "Interface" level="0">
<item name = "Summary"><table name="" hasTotal="0">
<keys size="6">RTL Ports, Dir, Bits, Protocol, Source Object, C Type</keys>
<column name="ap_clk">in, 1, ap_ctrl_hs, Matrix_Vector_Activa, return value</column>
<column name="ap_rst">in, 1, ap_ctrl_hs, Matrix_Vector_Activa, return value</column>
<column name="ap_start">in, 1, ap_ctrl_hs, Matrix_Vector_Activa, return value</column>
<column name="ap_done">out, 1, ap_ctrl_hs, Matrix_Vector_Activa, return value</column>
<column name="ap_idle">out, 1, ap_ctrl_hs, Matrix_Vector_Activa, return value</column>
<column name="ap_ready">out, 1, ap_ctrl_hs, Matrix_Vector_Activa, return value</column>
<column name="in_V_V_TDATA">in, 16, axis, in_V_V, pointer</column>
<column name="in_V_V_TVALID">in, 1, axis, in_V_V, pointer</column>
<column name="in_V_V_TREADY">out, 1, axis, in_V_V, pointer</column>
<column name="out_V_V_TDATA">out, 16, axis, out_V_V, pointer</column>
<column name="out_V_V_TVALID">out, 1, axis, out_V_V, pointer</column>
<column name="out_V_V_TREADY">in, 1, axis, out_V_V, pointer</column>
</table>
</item>
</section>
</profile>
