<stg><name>StreamingFCLayer_Batch_2</name>


<trans_list>

<trans id="14" from="1" to="2">
<condition id="-1">
<or_exp><and_exp></and_exp></or_exp>
</condition>
</trans>

<trans id="15" from="2" to="3">
<condition id="-1">
<or_exp><and_exp></and_exp></or_exp>
</condition>
</trans>

<trans id="16" from="3" to="4">
<condition id="-1">
<or_exp><and_exp></and_exp></or_exp>
</condition>
</trans>
</trans_list>



<state_list>

<state id="1" st_id="1">
</state>

<state id="2" st_id="2">

<operation id="5" st_id="2" stage="2" lat="2">
<core></core>
<MemPortIdVec></MemPortIdVec>
<condition id="-1">
<or_exp><and_exp></and_exp></or_exp>
</condition>

<Node id="25" bw="0" op_0_bw="0" op_1_bw="16" op_2_bw="16">
<![CDATA[
:6  call fastcc void @Matrix_Vector_Activa(i16* %in0_V_V, i16* %out_V_V)

]]></Node>
<StgValue><ssdm name=""/></StgValue>
</operation>
</state>

<state id="3" st_id="3">

<operation id="6" st_id="3" stage="1" lat="2">
<core></core>
<MemPortIdVec></MemPortIdVec>
<condition id="-1">
<or_exp><and_exp></and_exp></or_exp>
</condition>

<Node id="25" bw="0" op_0_bw="0" op_1_bw="16" op_2_bw="16">
<![CDATA[
:6  call fastcc void @Matrix_Vector_Activa(i16* %in0_V_V, i16* %out_V_V)

]]></Node>
<StgValue><ssdm name=""/></StgValue>
</operation>
</state>

<state id="4" st_id="4">

<operation id="7" st_id="4" stage="1" lat="1">
<core>NULL</core>
<MemPortIdVec></MemPortIdVec>
<condition id="-1">
<or_exp><and_exp></and_exp></or_exp>
</condition>

<Node id="19" bw="0" op_0_bw="0" op_1_bw="16">
<![CDATA[
:0  call void (...)* @_ssdm_op_SpecBitsMap(i16* %in0_V_V), !map !123

]]></Node>
<StgValue><ssdm name=""/></StgValue>
</operation>

<operation id="8" st_id="4" stage="1" lat="1">
<core>NULL</core>
<MemPortIdVec></MemPortIdVec>
<condition id="-1">
<or_exp><and_exp></and_exp></or_exp>
</condition>

<Node id="20" bw="0" op_0_bw="0" op_1_bw="16">
<![CDATA[
:1  call void (...)* @_ssdm_op_SpecBitsMap(i16* %out_V_V), !map !127

]]></Node>
<StgValue><ssdm name=""/></StgValue>
</operation>

<operation id="9" st_id="4" stage="1" lat="1">
<core>NULL</core>
<MemPortIdVec></MemPortIdVec>
<condition id="-1">
<or_exp><and_exp></and_exp></or_exp>
</condition>

<Node id="21" bw="0" op_0_bw="0" op_1_bw="0">
<![CDATA[
:2  call void (...)* @_ssdm_op_SpecTopModule([25 x i8]* @StreamingFCLayer_Bat) nounwind

]]></Node>
<StgValue><ssdm name=""/></StgValue>
</operation>

<operation id="10" st_id="4" stage="1" lat="1">
<core>NULL</core>
<MemPortIdVec></MemPortIdVec>
<condition id="-1">
<or_exp><and_exp></and_exp></or_exp>
</condition>

<Node id="22" bw="0" op_0_bw="0" op_1_bw="16" op_2_bw="0" op_3_bw="32" op_4_bw="32" op_5_bw="0" op_6_bw="32" op_7_bw="32" op_8_bw="0" op_9_bw="0" op_10_bw="0" op_11_bw="32" op_12_bw="32" op_13_bw="32" op_14_bw="32" op_15_bw="0" op_16_bw="0">
<![CDATA[
:3  call void (...)* @_ssdm_op_SpecInterface(i16* %in0_V_V, [5 x i8]* @p_str254, i32 1, i32 1, [5 x i8]* @p_str255, i32 0, i32 0, [1 x i8]* @p_str256, [1 x i8]* @p_str256, [1 x i8]* @p_str256, i32 0, i32 0, i32 0, i32 0, [1 x i8]* @p_str256, [1 x i8]* @p_str256) nounwind

]]></Node>
<StgValue><ssdm name=""/></StgValue>
</operation>

<operation id="11" st_id="4" stage="1" lat="1">
<core>NULL</core>
<MemPortIdVec></MemPortIdVec>
<condition id="-1">
<or_exp><and_exp></and_exp></or_exp>
</condition>

<Node id="23" bw="0" op_0_bw="0" op_1_bw="16" op_2_bw="0" op_3_bw="32" op_4_bw="32" op_5_bw="0" op_6_bw="32" op_7_bw="32" op_8_bw="0" op_9_bw="0" op_10_bw="0" op_11_bw="32" op_12_bw="32" op_13_bw="32" op_14_bw="32" op_15_bw="0" op_16_bw="0">
<![CDATA[
:4  call void (...)* @_ssdm_op_SpecInterface(i16* %out_V_V, [5 x i8]* @p_str254, i32 1, i32 1, [5 x i8]* @p_str255, i32 0, i32 0, [1 x i8]* @p_str256, [1 x i8]* @p_str256, [1 x i8]* @p_str256, i32 0, i32 0, i32 0, i32 0, [1 x i8]* @p_str256, [1 x i8]* @p_str256) nounwind

]]></Node>
<StgValue><ssdm name=""/></StgValue>
</operation>

<operation id="12" st_id="4" stage="1" lat="1">
<core>NULL</core>
<MemPortIdVec></MemPortIdVec>
<condition id="-1">
<or_exp><and_exp></and_exp></or_exp>
</condition>

<Node id="24" bw="0" op_0_bw="0" op_1_bw="32" op_2_bw="0" op_3_bw="32" op_4_bw="32" op_5_bw="0" op_6_bw="32" op_7_bw="32" op_8_bw="0" op_9_bw="0" op_10_bw="0" op_11_bw="32" op_12_bw="32" op_13_bw="32" op_14_bw="32" op_15_bw="0" op_16_bw="0">
<![CDATA[
:5  call void (...)* @_ssdm_op_SpecInterface(i32 0, [13 x i8]* @p_str257, i32 0, i32 0, [1 x i8]* @p_str256, i32 0, i32 0, [1 x i8]* @p_str256, [1 x i8]* @p_str256, [1 x i8]* @p_str256, i32 0, i32 0, i32 0, i32 0, [1 x i8]* @p_str256, [1 x i8]* @p_str256) nounwind

]]></Node>
<StgValue><ssdm name=""/></StgValue>
</operation>

<operation id="13" st_id="4" stage="1" lat="1">
<core>NULL</core>
<MemPortIdVec></MemPortIdVec>
<condition id="-1">
<or_exp><and_exp></and_exp></or_exp>
</condition>

<Node id="26" bw="0">
<![CDATA[
:7  ret void

]]></Node>
<StgValue><ssdm name=""/></StgValue>
</operation>
</state>
</state_list>


<ports>
<port id="17" name="in0_V_V" dir="0" iftype="0">
<core>NULL</core><StgValue><ssdm name="in0_V_V"/></StgValue>
</port>
<port id="18" name="out_V_V" dir="1" iftype="0">
<core>NULL</core><StgValue><ssdm name="out_V_V"/></StgValue>
</port>
<port id="19" name="weights_m_weights_V_s" dir="0" iftype="1">
<core>ROM_nP</core><StgValue><ssdm name="weights_m_weights_V_s"/><MemPortTyVec>1 </MemPortTyVec>
</StgValue>
</port>
<port id="20" name="weights_m_weights_V_1" dir="0" iftype="1">
<core>ROM_nP</core><StgValue><ssdm name="weights_m_weights_V_1"/><MemPortTyVec>1 </MemPortTyVec>
</StgValue>
</port>
<port id="21" name="weights_m_weights_V_2" dir="0" iftype="1">
<core>ROM_nP</core><StgValue><ssdm name="weights_m_weights_V_2"/><MemPortTyVec>1 </MemPortTyVec>
</StgValue>
</port>
<port id="22" name="weights_m_weights_V_3" dir="0" iftype="1">
<core>ROM_nP</core><StgValue><ssdm name="weights_m_weights_V_3"/><MemPortTyVec>1 </MemPortTyVec>
</StgValue>
</port>
<port id="23" name="weights_m_weights_V_4" dir="0" iftype="1">
<core>ROM_nP</core><StgValue><ssdm name="weights_m_weights_V_4"/><MemPortTyVec>1 </MemPortTyVec>
</StgValue>
</port>
<port id="24" name="weights_m_weights_V_5" dir="0" iftype="1">
<core>ROM_nP</core><StgValue><ssdm name="weights_m_weights_V_5"/><MemPortTyVec>1 </MemPortTyVec>
</StgValue>
</port>
<port id="25" name="weights_m_weights_V_6" dir="0" iftype="1">
<core>ROM_nP</core><StgValue><ssdm name="weights_m_weights_V_6"/><MemPortTyVec>1 </MemPortTyVec>
</StgValue>
</port>
<port id="26" name="weights_m_weights_V_7" dir="0" iftype="1">
<core>ROM_nP</core><StgValue><ssdm name="weights_m_weights_V_7"/><MemPortTyVec>1 </MemPortTyVec>
</StgValue>
</port>
<port id="27" name="weights_m_weights_V_8" dir="0" iftype="1">
<core>ROM_nP</core><StgValue><ssdm name="weights_m_weights_V_8"/><MemPortTyVec>1 </MemPortTyVec>
</StgValue>
</port>
<port id="28" name="weights_m_weights_V_9" dir="0" iftype="1">
<core>ROM_nP</core><StgValue><ssdm name="weights_m_weights_V_9"/><MemPortTyVec>1 </MemPortTyVec>
</StgValue>
</port>
<port id="29" name="weights_m_weights_V_10" dir="0" iftype="1">
<core>ROM_nP</core><StgValue><ssdm name="weights_m_weights_V_10"/><MemPortTyVec>1 </MemPortTyVec>
</StgValue>
</port>
<port id="30" name="weights_m_weights_V_11" dir="0" iftype="1">
<core>ROM_nP</core><StgValue><ssdm name="weights_m_weights_V_11"/><MemPortTyVec>1 </MemPortTyVec>
</StgValue>
</port>
<port id="31" name="weights_m_weights_V_12" dir="0" iftype="1">
<core>ROM_nP</core><StgValue><ssdm name="weights_m_weights_V_12"/><MemPortTyVec>1 </MemPortTyVec>
</StgValue>
</port>
<port id="32" name="weights_m_weights_V_13" dir="0" iftype="1">
<core>ROM_nP</core><StgValue><ssdm name="weights_m_weights_V_13"/><MemPortTyVec>1 </MemPortTyVec>
</StgValue>
</port>
<port id="33" name="weights_m_weights_V_14" dir="0" iftype="1">
<core>ROM_nP</core><StgValue><ssdm name="weights_m_weights_V_14"/><MemPortTyVec>1 </MemPortTyVec>
</StgValue>
</port>
<port id="34" name="weights_m_weights_V_15" dir="0" iftype="1">
<core>ROM_nP</core><StgValue><ssdm name="weights_m_weights_V_15"/><MemPortTyVec>1 </MemPortTyVec>
</StgValue>
</port>
</ports>


<dataflows>
<dataflow id="36" from="Matrix_Vector_Activa" to="StgValue_5" fromId="35" toId="5">
</dataflow>
<dataflow id="37" from="in0_V_V" to="StgValue_5" fromId="17" toId="5">
</dataflow>
<dataflow id="38" from="out_V_V" to="StgValue_5" fromId="18" toId="5">
</dataflow>
<dataflow id="39" from="weights_m_weights_V_s" to="StgValue_5" fromId="19" toId="5">
</dataflow>
<dataflow id="40" from="weights_m_weights_V_1" to="StgValue_5" fromId="20" toId="5">
</dataflow>
<dataflow id="41" from="weights_m_weights_V_2" to="StgValue_5" fromId="21" toId="5">
</dataflow>
<dataflow id="42" from="weights_m_weights_V_3" to="StgValue_5" fromId="22" toId="5">
</dataflow>
<dataflow id="43" from="weights_m_weights_V_4" to="StgValue_5" fromId="23" toId="5">
</dataflow>
<dataflow id="44" from="weights_m_weights_V_5" to="StgValue_5" fromId="24" toId="5">
</dataflow>
<dataflow id="45" from="weights_m_weights_V_6" to="StgValue_5" fromId="25" toId="5">
</dataflow>
<dataflow id="46" from="weights_m_weights_V_7" to="StgValue_5" fromId="26" toId="5">
</dataflow>
<dataflow id="47" from="weights_m_weights_V_8" to="StgValue_5" fromId="27" toId="5">
</dataflow>
<dataflow id="48" from="weights_m_weights_V_9" to="StgValue_5" fromId="28" toId="5">
</dataflow>
<dataflow id="49" from="weights_m_weights_V_10" to="StgValue_5" fromId="29" toId="5">
</dataflow>
<dataflow id="50" from="weights_m_weights_V_11" to="StgValue_5" fromId="30" toId="5">
</dataflow>
<dataflow id="51" from="weights_m_weights_V_12" to="StgValue_5" fromId="31" toId="5">
</dataflow>
<dataflow id="52" from="weights_m_weights_V_13" to="StgValue_5" fromId="32" toId="5">
</dataflow>
<dataflow id="53" from="weights_m_weights_V_14" to="StgValue_5" fromId="33" toId="5">
</dataflow>
<dataflow id="54" from="weights_m_weights_V_15" to="StgValue_5" fromId="34" toId="5">
</dataflow>
<dataflow id="55" from="Matrix_Vector_Activa" to="StgValue_6" fromId="35" toId="6">
</dataflow>
<dataflow id="56" from="in0_V_V" to="StgValue_6" fromId="17" toId="6">
</dataflow>
<dataflow id="57" from="out_V_V" to="StgValue_6" fromId="18" toId="6">
</dataflow>
<dataflow id="58" from="weights_m_weights_V_s" to="StgValue_6" fromId="19" toId="6">
</dataflow>
<dataflow id="59" from="weights_m_weights_V_1" to="StgValue_6" fromId="20" toId="6">
</dataflow>
<dataflow id="60" from="weights_m_weights_V_2" to="StgValue_6" fromId="21" toId="6">
</dataflow>
<dataflow id="61" from="weights_m_weights_V_3" to="StgValue_6" fromId="22" toId="6">
</dataflow>
<dataflow id="62" from="weights_m_weights_V_4" to="StgValue_6" fromId="23" toId="6">
</dataflow>
<dataflow id="63" from="weights_m_weights_V_5" to="StgValue_6" fromId="24" toId="6">
</dataflow>
<dataflow id="64" from="weights_m_weights_V_6" to="StgValue_6" fromId="25" toId="6">
</dataflow>
<dataflow id="65" from="weights_m_weights_V_7" to="StgValue_6" fromId="26" toId="6">
</dataflow>
<dataflow id="66" from="weights_m_weights_V_8" to="StgValue_6" fromId="27" toId="6">
</dataflow>
<dataflow id="67" from="weights_m_weights_V_9" to="StgValue_6" fromId="28" toId="6">
</dataflow>
<dataflow id="68" from="weights_m_weights_V_10" to="StgValue_6" fromId="29" toId="6">
</dataflow>
<dataflow id="69" from="weights_m_weights_V_11" to="StgValue_6" fromId="30" toId="6">
</dataflow>
<dataflow id="70" from="weights_m_weights_V_12" to="StgValue_6" fromId="31" toId="6">
</dataflow>
<dataflow id="71" from="weights_m_weights_V_13" to="StgValue_6" fromId="32" toId="6">
</dataflow>
<dataflow id="72" from="weights_m_weights_V_14" to="StgValue_6" fromId="33" toId="6">
</dataflow>
<dataflow id="73" from="weights_m_weights_V_15" to="StgValue_6" fromId="34" toId="6">
</dataflow>
<dataflow id="75" from="_ssdm_op_SpecBitsMap" to="StgValue_7" fromId="74" toId="7">
</dataflow>
<dataflow id="76" from="in0_V_V" to="StgValue_7" fromId="17" toId="7">
</dataflow>
<dataflow id="77" from="_ssdm_op_SpecBitsMap" to="StgValue_8" fromId="74" toId="8">
</dataflow>
<dataflow id="78" from="out_V_V" to="StgValue_8" fromId="18" toId="8">
</dataflow>
<dataflow id="80" from="_ssdm_op_SpecTopModule" to="StgValue_9" fromId="79" toId="9">
</dataflow>
<dataflow id="82" from="StreamingFCLayer_Bat" to="StgValue_9" fromId="81" toId="9">
</dataflow>
<dataflow id="84" from="_ssdm_op_SpecInterface" to="StgValue_10" fromId="83" toId="10">
</dataflow>
<dataflow id="85" from="in0_V_V" to="StgValue_10" fromId="17" toId="10">
</dataflow>
<dataflow id="87" from="p_str254" to="StgValue_10" fromId="86" toId="10">
</dataflow>
<dataflow id="89" from="StgValue_88" to="StgValue_10" fromId="88" toId="10">
</dataflow>
<dataflow id="90" from="StgValue_88" to="StgValue_10" fromId="88" toId="10">
</dataflow>
<dataflow id="92" from="p_str255" to="StgValue_10" fromId="91" toId="10">
</dataflow>
<dataflow id="94" from="StgValue_93" to="StgValue_10" fromId="93" toId="10">
</dataflow>
<dataflow id="95" from="StgValue_93" to="StgValue_10" fromId="93" toId="10">
</dataflow>
<dataflow id="97" from="p_str256" to="StgValue_10" fromId="96" toId="10">
</dataflow>
<dataflow id="98" from="p_str256" to="StgValue_10" fromId="96" toId="10">
</dataflow>
<dataflow id="99" from="p_str256" to="StgValue_10" fromId="96" toId="10">
</dataflow>
<dataflow id="100" from="StgValue_93" to="StgValue_10" fromId="93" toId="10">
</dataflow>
<dataflow id="101" from="StgValue_93" to="StgValue_10" fromId="93" toId="10">
</dataflow>
<dataflow id="102" from="StgValue_93" to="StgValue_10" fromId="93" toId="10">
</dataflow>
<dataflow id="103" from="StgValue_93" to="StgValue_10" fromId="93" toId="10">
</dataflow>
<dataflow id="104" from="p_str256" to="StgValue_10" fromId="96" toId="10">
</dataflow>
<dataflow id="105" from="p_str256" to="StgValue_10" fromId="96" toId="10">
</dataflow>
<dataflow id="106" from="_ssdm_op_SpecInterface" to="StgValue_11" fromId="83" toId="11">
</dataflow>
<dataflow id="107" from="out_V_V" to="StgValue_11" fromId="18" toId="11">
</dataflow>
<dataflow id="108" from="p_str254" to="StgValue_11" fromId="86" toId="11">
</dataflow>
<dataflow id="109" from="StgValue_88" to="StgValue_11" fromId="88" toId="11">
</dataflow>
<dataflow id="110" from="StgValue_88" to="StgValue_11" fromId="88" toId="11">
</dataflow>
<dataflow id="111" from="p_str255" to="StgValue_11" fromId="91" toId="11">
</dataflow>
<dataflow id="112" from="StgValue_93" to="StgValue_11" fromId="93" toId="11">
</dataflow>
<dataflow id="113" from="StgValue_93" to="StgValue_11" fromId="93" toId="11">
</dataflow>
<dataflow id="114" from="p_str256" to="StgValue_11" fromId="96" toId="11">
</dataflow>
<dataflow id="115" from="p_str256" to="StgValue_11" fromId="96" toId="11">
</dataflow>
<dataflow id="116" from="p_str256" to="StgValue_11" fromId="96" toId="11">
</dataflow>
<dataflow id="117" from="StgValue_93" to="StgValue_11" fromId="93" toId="11">
</dataflow>
<dataflow id="118" from="StgValue_93" to="StgValue_11" fromId="93" toId="11">
</dataflow>
<dataflow id="119" from="StgValue_93" to="StgValue_11" fromId="93" toId="11">
</dataflow>
<dataflow id="120" from="StgValue_93" to="StgValue_11" fromId="93" toId="11">
</dataflow>
<dataflow id="121" from="p_str256" to="StgValue_11" fromId="96" toId="11">
</dataflow>
<dataflow id="122" from="p_str256" to="StgValue_11" fromId="96" toId="11">
</dataflow>
<dataflow id="123" from="_ssdm_op_SpecInterface" to="StgValue_12" fromId="83" toId="12">
</dataflow>
<dataflow id="124" from="StgValue_93" to="StgValue_12" fromId="93" toId="12">
</dataflow>
<dataflow id="126" from="p_str257" to="StgValue_12" fromId="125" toId="12">
</dataflow>
<dataflow id="127" from="StgValue_93" to="StgValue_12" fromId="93" toId="12">
</dataflow>
<dataflow id="128" from="StgValue_93" to="StgValue_12" fromId="93" toId="12">
</dataflow>
<dataflow id="129" from="p_str256" to="StgValue_12" fromId="96" toId="12">
</dataflow>
<dataflow id="130" from="StgValue_93" to="StgValue_12" fromId="93" toId="12">
</dataflow>
<dataflow id="131" from="StgValue_93" to="StgValue_12" fromId="93" toId="12">
</dataflow>
<dataflow id="132" from="p_str256" to="StgValue_12" fromId="96" toId="12">
</dataflow>
<dataflow id="133" from="p_str256" to="StgValue_12" fromId="96" toId="12">
</dataflow>
<dataflow id="134" from="p_str256" to="StgValue_12" fromId="96" toId="12">
</dataflow>
<dataflow id="135" from="StgValue_93" to="StgValue_12" fromId="93" toId="12">
</dataflow>
<dataflow id="136" from="StgValue_93" to="StgValue_12" fromId="93" toId="12">
</dataflow>
<dataflow id="137" from="StgValue_93" to="StgValue_12" fromId="93" toId="12">
</dataflow>
<dataflow id="138" from="StgValue_93" to="StgValue_12" fromId="93" toId="12">
</dataflow>
<dataflow id="139" from="p_str256" to="StgValue_12" fromId="96" toId="12">
</dataflow>
<dataflow id="140" from="p_str256" to="StgValue_12" fromId="96" toId="12">
</dataflow>
</dataflows>


</stg>
