{
  "Top": "StreamingFCLayer_Batch_3",
  "RtlTop": "StreamingFCLayer_Batch_3_StreamingFCLayer_Batch_3",
  "RtlPrefix": "StreamingFCLayer_Batch_3_",
  "SourceLanguage": "cpp",
  "ResetStyle": "control",
  "GenerateBdFiles": "1",
  "HostMachineBits": "64",
  "Target": {
    "Family": "kintexu",
    "Device": "xcku040",
    "Package": "-ffva1156",
    "Speed": "-2-e"
  },
  "HlsSolution": {"Config": [
      "config_interface -m_axi_addr64=1",
      "config_rtl -auto_prefix=1"
    ]},
  "ClockInfo": {
    "ClockName": "ap_clk",
    "ClockPeriod": "5",
    "IsCombLogic": "0",
    "II": "x",
    "Latency": "9",
    "Uncertainty": "0.625"
  },
  "Xdc": {"OocClocks": ["create_clock -name ap_clk -period 5.000 [get_ports ap_clk]"]},
  "Ipx": {
    "Vendor": "xilinx.com",
    "Library": "hls",
    "Name": "StreamingFCLayer_Batch_3_StreamingFCLayer_Batch_3",
    "Version": "1.0",
    "DisplayName": "Streamingfclayer_batch_3_streamingfclayer_batch_3",
    "Revision": "",
    "Description": "An IP generated by Vivado HLS",
    "Taxonomy": "\/VIVADO_HLS_IP",
    "AutoFamilySupport": ""
  },
  "Files": {
    "CSource": ["\/workspace\/finn\/tmp\/finn_user-bibo\/code_gen_ipgen_StreamingFCLayer_Batch_vt075l8n\/top_StreamingFCLayer_Batch_3.cpp"],
    "Vhdl": [
      "impl\/vhdl\/StreamingFCLayer_Batch_3_Matrix_Vector_Activa.vhd",
      "impl\/vhdl\/StreamingFCLayer_Batch_3_StreamingFCLayer_Batch_3_mux_42_16_1_1.vhd",
      "impl\/vhdl\/StreamingFCLayer_Batch_3_StreamingFCLayer_Batch_3.vhd"
    ],
    "Verilog": [
      "impl\/verilog\/StreamingFCLayer_Batch_3_Matrix_Vector_Activa.v",
      "impl\/verilog\/StreamingFCLayer_Batch_3_StreamingFCLayer_Batch_3_mux_42_16_1_1.v",
      "impl\/verilog\/StreamingFCLayer_Batch_3_StreamingFCLayer_Batch_3.v"
    ],
    "Misc": ["impl\/misc\/logo.png"],
    "DesignXml": "\/workspace\/finn\/tmp\/finn_user-bibo\/code_gen_ipgen_StreamingFCLayer_Batch_vt075l8n\/project_StreamingFCLayer_Batch_3\/sol1\/.autopilot\/db\/StreamingFCLayer_Batch_3.design.xml"
  },
  "SubcoreInfo": {
    "HasXpmMemory": false,
    "HasClockedDsp": false,
    "IP": []
  },
  "Interfaces": {
    "ap_clk": {
      "type": "clock",
      "ctype": {"CLK": {"Type": "bool"}},
      "buses": "in0_V_V out_V_V",
      "reset": "ap_rst_n"
    },
    "ap_rst_n": {
      "type": "reset",
      "polarity": "ACTIVE_LOW",
      "ctype": {"RST": {"Type": "bool"}}
    },
    "in0_V_V": {
      "type": "axi4stream",
      "mode": "slave",
      "port_prefix": "in0_V_V",
      "has_tready": "1",
      "ctype": {
        "TDATA": {
          "Type": "integer unsigned",
          "Width": "16"
        },
        "TVALID": {"Type": "bool"},
        "TREADY": {"Type": "bool"}
      },
      "port_width": {"TDATA": "16"}
    },
    "out_V_V": {
      "type": "axi4stream",
      "mode": "master",
      "port_prefix": "out_V_V",
      "has_tready": "1",
      "ctype": {
        "TDATA": {
          "Type": "integer unsigned",
          "Width": "320"
        },
        "TVALID": {"Type": "bool"},
        "TREADY": {"Type": "bool"}
      },
      "port_width": {"TDATA": "320"}
    }
  },
  "RtlPorts": {
    "ap_clk": {
      "dir": "in",
      "width": "1"
    },
    "ap_rst_n": {
      "dir": "in",
      "width": "1"
    },
    "in0_V_V_TDATA": {
      "dir": "in",
      "width": "16"
    },
    "in0_V_V_TVALID": {
      "dir": "in",
      "width": "1"
    },
    "in0_V_V_TREADY": {
      "dir": "out",
      "width": "1"
    },
    "out_V_V_TDATA": {
      "dir": "out",
      "width": "320"
    },
    "out_V_V_TVALID": {
      "dir": "out",
      "width": "1"
    },
    "out_V_V_TREADY": {
      "dir": "in",
      "width": "1"
    }
  },
  "CPorts": {
    "in0_V_V": {
      "interfaceRef": "in0_V_V",
      "dir": "in"
    },
    "out_V_V": {
      "interfaceRef": "out_V_V",
      "dir": "out",
      "firstOutLatency": "2"
    }
  },
  "ModuleInfo": {
    "Hierarchy": {
      "ModuleName": "StreamingFCLayer_Batch_3",
      "Instances": [{
          "ModuleName": "Matrix_Vector_Activa",
          "InstanceName": "grp_Matrix_Vector_Activa_fu_26"
        }]
    },
    "Metrics": {
      "Matrix_Vector_Activa": {
        "Latency": {
          "LatencyBest": "6",
          "LatencyAvg": "6",
          "LatencyWorst": "6",
          "PipelineII": "6",
          "PipelineDepth": "",
          "PipelineType": "none"
        },
        "Timing": {
          "Target": "5.00",
          "Uncertainty": "0.62",
          "Estimate": "4.298"
        },
        "Loops": [{
            "Name": "Loop 1",
            "TripCount": "4",
            "Latency": "4",
            "PipelineII": "1",
            "PipelineDepth": "2"
          }],
        "Area": {
          "FF": "507",
          "LUT": "4584",
          "BRAM_18K": "0",
          "DSP48E": "0"
        }
      },
      "StreamingFCLayer_Batch_3": {
        "Latency": {
          "LatencyBest": "9",
          "LatencyAvg": "9",
          "LatencyWorst": "9",
          "PipelineII": "10",
          "PipelineDepth": "",
          "PipelineType": "none"
        },
        "Timing": {
          "Target": "5.00",
          "Uncertainty": "0.62",
          "Estimate": "4.298"
        },
        "Area": {
          "FF": "1192",
          "LUT": "4694",
          "BRAM_18K": "0",
          "DSP48E": "0"
        }
      }
    }
  },
  "Sdx": {
    "Target": "none",
    "ProfileOption": "0",
    "ProfileType": "none",
    "XO": "",
    "KernelName": "StreamingFCLayer_Batch_3",
    "EnableXoSwEmu": "1"
  },
  "GenData": {
    "DataVersion": "0.1",
    "Time": "2020-06-19 23:29:54 +0000",
    "ToolName": "vivado_hls",
    "ToolVersion": "2018.3"
  }
}
