<?xml version="1.0" encoding="utf-8"?>
<xd:acceleratorMap xmlns:xd="http://www.xilinx.com/xidane" xd:functionName="fetch" xd:componentRef="fetch" xd:initiationInterval="x" xd:clockPeriod="2.000" xd:sequential="true" xd:hostMachine="64" xd:reset="control">
  <xd:controlReg xd:name="control" xd:interfaceRef="s_axi_CONTROL_BUS" xd:busTypeRef="axilite" xd:type="generic_axi_lite" xd:offset="0x0"/>
  <xd:arg xd:name="*(insns)" xd:originalName="insns" xd:direction="inout" xd:interfaceRef="m_axi_ins_port" xd:busTypeRef="aximm" xd:dataWidth="128" xd:bufferDirection="in"/>
  <xd:arg xd:name="insn_count" xd:originalName="insn_count" xd:direction="in" xd:interfaceRef="s_axi_CONTROL_BUS" xd:busTypeRef="axilite" xd:offset="0x10" xd:handshakeRef="ap_none" xd:dataWidth="32"/>
  <xd:arg xd:name="insns_V" xd:originalName="insns_V" xd:direction="in" xd:interfaceRef="s_axi_CONTROL_BUS" xd:busTypeRef="axilite" xd:aximmInterfaceRef="m_axi_ins_port" xd:dataWidth="32" xd:offset="0x18" xd:handshakeRef="ap_none"/>
  <xd:arg xd:name="load_queue" xd:originalName="load_queue" xd:direction="out" xd:interfaceRef="load_queue_V_V" xd:busTypeRef="axis" xd:dataWidth="128"/>
  <xd:arg xd:name="gemm_queue" xd:originalName="gemm_queue" xd:direction="out" xd:interfaceRef="gemm_queue_V_V" xd:busTypeRef="axis" xd:dataWidth="128"/>
  <xd:arg xd:name="store_queue" xd:originalName="store_queue" xd:direction="out" xd:interfaceRef="store_queue_V_V" xd:busTypeRef="axis" xd:dataWidth="128"/>
  <xd:latencyEstimates xd:best-case="undef" xd:worst-case="undef" xd:average-case="undef"/>
  <xd:resourceEstimates xd:LUT="1307" xd:FF="1753" xd:BRAM="12" xd:DSP="0"/>
</xd:acceleratorMap>
