<?xml version="1.0" encoding="UTF-8"?>
<project>
  <core name="" type="" target="">
    <kernel name="fetch" language="c" vlnv="xilinx.com:hls:fetch:1.0" attributes="" hash="" preferredWorkGroupSizeMultiple="0" workGroupSize="1" debug="false" interrupt="true">
      <port name="M_AXI_INS_PORT" mode="master" range="0xFFFFFFFF" dataWidth="128" portType="addressable" base="0x00000000"/>
      <port name="S_AXI_CONTROL_BUS" mode="slave" range="0x1000" dataWidth="32" portType="addressable" base="0x00000000"/>
      <arg name="insn_count" addressQualifier="0" id="0" port="S_AXI_CONTROL_BUS" size="0x4" offset="0x10" hostOffset="0x0" hostSize="0x4" type="unsigned int"/>
      <arg name="insns_V" addressQualifier="1" id="1" port="M_AXI_INS_PORT" size="0x4" offset="0x18" hostOffset="0x0" hostSize="0x4" type="*"/>
      <compileWorkGroupSize x="1" y="1" z="1"/>
    </kernel>
  </core>
</project>
