<?xml version="1.0" encoding="utf-8"?>
<xd:acceleratorMap xmlns:xd="http://www.xilinx.com/xidane" xd:functionName="compute" xd:componentRef="compute" xd:initiationInterval="x" xd:clockPeriod="2.000" xd:sequential="true" xd:hostMachine="64" xd:reset="control">
  <xd:controlReg xd:name="control" xd:interfaceRef="s_axi_CONTROL_BUS" xd:busTypeRef="axilite" xd:type="generic_axi_lite" xd:offset="0x0"/>
  <xd:arg xd:name="*(uops)" xd:originalName="uops" xd:direction="inout" xd:interfaceRef="m_axi_uop_port" xd:busTypeRef="aximm" xd:dataWidth="32" xd:bufferDirection="in"/>
  <xd:arg xd:name="*(biases)" xd:originalName="biases" xd:direction="inout" xd:interfaceRef="m_axi_data_port" xd:busTypeRef="aximm" xd:dataWidth="128" xd:bufferDirection="in"/>
  <xd:arg xd:name="done" xd:originalName="done" xd:direction="in" xd:interfaceRef="s_axi_CONTROL_BUS" xd:busTypeRef="axilite" xd:offset="0x10" xd:handshakeRef="ap_none" xd:dataWidth="32"/>
  <xd:arg xd:name="done" xd:originalName="done" xd:direction="out" xd:interfaceRef="s_axi_CONTROL_BUS" xd:busTypeRef="axilite" xd:offset="0x18" xd:handshakeRef="ap_vld" xd:statusOffset="0x1C" xd:dataWidth="32"/>
  <xd:arg xd:name="uops_V" xd:originalName="uops_V" xd:direction="in" xd:interfaceRef="s_axi_CONTROL_BUS" xd:busTypeRef="axilite" xd:aximmInterfaceRef="m_axi_uop_port" xd:dataWidth="32" xd:offset="0x20" xd:handshakeRef="ap_none"/>
  <xd:arg xd:name="biases_V" xd:originalName="biases_V" xd:direction="in" xd:interfaceRef="s_axi_CONTROL_BUS" xd:busTypeRef="axilite" xd:aximmInterfaceRef="m_axi_data_port" xd:dataWidth="32" xd:offset="0x28" xd:handshakeRef="ap_none"/>
  <xd:arg xd:name="gemm_queue" xd:originalName="gemm_queue" xd:direction="in" xd:interfaceRef="gemm_queue_V_V" xd:busTypeRef="axis" xd:dataWidth="128"/>
  <xd:arg xd:name="l2g_dep_queue" xd:originalName="l2g_dep_queue" xd:direction="in" xd:interfaceRef="l2g_dep_queue_V" xd:busTypeRef="axis" xd:dataWidth="1"/>
  <xd:arg xd:name="s2g_dep_queue" xd:originalName="s2g_dep_queue" xd:direction="in" xd:interfaceRef="s2g_dep_queue_V" xd:busTypeRef="axis" xd:dataWidth="1"/>
  <xd:arg xd:name="g2l_dep_queue" xd:originalName="g2l_dep_queue" xd:direction="out" xd:interfaceRef="g2l_dep_queue_V" xd:busTypeRef="axis" xd:dataWidth="1"/>
  <xd:arg xd:name="g2s_dep_queue" xd:originalName="g2s_dep_queue" xd:direction="out" xd:interfaceRef="g2s_dep_queue_V" xd:busTypeRef="axis" xd:dataWidth="1"/>
  <xd:arg xd:name="inp_mem[][0]" xd:originalName="inp_mem0" xd:direction="in" xd:interfaceRef="inp_mem_V_PORTA" xd:busTypeRef="bram" xd:firstOut="17" xd:arraySize="2048" xd:dataWidth="128"/>
  <xd:arg xd:name="wgt_mem[][0]" xd:originalName="wgt_mem0" xd:direction="in" xd:interfaceRef="wgt_mem_0_V_PORTA" xd:busTypeRef="bram" xd:firstOut="17" xd:dataPack="true" xd:bitMapping="127:0" xd:arraySize="1024" xd:dataWidth="128"/>
  <xd:arg xd:name="wgt_mem[][2]" xd:originalName="wgt_mem2" xd:direction="in" xd:interfaceRef="wgt_mem_0_V_PORTA" xd:busTypeRef="bram" xd:firstOut="17" xd:dataPack="true" xd:bitMapping="255:128" xd:arraySize="1024" xd:dataWidth="128"/>
  <xd:arg xd:name="wgt_mem[][4]" xd:originalName="wgt_mem4" xd:direction="in" xd:interfaceRef="wgt_mem_0_V_PORTA" xd:busTypeRef="bram" xd:firstOut="17" xd:dataPack="true" xd:bitMapping="383:256" xd:arraySize="1024" xd:dataWidth="128"/>
  <xd:arg xd:name="wgt_mem[][6]" xd:originalName="wgt_mem6" xd:direction="in" xd:interfaceRef="wgt_mem_0_V_PORTA" xd:busTypeRef="bram" xd:firstOut="17" xd:dataPack="true" xd:bitMapping="511:384" xd:arraySize="1024" xd:dataWidth="128"/>
  <xd:arg xd:name="wgt_mem[][8]" xd:originalName="wgt_mem8" xd:direction="in" xd:interfaceRef="wgt_mem_0_V_PORTA" xd:busTypeRef="bram" xd:firstOut="17" xd:dataPack="true" xd:bitMapping="639:512" xd:arraySize="1024" xd:dataWidth="128"/>
  <xd:arg xd:name="wgt_mem[][10]" xd:originalName="wgt_mem10" xd:direction="in" xd:interfaceRef="wgt_mem_0_V_PORTA" xd:busTypeRef="bram" xd:firstOut="17" xd:dataPack="true" xd:bitMapping="767:640" xd:arraySize="1024" xd:dataWidth="128"/>
  <xd:arg xd:name="wgt_mem[][12]" xd:originalName="wgt_mem12" xd:direction="in" xd:interfaceRef="wgt_mem_0_V_PORTA" xd:busTypeRef="bram" xd:firstOut="17" xd:dataPack="true" xd:bitMapping="895:768" xd:arraySize="1024" xd:dataWidth="128"/>
  <xd:arg xd:name="wgt_mem[][14]" xd:originalName="wgt_mem14" xd:direction="in" xd:interfaceRef="wgt_mem_0_V_PORTA" xd:busTypeRef="bram" xd:firstOut="17" xd:dataPack="true" xd:bitMapping="1023:896" xd:arraySize="1024" xd:dataWidth="128"/>
  <xd:arg xd:name="wgt_mem[][1]" xd:originalName="wgt_mem1" xd:direction="in" xd:interfaceRef="wgt_mem_1_V_PORTA" xd:busTypeRef="bram" xd:firstOut="17" xd:dataPack="true" xd:bitMapping="127:0" xd:arraySize="1024" xd:dataWidth="128"/>
  <xd:arg xd:name="wgt_mem[][3]" xd:originalName="wgt_mem3" xd:direction="in" xd:interfaceRef="wgt_mem_1_V_PORTA" xd:busTypeRef="bram" xd:firstOut="17" xd:dataPack="true" xd:bitMapping="255:128" xd:arraySize="1024" xd:dataWidth="128"/>
  <xd:arg xd:name="wgt_mem[][5]" xd:originalName="wgt_mem5" xd:direction="in" xd:interfaceRef="wgt_mem_1_V_PORTA" xd:busTypeRef="bram" xd:firstOut="17" xd:dataPack="true" xd:bitMapping="383:256" xd:arraySize="1024" xd:dataWidth="128"/>
  <xd:arg xd:name="wgt_mem[][7]" xd:originalName="wgt_mem7" xd:direction="in" xd:interfaceRef="wgt_mem_1_V_PORTA" xd:busTypeRef="bram" xd:firstOut="17" xd:dataPack="true" xd:bitMapping="511:384" xd:arraySize="1024" xd:dataWidth="128"/>
  <xd:arg xd:name="wgt_mem[][9]" xd:originalName="wgt_mem9" xd:direction="in" xd:interfaceRef="wgt_mem_1_V_PORTA" xd:busTypeRef="bram" xd:firstOut="17" xd:dataPack="true" xd:bitMapping="639:512" xd:arraySize="1024" xd:dataWidth="128"/>
  <xd:arg xd:name="wgt_mem[][11]" xd:originalName="wgt_mem11" xd:direction="in" xd:interfaceRef="wgt_mem_1_V_PORTA" xd:busTypeRef="bram" xd:firstOut="17" xd:dataPack="true" xd:bitMapping="767:640" xd:arraySize="1024" xd:dataWidth="128"/>
  <xd:arg xd:name="wgt_mem[][13]" xd:originalName="wgt_mem13" xd:direction="in" xd:interfaceRef="wgt_mem_1_V_PORTA" xd:busTypeRef="bram" xd:firstOut="17" xd:dataPack="true" xd:bitMapping="895:768" xd:arraySize="1024" xd:dataWidth="128"/>
  <xd:arg xd:name="wgt_mem[][15]" xd:originalName="wgt_mem15" xd:direction="in" xd:interfaceRef="wgt_mem_1_V_PORTA" xd:busTypeRef="bram" xd:firstOut="17" xd:dataPack="true" xd:bitMapping="1023:896" xd:arraySize="1024" xd:dataWidth="128"/>
  <xd:arg xd:name="out_mem[][0]" xd:originalName="out_mem0" xd:direction="out" xd:interfaceRef="out_mem_V_PORTA" xd:busTypeRef="bram" xd:firstOut="17" xd:arraySize="2048" xd:dataWidth="128"/>
  <xd:latencyEstimates xd:best-case="undef" xd:worst-case="undef" xd:average-case="undef"/>
  <xd:resourceEstimates xd:LUT="30369" xd:FF="20971" xd:BRAM="76" xd:DSP="150"/>
</xd:acceleratorMap>
