<?xml version="1.0" encoding="utf-8"?>
<Messages>
	<Message severity="INFO" prefix="[SCHED 204-61]" key="SCHED_PIPELINING_STATUS_631" tag="SCHEDULE" content="Option &apos;relax_ii_for_timing&apos; is enabled, will increase II to preserve clock frequency constraints."/>
	<Message severity="INFO" prefix="[HLS 200-10]" key="HLS_10_1312" tag="" content="Analyzing design file &apos;/workspace/finn/tmp/finn_user-bibo/code_gen_ipgen_TLastMarker_e8g_u1rq/top_TLastMarker_0.cpp&apos; ..."/>
	<Message severity="INFO" prefix="[HLS 200-111]" key="HLS_111_965" tag="" content="Finished Linking Time (s): cpu = 00:00:20 ; elapsed = 00:00:20 . Memory (MB): peak = 432.082 ; gain = 0.023 ; free physical = 1285 ; free virtual = 15094"/>
	<Message severity="INFO" prefix="[HLS 200-111]" key="HLS_111_965" tag="" content="Finished Checking Pragmas Time (s): cpu = 00:00:20 ; elapsed = 00:00:20 . Memory (MB): peak = 432.082 ; gain = 0.023 ; free physical = 1285 ; free virtual = 15094"/>
	<Message severity="INFO" prefix="[HLS 200-10]" key="HLS_10_1467" tag="" content="Starting code transformations ..."/>
	<Message severity="INFO" prefix="[HLS 200-111]" key="HLS_111_965" tag="" content="Finished Standard Transforms Time (s): cpu = 00:00:21 ; elapsed = 00:00:21 . Memory (MB): peak = 432.320 ; gain = 0.262 ; free physical = 1276 ; free virtual = 15086"/>
	<Message severity="INFO" prefix="[HLS 200-10]" key="HLS_10_1472" tag="" content="Checking synthesizability ..."/>
	<Message severity="INFO" prefix="[XFORM 203-602]" key="XFORM_AUTO_INLINE_STATUS_223" tag="" content="Inlining function &apos;qdma_axis&lt;320, 0, 0, 0&gt;::set_data&apos; into &apos;TLastMarker_0&apos; (/workspace/finn/tmp/finn_user-bibo/code_gen_ipgen_TLastMarker_e8g_u1rq/top_TLastMarker_0.cpp:21) automatically."/>
	<Message severity="INFO" prefix="[XFORM 203-602]" key="XFORM_AUTO_INLINE_STATUS_223" tag="" content="Inlining function &apos;qdma_axis&lt;320, 0, 0, 0&gt;::set_keep&apos; into &apos;TLastMarker_0&apos; (/workspace/finn/tmp/finn_user-bibo/code_gen_ipgen_TLastMarker_e8g_u1rq/top_TLastMarker_0.cpp:22) automatically."/>
	<Message severity="INFO" prefix="[XFORM 203-602]" key="XFORM_AUTO_INLINE_STATUS_223" tag="" content="Inlining function &apos;qdma_axis&lt;320, 0, 0, 0&gt;::set_last&apos; into &apos;TLastMarker_0&apos; (/workspace/finn/tmp/finn_user-bibo/code_gen_ipgen_TLastMarker_e8g_u1rq/top_TLastMarker_0.cpp:23) automatically."/>
	<Message severity="INFO" prefix="[HLS 200-111]" key="HLS_111_965" tag="" content="Finished Checking Synthesizability Time (s): cpu = 00:00:21 ; elapsed = 00:00:21 . Memory (MB): peak = 432.320 ; gain = 0.262 ; free physical = 1271 ; free virtual = 15082"/>
	<Message severity="WARNING" prefix="[XFORM 203-505]" key="XFORM_UNROLL_DEAD_PIPELINE_249" tag="" content="Ignore pipeline pragma in Loop whose tripcount is only 1 (/workspace/finn/tmp/finn_user-bibo/code_gen_ipgen_TLastMarker_e8g_u1rq/top_TLastMarker_0.cpp:19) in function &apos;TLastMarker_0&apos;."/>
	<Message severity="INFO" prefix="[XFORM 203-502]" key="XFORM_AUTO_UNROLL_STATUS_245" tag="" content="Unrolling small iteration loop &apos;Loop-1&apos; (/workspace/finn/tmp/finn_user-bibo/code_gen_ipgen_TLastMarker_e8g_u1rq/top_TLastMarker_0.cpp:18) in function &apos;TLastMarker_0&apos; automatically."/>
	<Message severity="INFO" prefix="[HLS 200-489]" key="HLS 200-489" tag="" content="Unrolling loop &apos;Loop-1&apos; (/workspace/finn/tmp/finn_user-bibo/code_gen_ipgen_TLastMarker_e8g_u1rq/top_TLastMarker_0.cpp:18) in function &apos;TLastMarker_0&apos; completely with a factor of 1."/>
	<Message severity="INFO" prefix="[XFORM 203-602]" key="XFORM_AUTO_INLINE_STATUS_223" tag="" content="Inlining function &apos;qdma_axis&lt;320, 0, 0, 0&gt;::set_data&apos; into &apos;TLastMarker_0&apos; (/workspace/finn/tmp/finn_user-bibo/code_gen_ipgen_TLastMarker_e8g_u1rq/top_TLastMarker_0.cpp:21) automatically."/>
	<Message severity="INFO" prefix="[HLS 200-111]" key="HLS_111_965" tag="" content="Finished Pre-synthesis Time (s): cpu = 00:00:21 ; elapsed = 00:00:22 . Memory (MB): peak = 560.293 ; gain = 128.234 ; free physical = 1247 ; free virtual = 15059"/>
	<Message severity="INFO" prefix="[HLS 200-111]" key="HLS_111_965" tag="" content="Finished Architecture Synthesis Time (s): cpu = 00:00:21 ; elapsed = 00:00:22 . Memory (MB): peak = 560.293 ; gain = 128.234 ; free physical = 1246 ; free virtual = 15058"/>
	<Message severity="INFO" prefix="[HLS 200-10]" key="HLS_10_1317" tag="" content="Starting hardware synthesis ..."/>
	<Message severity="INFO" prefix="[HLS 200-10]" key="HLS_10_1385" tag="" content="Synthesizing &apos;TLastMarker_0&apos; ..."/>
	<Message severity="INFO" prefix="[HLS 200-10]" key="HLS_10_1477" tag="" content="----------------------------------------------------------------"/>
	<Message severity="INFO" prefix="[HLS 200-42]" key="HLS_42_1438" tag="" content="-- Implementing module &apos;TLastMarker_0&apos;"/>
	<Message severity="INFO" prefix="[HLS 200-10]" key="HLS_10_1478" tag="" content="----------------------------------------------------------------"/>
	<Message severity="INFO" prefix="[SCHED 204-11]" key="SCHED_SCHED_STATUS_597" tag="" content="Starting scheduling ..."/>
	<Message severity="INFO" prefix="[SCHED 204-11]" key="SCHED_SCHED_STATUS_596" tag="" content="Finished scheduling."/>
	<Message severity="INFO" prefix="[HLS 200-111]" key="HLS_111_966" tag="" content=" Elapsed time: 21.67 seconds; current allocated memory: 76.255 MB."/>
	<Message severity="INFO" prefix="[BIND 205-100]" key="BIND_100_926" tag="" content="Starting micro-architecture generation ..."/>
	<Message severity="INFO" prefix="[BIND 205-101]" key="BIND_101_698" tag="" content="Performing variable lifetime analysis."/>
	<Message severity="INFO" prefix="[BIND 205-101]" key="BIND_101_697" tag="" content="Exploring resource sharing."/>
	<Message severity="INFO" prefix="[BIND 205-101]" key="BIND_101_693" tag="" content="Binding ..."/>
	<Message severity="INFO" prefix="[BIND 205-100]" key="BIND_100_925" tag="" content="Finished micro-architecture generation."/>
	<Message severity="INFO" prefix="[HLS 200-111]" key="HLS_111_966" tag="" content=" Elapsed time: 0 seconds; current allocated memory: 76.342 MB."/>
	<Message severity="INFO" prefix="[HLS 200-10]" key="HLS_10_1483" tag="" content="----------------------------------------------------------------"/>
	<Message severity="INFO" prefix="[HLS 200-10]" key="HLS_10_1484" tag="" content="-- Generating RTL for module &apos;TLastMarker_0&apos;"/>
	<Message severity="INFO" prefix="[HLS 200-10]" key="HLS_10_1485" tag="" content="----------------------------------------------------------------"/>
	<Message severity="INFO" prefix="[RTGEN 206-500]" key="PREPROC_IO_COMP_CONFLICT_1950" tag="" content="Setting interface mode on port &apos;TLastMarker_0/in0_V_V&apos; to &apos;axis&apos; (register, both mode)."/>
	<Message severity="INFO" prefix="[RTGEN 206-500]" key="PREPROC_IO_COMP_CONFLICT_1950" tag="" content="Setting interface mode on port &apos;TLastMarker_0/out_V_data_V&apos; to &apos;axis&apos; (register, both mode)."/>
	<Message severity="INFO" prefix="[RTGEN 206-500]" key="PREPROC_IO_COMP_CONFLICT_1950" tag="" content="Setting interface mode on port &apos;TLastMarker_0/out_V_keep_V&apos; to &apos;axis&apos; (register, both mode)."/>
	<Message severity="INFO" prefix="[RTGEN 206-500]" key="PREPROC_IO_COMP_CONFLICT_1950" tag="" content="Setting interface mode on port &apos;TLastMarker_0/out_V_last_V&apos; to &apos;axis&apos; (register, both mode)."/>
	<Message severity="INFO" prefix="[RTGEN 206-500]" key="PREPROC_IO_COMP_CONFLICT_1950" tag="" content="Setting interface mode on function &apos;TLastMarker_0&apos; to &apos;ap_ctrl_none&apos;."/>
	<Message severity="INFO" prefix="[RTGEN 206-100]" key="RTGEN_100_856" tag="" content="Finished creating RTL model for &apos;TLastMarker_0&apos;."/>
	<Message severity="INFO" prefix="[HLS 200-111]" key="HLS_111_966" tag="" content=" Elapsed time: 0.02 seconds; current allocated memory: 76.726 MB."/>
	<Message severity="INFO" prefix="[HLS 200-111]" key="HLS_111_965" tag="" content="Finished generating all RTL models Time (s): cpu = 00:00:21 ; elapsed = 00:00:22 . Memory (MB): peak = 560.293 ; gain = 128.234 ; free physical = 1245 ; free virtual = 15057"/>
	<Message severity="INFO" prefix="[SYSC 207-301]" key="SYSC_301_1062" tag="" content="Generating SystemC RTL for TLastMarker_0 with prefix TLastMarker_0_."/>
	<Message severity="INFO" prefix="[VHDL 208-304]" key="VHDL_304_1063" tag="" content="Generating VHDL RTL for TLastMarker_0 with prefix TLastMarker_0_."/>
	<Message severity="INFO" prefix="[VLOG 209-307]" key="VLOG_307_1064" tag="" content="Generating Verilog RTL for TLastMarker_0 with prefix TLastMarker_0_."/>
</Messages>
