<InterfaceSummary>
<RtlPorts>
<name>in0_V_V</name>
<CType>
<TypeName>ap_uint 320</TypeName>
<TypeWidth>320</TypeWidth>
<PhysicalWidth>320</PhysicalWidth>
</CType>
<CFractionWidth>0</CFractionWidth>
<InvalidType>0</InvalidType>
</RtlPorts>
<RtlPorts>
<name>out_V_data_V</name>
<CType>
<TypeName>ap_uint 320</TypeName>
<TypeWidth>320</TypeWidth>
<PhysicalWidth>320</PhysicalWidth>
</CType>
<CFractionWidth>0</CFractionWidth>
<InvalidType>0</InvalidType>
</RtlPorts>
<RtlPorts>
<name>out_V_keep_V</name>
<CType>
<TypeName>ap_uint 40</TypeName>
<TypeWidth>40</TypeWidth>
<PhysicalWidth>40</PhysicalWidth>
</CType>
<CFractionWidth>0</CFractionWidth>
<InvalidType>0</InvalidType>
</RtlPorts>
<RtlPorts>
<name>out_V_last_V</name>
<CType>
<TypeName>ap_uint 1</TypeName>
<TypeWidth>1</TypeWidth>
<PhysicalWidth>1</PhysicalWidth>
</CType>
<CFractionWidth>0</CFractionWidth>
<InvalidType>0</InvalidType>
</RtlPorts>
</InterfaceSummary>

