<profile>

<section name = "Vivado HLS Report for 'TLastMarker_0'" level="0">
<item name = "Date">Fri Jun 19 23:30:27 2020
</item>
<item name = "Version">2018.3 (Build 2405991 on Thu Dec 06 23:56:15 MST 2018)</item>
<item name = "Project">project_TLastMarker_0</item>
<item name = "Solution">sol1</item>
<item name = "Product family">kintexu</item>
<item name = "Target device">xcku040-ffva1156-2-e</item>
</section>

<section name = "Performance Estimates" level="0">
<item name = "Timing (ns)">
<section name = "" level="1">
<item name = "Summary"><table name="" hasTotal="0">
<keys size="4">Clock, Target, Estimated, Uncertainty</keys>
<column name="ap_clk">5.00, 0.000, 0.62</column>
</table>
</item>
</section>
</item>
<item name = "Latency (clock cycles)">
<section name = "" level="1">
<item name = "Summary"><table name="" hasTotal="0">
<keys size="6">, min, max, min, max, Type</keys>
<column name="">1, 1, 1, 1, none</column>
</table>
</item>
<item name = "Detail">
<section name = "" level="1">
<item name = "Instance"><table name="" hasTotal="0">
<keys size="7">Instance, Module, min, max, min, max, Type</keys>
</table>
</item>
<item name = "Loop"><table name="" hasTotal="0">
<keys size="8">Loop Name, min, max, Latency, achieved, target, Count, Pipelined</keys>
</table>
</item>
</section>
</item>
</section>
</item>
</section>

<section name = "Utilization Estimates" level="0">
<item name = "Summary"><table name="" hasTotal="1">
<keys size="5">Name, BRAM_18K, DSP48E, FF, LUT</keys>
<column name="DSP">-, -, -, -</column>
<column name="Expression">-, -, 0, 26</column>
<column name="FIFO">-, -, -, -</column>
<column name="Instance">-, -, -, -</column>
<column name="Memory">-, -, -, -</column>
<column name="Multiplexer">-, -, -, 111</column>
<column name="Register">-, -, 1296, -</column>
<specialColumn name="Available">1200, 1920, 484800, 242400</specialColumn>
<specialColumn name="Utilization (%)">0, 0, ~0, ~0</specialColumn>
</table>
</item>
<item name = "Detail">
<section name = "" level="1">
<item name = "Instance"><table name="" hasTotal="1">
<keys size="6">Instance, Module, BRAM_18K, DSP48E, FF, LUT</keys>
</table>
</item>
<item name = "DSP48"><table name="" hasTotal="0">
<keys size="3">Instance, Module, Expression</keys>
</table>
</item>
<item name = "Memory"><table name="" hasTotal="1">
<keys size="9">Memory, Module, BRAM_18K, FF, LUT, Words, Bits, Banks, W*Bits*Banks</keys>
</table>
</item>
<item name = "FIFO"><table name="" hasTotal="1">
<keys size="7">Name, BRAM_18K, FF, LUT, Depth, Bits, Size:D*B</keys>
</table>
</item>
<item name = "Expression"><table name="" hasTotal="1">
<keys size="7">Variable Name, Operation, DSP48E, FF, LUT, Bitwidth P0, Bitwidth P1</keys>
<column name="in0_V_V_0_load_A">and, 0, 0, 2, 1, 1</column>
<column name="in0_V_V_0_load_B">and, 0, 0, 2, 1, 1</column>
<column name="out_V_data_V_1_load_A">and, 0, 0, 2, 1, 1</column>
<column name="out_V_data_V_1_load_B">and, 0, 0, 2, 1, 1</column>
<column name="in0_V_V_0_state_cmp_full">icmp, 0, 0, 8, 2, 1</column>
<column name="out_V_data_V_1_state_cmp_full">icmp, 0, 0, 8, 2, 1</column>
<column name="ap_block_state2">or, 0, 0, 2, 1, 1</column>
</table>
</item>
<item name = "Multiplexer"><table name="" hasTotal="1">
<keys size="5">Name, LUT, Input Size, Bits, Total Bits</keys>
<column name="ap_NS_fsm">15, 3, 1, 3</column>
<column name="in0_V_V_0_data_out">9, 2, 320, 640</column>
<column name="in0_V_V_0_state">15, 3, 2, 6</column>
<column name="in0_V_V_TDATA_blk_n">9, 2, 1, 2</column>
<column name="out_V_data_V_1_data_out">9, 2, 320, 640</column>
<column name="out_V_data_V_1_state">15, 3, 2, 6</column>
<column name="out_V_keep_V_1_state">15, 3, 2, 6</column>
<column name="out_V_last_V_1_state">15, 3, 2, 6</column>
<column name="out_r_TDATA_blk_n">9, 2, 1, 2</column>
</table>
</item>
<item name = "Register"><table name="" hasTotal="1">
<keys size="5">Name, FF, LUT, Bits, Const Bits</keys>
<column name="ap_CS_fsm">2, 0, 2, 0</column>
<column name="in0_V_V_0_payload_A">320, 0, 320, 0</column>
<column name="in0_V_V_0_payload_B">320, 0, 320, 0</column>
<column name="in0_V_V_0_sel_rd">1, 0, 1, 0</column>
<column name="in0_V_V_0_sel_wr">1, 0, 1, 0</column>
<column name="in0_V_V_0_state">2, 0, 2, 0</column>
<column name="out_V_data_V_1_payload_A">320, 0, 320, 0</column>
<column name="out_V_data_V_1_payload_B">320, 0, 320, 0</column>
<column name="out_V_data_V_1_sel_rd">1, 0, 1, 0</column>
<column name="out_V_data_V_1_sel_wr">1, 0, 1, 0</column>
<column name="out_V_data_V_1_state">2, 0, 2, 0</column>
<column name="out_V_keep_V_1_sel_rd">1, 0, 1, 0</column>
<column name="out_V_keep_V_1_state">2, 0, 2, 0</column>
<column name="out_V_last_V_1_sel_rd">1, 0, 1, 0</column>
<column name="out_V_last_V_1_state">2, 0, 2, 0</column>
</table>
</item>
</section>
</item>
</section>

<section name = "Interface" level="0">
<item name = "Summary"><table name="" hasTotal="0">
<keys size="6">RTL Ports, Dir, Bits, Protocol, Source Object, C Type</keys>
<column name="ap_clk">in, 1, ap_ctrl_none, TLastMarker_0, return value</column>
<column name="ap_rst_n">in, 1, ap_ctrl_none, TLastMarker_0, return value</column>
<column name="in0_V_V_TDATA">in, 320, axis, in0_V_V, pointer</column>
<column name="in0_V_V_TVALID">in, 1, axis, in0_V_V, pointer</column>
<column name="in0_V_V_TREADY">out, 1, axis, in0_V_V, pointer</column>
<column name="out_r_TDATA">out, 320, axis, out_V_data_V, pointer</column>
<column name="out_r_TREADY">in, 1, axis, out_V_data_V, pointer</column>
<column name="out_r_TVALID">out, 1, axis, out_V_last_V, pointer</column>
<column name="out_r_TLAST">out, 1, axis, out_V_last_V, pointer</column>
<column name="out_r_TKEEP">out, 40, axis, out_V_keep_V, pointer</column>
</table>
</item>
</section>
</profile>
