<stg><name>TLastMarker_0</name>


<trans_list>

<trans id="15" from="1" to="2">
<condition id="-1">
<or_exp><and_exp></and_exp></or_exp>
</condition>
</trans>
</trans_list>



<state_list>

<state id="1" st_id="1">

<operation id="3" st_id="1" stage="1" lat="1">
<core>AXI4Stream</core>
<MemPortIdVec></MemPortIdVec>
<condition id="-1">
<or_exp><and_exp></and_exp></or_exp>
</condition>

<Node id="13" bw="320" op_0_bw="320" op_1_bw="320">
<![CDATA[
:8  %tmp_V = call i320 @_ssdm_op_Read.axis.volatile.i320P(i320* %in0_V_V)

]]></Node>
<StgValue><ssdm name="tmp_V"/></StgValue>
</operation>

<operation id="4" st_id="1" stage="2" lat="2">
<core>AXI4Stream</core>
<MemPortIdVec></MemPortIdVec>
<condition id="-1">
<or_exp><and_exp></and_exp></or_exp>
</condition>

<Node id="14" bw="0" op_0_bw="0" op_1_bw="320" op_2_bw="40" op_3_bw="1" op_4_bw="320" op_5_bw="40" op_6_bw="1">
<![CDATA[
:9  call void @_ssdm_op_Write.axis.volatile.i320P.i40P.i1P(i320* %out_V_data_V, i40* %out_V_keep_V, i1* %out_V_last_V, i320 %tmp_V, i40 -1, i1 true)

]]></Node>
<StgValue><ssdm name=""/></StgValue>
</operation>
</state>

<state id="2" st_id="2">

<operation id="5" st_id="2" stage="1" lat="1">
<core>NULL</core>
<MemPortIdVec></MemPortIdVec>
<condition id="-1">
<or_exp><and_exp></and_exp></or_exp>
</condition>

<Node id="5" bw="0" op_0_bw="0" op_1_bw="320">
<![CDATA[
:0  call void (...)* @_ssdm_op_SpecBitsMap(i320* %in0_V_V), !map !53

]]></Node>
<StgValue><ssdm name=""/></StgValue>
</operation>

<operation id="6" st_id="2" stage="1" lat="1">
<core>NULL</core>
<MemPortIdVec></MemPortIdVec>
<condition id="-1">
<or_exp><and_exp></and_exp></or_exp>
</condition>

<Node id="6" bw="0" op_0_bw="0" op_1_bw="320">
<![CDATA[
:1  call void (...)* @_ssdm_op_SpecBitsMap(i320* %out_V_data_V), !map !57

]]></Node>
<StgValue><ssdm name=""/></StgValue>
</operation>

<operation id="7" st_id="2" stage="1" lat="1">
<core>NULL</core>
<MemPortIdVec></MemPortIdVec>
<condition id="-1">
<or_exp><and_exp></and_exp></or_exp>
</condition>

<Node id="7" bw="0" op_0_bw="0" op_1_bw="40">
<![CDATA[
:2  call void (...)* @_ssdm_op_SpecBitsMap(i40* %out_V_keep_V), !map !61

]]></Node>
<StgValue><ssdm name=""/></StgValue>
</operation>

<operation id="8" st_id="2" stage="1" lat="1">
<core>NULL</core>
<MemPortIdVec></MemPortIdVec>
<condition id="-1">
<or_exp><and_exp></and_exp></or_exp>
</condition>

<Node id="8" bw="0" op_0_bw="0" op_1_bw="1">
<![CDATA[
:3  call void (...)* @_ssdm_op_SpecBitsMap(i1* %out_V_last_V), !map !65

]]></Node>
<StgValue><ssdm name=""/></StgValue>
</operation>

<operation id="9" st_id="2" stage="1" lat="1">
<core>NULL</core>
<MemPortIdVec></MemPortIdVec>
<condition id="-1">
<or_exp><and_exp></and_exp></or_exp>
</condition>

<Node id="9" bw="0" op_0_bw="0" op_1_bw="0">
<![CDATA[
:4  call void (...)* @_ssdm_op_SpecTopModule([14 x i8]* @TLastMarker_0_str) nounwind

]]></Node>
<StgValue><ssdm name=""/></StgValue>
</operation>

<operation id="10" st_id="2" stage="1" lat="1">
<core>NULL</core>
<MemPortIdVec></MemPortIdVec>
<condition id="-1">
<or_exp><and_exp></and_exp></or_exp>
</condition>

<Node id="10" bw="0" op_0_bw="0" op_1_bw="320" op_2_bw="0" op_3_bw="32" op_4_bw="32" op_5_bw="0" op_6_bw="32" op_7_bw="32" op_8_bw="0" op_9_bw="0" op_10_bw="0" op_11_bw="32" op_12_bw="32" op_13_bw="32" op_14_bw="32" op_15_bw="0" op_16_bw="0">
<![CDATA[
:5  call void (...)* @_ssdm_op_SpecInterface(i320* %in0_V_V, [5 x i8]* @p_str, i32 1, i32 1, [5 x i8]* @p_str1, i32 0, i32 0, [1 x i8]* @p_str2, [1 x i8]* @p_str2, [1 x i8]* @p_str2, i32 0, i32 0, i32 0, i32 0, [1 x i8]* @p_str2, [1 x i8]* @p_str2) nounwind

]]></Node>
<StgValue><ssdm name=""/></StgValue>
</operation>

<operation id="11" st_id="2" stage="1" lat="1">
<core>NULL</core>
<MemPortIdVec></MemPortIdVec>
<condition id="-1">
<or_exp><and_exp></and_exp></or_exp>
</condition>

<Node id="11" bw="0" op_0_bw="0" op_1_bw="320" op_2_bw="40" op_3_bw="1" op_4_bw="0" op_5_bw="32" op_6_bw="32" op_7_bw="0" op_8_bw="32" op_9_bw="32" op_10_bw="0" op_11_bw="0" op_12_bw="0" op_13_bw="32" op_14_bw="32" op_15_bw="32" op_16_bw="32" op_17_bw="0" op_18_bw="0">
<![CDATA[
:6  call void (...)* @_ssdm_op_SpecInterface(i320* %out_V_data_V, i40* %out_V_keep_V, i1* %out_V_last_V, [5 x i8]* @p_str, i32 1, i32 1, [5 x i8]* @p_str1, i32 0, i32 0, [1 x i8]* @p_str2, [1 x i8]* @p_str2, [1 x i8]* @p_str2, i32 0, i32 0, i32 0, i32 0, [1 x i8]* @p_str2, [1 x i8]* @p_str2) nounwind

]]></Node>
<StgValue><ssdm name=""/></StgValue>
</operation>

<operation id="12" st_id="2" stage="1" lat="1">
<core>NULL</core>
<MemPortIdVec></MemPortIdVec>
<condition id="-1">
<or_exp><and_exp></and_exp></or_exp>
</condition>

<Node id="12" bw="0" op_0_bw="0" op_1_bw="32" op_2_bw="0" op_3_bw="32" op_4_bw="32" op_5_bw="0" op_6_bw="32" op_7_bw="32" op_8_bw="0" op_9_bw="0" op_10_bw="0" op_11_bw="32" op_12_bw="32" op_13_bw="32" op_14_bw="32" op_15_bw="0" op_16_bw="0">
<![CDATA[
:7  call void (...)* @_ssdm_op_SpecInterface(i32 0, [13 x i8]* @p_str3, i32 0, i32 0, [1 x i8]* @p_str2, i32 0, i32 0, [1 x i8]* @p_str2, [1 x i8]* @p_str2, [1 x i8]* @p_str2, i32 0, i32 0, i32 0, i32 0, [1 x i8]* @p_str2, [1 x i8]* @p_str2) nounwind

]]></Node>
<StgValue><ssdm name=""/></StgValue>
</operation>

<operation id="13" st_id="2" stage="1" lat="2">
<core>AXI4Stream</core>
<MemPortIdVec></MemPortIdVec>
<condition id="-1">
<or_exp><and_exp></and_exp></or_exp>
</condition>

<Node id="14" bw="0" op_0_bw="0" op_1_bw="320" op_2_bw="40" op_3_bw="1" op_4_bw="320" op_5_bw="40" op_6_bw="1">
<![CDATA[
:9  call void @_ssdm_op_Write.axis.volatile.i320P.i40P.i1P(i320* %out_V_data_V, i40* %out_V_keep_V, i1* %out_V_last_V, i320 %tmp_V, i40 -1, i1 true)

]]></Node>
<StgValue><ssdm name=""/></StgValue>
</operation>

<operation id="14" st_id="2" stage="1" lat="1">
<core>NULL</core>
<MemPortIdVec></MemPortIdVec>
<condition id="-1">
<or_exp><and_exp></and_exp></or_exp>
</condition>

<Node id="15" bw="0">
<![CDATA[
:10  ret void

]]></Node>
<StgValue><ssdm name=""/></StgValue>
</operation>
</state>
</state_list>


<ports>
</ports>


<dataflows>
</dataflows>


</stg>
