<stg><name>TLastMarker_0</name>


<trans_list>

<trans id="15" from="1" to="2">
<condition id="-1">
<or_exp><and_exp></and_exp></or_exp>
</condition>
</trans>
</trans_list>



<state_list>

<state id="1" st_id="1">

<operation id="3" st_id="1" stage="1" lat="1">
<core>AXI4Stream</core>
<MemPortIdVec></MemPortIdVec>
<condition id="-1">
<or_exp><and_exp></and_exp></or_exp>
</condition>

<Node id="13" bw="320" op_0_bw="320" op_1_bw="320">
<![CDATA[
:8  %tmp_V = call i320 @_ssdm_op_Read.axis.volatile.i320P(i320* %in0_V_V)

]]></Node>
<StgValue><ssdm name="tmp_V"/></StgValue>
</operation>

<operation id="4" st_id="1" stage="2" lat="2">
<core>AXI4Stream</core>
<MemPortIdVec></MemPortIdVec>
<condition id="-1">
<or_exp><and_exp></and_exp></or_exp>
</condition>

<Node id="14" bw="0" op_0_bw="0" op_1_bw="320" op_2_bw="40" op_3_bw="1" op_4_bw="320" op_5_bw="40" op_6_bw="1">
<![CDATA[
:9  call void @_ssdm_op_Write.axis.volatile.i320P.i40P.i1P(i320* %out_V_data_V, i40* %out_V_keep_V, i1* %out_V_last_V, i320 %tmp_V, i40 -1, i1 true)

]]></Node>
<StgValue><ssdm name=""/></StgValue>
</operation>
</state>

<state id="2" st_id="2">

<operation id="5" st_id="2" stage="1" lat="1">
<core>NULL</core>
<MemPortIdVec></MemPortIdVec>
<condition id="-1">
<or_exp><and_exp></and_exp></or_exp>
</condition>

<Node id="5" bw="0" op_0_bw="0" op_1_bw="320">
<![CDATA[
:0  call void (...)* @_ssdm_op_SpecBitsMap(i320* %in0_V_V), !map !53

]]></Node>
<StgValue><ssdm name=""/></StgValue>
</operation>

<operation id="6" st_id="2" stage="1" lat="1">
<core>NULL</core>
<MemPortIdVec></MemPortIdVec>
<condition id="-1">
<or_exp><and_exp></and_exp></or_exp>
</condition>

<Node id="6" bw="0" op_0_bw="0" op_1_bw="320">
<![CDATA[
:1  call void (...)* @_ssdm_op_SpecBitsMap(i320* %out_V_data_V), !map !57

]]></Node>
<StgValue><ssdm name=""/></StgValue>
</operation>

<operation id="7" st_id="2" stage="1" lat="1">
<core>NULL</core>
<MemPortIdVec></MemPortIdVec>
<condition id="-1">
<or_exp><and_exp></and_exp></or_exp>
</condition>

<Node id="7" bw="0" op_0_bw="0" op_1_bw="40">
<![CDATA[
:2  call void (...)* @_ssdm_op_SpecBitsMap(i40* %out_V_keep_V), !map !61

]]></Node>
<StgValue><ssdm name=""/></StgValue>
</operation>

<operation id="8" st_id="2" stage="1" lat="1">
<core>NULL</core>
<MemPortIdVec></MemPortIdVec>
<condition id="-1">
<or_exp><and_exp></and_exp></or_exp>
</condition>

<Node id="8" bw="0" op_0_bw="0" op_1_bw="1">
<![CDATA[
:3  call void (...)* @_ssdm_op_SpecBitsMap(i1* %out_V_last_V), !map !65

]]></Node>
<StgValue><ssdm name=""/></StgValue>
</operation>

<operation id="9" st_id="2" stage="1" lat="1">
<core>NULL</core>
<MemPortIdVec></MemPortIdVec>
<condition id="-1">
<or_exp><and_exp></and_exp></or_exp>
</condition>

<Node id="9" bw="0" op_0_bw="0" op_1_bw="0">
<![CDATA[
:4  call void (...)* @_ssdm_op_SpecTopModule([14 x i8]* @TLastMarker_0_str) nounwind

]]></Node>
<StgValue><ssdm name=""/></StgValue>
</operation>

<operation id="10" st_id="2" stage="1" lat="1">
<core>NULL</core>
<MemPortIdVec></MemPortIdVec>
<condition id="-1">
<or_exp><and_exp></and_exp></or_exp>
</condition>

<Node id="10" bw="0" op_0_bw="0" op_1_bw="320" op_2_bw="0" op_3_bw="32" op_4_bw="32" op_5_bw="0" op_6_bw="32" op_7_bw="32" op_8_bw="0" op_9_bw="0" op_10_bw="0" op_11_bw="32" op_12_bw="32" op_13_bw="32" op_14_bw="32" op_15_bw="0" op_16_bw="0">
<![CDATA[
:5  call void (...)* @_ssdm_op_SpecInterface(i320* %in0_V_V, [5 x i8]* @p_str, i32 1, i32 1, [5 x i8]* @p_str1, i32 0, i32 0, [1 x i8]* @p_str2, [1 x i8]* @p_str2, [1 x i8]* @p_str2, i32 0, i32 0, i32 0, i32 0, [1 x i8]* @p_str2, [1 x i8]* @p_str2) nounwind

]]></Node>
<StgValue><ssdm name=""/></StgValue>
</operation>

<operation id="11" st_id="2" stage="1" lat="1">
<core>NULL</core>
<MemPortIdVec></MemPortIdVec>
<condition id="-1">
<or_exp><and_exp></and_exp></or_exp>
</condition>

<Node id="11" bw="0" op_0_bw="0" op_1_bw="320" op_2_bw="40" op_3_bw="1" op_4_bw="0" op_5_bw="32" op_6_bw="32" op_7_bw="0" op_8_bw="32" op_9_bw="32" op_10_bw="0" op_11_bw="0" op_12_bw="0" op_13_bw="32" op_14_bw="32" op_15_bw="32" op_16_bw="32" op_17_bw="0" op_18_bw="0">
<![CDATA[
:6  call void (...)* @_ssdm_op_SpecInterface(i320* %out_V_data_V, i40* %out_V_keep_V, i1* %out_V_last_V, [5 x i8]* @p_str, i32 1, i32 1, [5 x i8]* @p_str1, i32 0, i32 0, [1 x i8]* @p_str2, [1 x i8]* @p_str2, [1 x i8]* @p_str2, i32 0, i32 0, i32 0, i32 0, [1 x i8]* @p_str2, [1 x i8]* @p_str2) nounwind

]]></Node>
<StgValue><ssdm name=""/></StgValue>
</operation>

<operation id="12" st_id="2" stage="1" lat="1">
<core>NULL</core>
<MemPortIdVec></MemPortIdVec>
<condition id="-1">
<or_exp><and_exp></and_exp></or_exp>
</condition>

<Node id="12" bw="0" op_0_bw="0" op_1_bw="32" op_2_bw="0" op_3_bw="32" op_4_bw="32" op_5_bw="0" op_6_bw="32" op_7_bw="32" op_8_bw="0" op_9_bw="0" op_10_bw="0" op_11_bw="32" op_12_bw="32" op_13_bw="32" op_14_bw="32" op_15_bw="0" op_16_bw="0">
<![CDATA[
:7  call void (...)* @_ssdm_op_SpecInterface(i32 0, [13 x i8]* @p_str3, i32 0, i32 0, [1 x i8]* @p_str2, i32 0, i32 0, [1 x i8]* @p_str2, [1 x i8]* @p_str2, [1 x i8]* @p_str2, i32 0, i32 0, i32 0, i32 0, [1 x i8]* @p_str2, [1 x i8]* @p_str2) nounwind

]]></Node>
<StgValue><ssdm name=""/></StgValue>
</operation>

<operation id="13" st_id="2" stage="1" lat="2">
<core>AXI4Stream</core>
<MemPortIdVec></MemPortIdVec>
<condition id="-1">
<or_exp><and_exp></and_exp></or_exp>
</condition>

<Node id="14" bw="0" op_0_bw="0" op_1_bw="320" op_2_bw="40" op_3_bw="1" op_4_bw="320" op_5_bw="40" op_6_bw="1">
<![CDATA[
:9  call void @_ssdm_op_Write.axis.volatile.i320P.i40P.i1P(i320* %out_V_data_V, i40* %out_V_keep_V, i1* %out_V_last_V, i320 %tmp_V, i40 -1, i1 true)

]]></Node>
<StgValue><ssdm name=""/></StgValue>
</operation>

<operation id="14" st_id="2" stage="1" lat="1">
<core>NULL</core>
<MemPortIdVec></MemPortIdVec>
<condition id="-1">
<or_exp><and_exp></and_exp></or_exp>
</condition>

<Node id="15" bw="0">
<![CDATA[
:10  ret void

]]></Node>
<StgValue><ssdm name=""/></StgValue>
</operation>
</state>
</state_list>


<ports>
<port id="16" name="in0_V_V" dir="0" iftype="0">
<core>NULL</core><StgValue><ssdm name="in0_V_V"/></StgValue>
</port>
<port id="17" name="out_V_data_V" dir="1" iftype="0">
<core>NULL</core><StgValue><ssdm name="out_V_data_V"/></StgValue>
</port>
<port id="18" name="out_V_keep_V" dir="1" iftype="0">
<core>NULL</core><StgValue><ssdm name="out_V_keep_V"/></StgValue>
</port>
<port id="19" name="out_V_last_V" dir="1" iftype="0">
<core>NULL</core><StgValue><ssdm name="out_V_last_V"/></StgValue>
</port>
</ports>


<dataflows>
<dataflow id="21" from="_ssdm_op_Read.axis.volatile.i320P" to="tmp_V" fromId="20" toId="3">
</dataflow>
<dataflow id="22" from="in0_V_V" to="tmp_V" fromId="16" toId="3">
</dataflow>
<dataflow id="24" from="_ssdm_op_Write.axis.volatile.i320P.i40P.i1P" to="StgValue_4" fromId="23" toId="4">
</dataflow>
<dataflow id="25" from="out_V_data_V" to="StgValue_4" fromId="17" toId="4">
</dataflow>
<dataflow id="26" from="out_V_keep_V" to="StgValue_4" fromId="18" toId="4">
</dataflow>
<dataflow id="27" from="out_V_last_V" to="StgValue_4" fromId="19" toId="4">
</dataflow>
<dataflow id="28" from="tmp_V" to="StgValue_4" fromId="3" toId="4">
</dataflow>
<dataflow id="30" from="StgValue_29" to="StgValue_4" fromId="29" toId="4">
</dataflow>
<dataflow id="32" from="StgValue_31" to="StgValue_4" fromId="31" toId="4">
</dataflow>
<dataflow id="34" from="_ssdm_op_SpecBitsMap" to="StgValue_5" fromId="33" toId="5">
</dataflow>
<dataflow id="35" from="in0_V_V" to="StgValue_5" fromId="16" toId="5">
</dataflow>
<dataflow id="36" from="_ssdm_op_SpecBitsMap" to="StgValue_6" fromId="33" toId="6">
</dataflow>
<dataflow id="37" from="out_V_data_V" to="StgValue_6" fromId="17" toId="6">
</dataflow>
<dataflow id="38" from="_ssdm_op_SpecBitsMap" to="StgValue_7" fromId="33" toId="7">
</dataflow>
<dataflow id="39" from="out_V_keep_V" to="StgValue_7" fromId="18" toId="7">
</dataflow>
<dataflow id="40" from="_ssdm_op_SpecBitsMap" to="StgValue_8" fromId="33" toId="8">
</dataflow>
<dataflow id="41" from="out_V_last_V" to="StgValue_8" fromId="19" toId="8">
</dataflow>
<dataflow id="43" from="_ssdm_op_SpecTopModule" to="StgValue_9" fromId="42" toId="9">
</dataflow>
<dataflow id="45" from="TLastMarker_0_str" to="StgValue_9" fromId="44" toId="9">
</dataflow>
<dataflow id="47" from="_ssdm_op_SpecInterface" to="StgValue_10" fromId="46" toId="10">
</dataflow>
<dataflow id="48" from="in0_V_V" to="StgValue_10" fromId="16" toId="10">
</dataflow>
<dataflow id="50" from="p_str" to="StgValue_10" fromId="49" toId="10">
</dataflow>
<dataflow id="52" from="StgValue_51" to="StgValue_10" fromId="51" toId="10">
</dataflow>
<dataflow id="53" from="StgValue_51" to="StgValue_10" fromId="51" toId="10">
</dataflow>
<dataflow id="55" from="p_str1" to="StgValue_10" fromId="54" toId="10">
</dataflow>
<dataflow id="57" from="StgValue_56" to="StgValue_10" fromId="56" toId="10">
</dataflow>
<dataflow id="58" from="StgValue_56" to="StgValue_10" fromId="56" toId="10">
</dataflow>
<dataflow id="60" from="p_str2" to="StgValue_10" fromId="59" toId="10">
</dataflow>
<dataflow id="61" from="p_str2" to="StgValue_10" fromId="59" toId="10">
</dataflow>
<dataflow id="62" from="p_str2" to="StgValue_10" fromId="59" toId="10">
</dataflow>
<dataflow id="63" from="StgValue_56" to="StgValue_10" fromId="56" toId="10">
</dataflow>
<dataflow id="64" from="StgValue_56" to="StgValue_10" fromId="56" toId="10">
</dataflow>
<dataflow id="65" from="StgValue_56" to="StgValue_10" fromId="56" toId="10">
</dataflow>
<dataflow id="66" from="StgValue_56" to="StgValue_10" fromId="56" toId="10">
</dataflow>
<dataflow id="67" from="p_str2" to="StgValue_10" fromId="59" toId="10">
</dataflow>
<dataflow id="68" from="p_str2" to="StgValue_10" fromId="59" toId="10">
</dataflow>
<dataflow id="69" from="_ssdm_op_SpecInterface" to="StgValue_11" fromId="46" toId="11">
</dataflow>
<dataflow id="70" from="out_V_data_V" to="StgValue_11" fromId="17" toId="11">
</dataflow>
<dataflow id="71" from="out_V_keep_V" to="StgValue_11" fromId="18" toId="11">
</dataflow>
<dataflow id="72" from="out_V_last_V" to="StgValue_11" fromId="19" toId="11">
</dataflow>
<dataflow id="73" from="p_str" to="StgValue_11" fromId="49" toId="11">
</dataflow>
<dataflow id="74" from="StgValue_51" to="StgValue_11" fromId="51" toId="11">
</dataflow>
<dataflow id="75" from="StgValue_51" to="StgValue_11" fromId="51" toId="11">
</dataflow>
<dataflow id="76" from="p_str1" to="StgValue_11" fromId="54" toId="11">
</dataflow>
<dataflow id="77" from="StgValue_56" to="StgValue_11" fromId="56" toId="11">
</dataflow>
<dataflow id="78" from="StgValue_56" to="StgValue_11" fromId="56" toId="11">
</dataflow>
<dataflow id="79" from="p_str2" to="StgValue_11" fromId="59" toId="11">
</dataflow>
<dataflow id="80" from="p_str2" to="StgValue_11" fromId="59" toId="11">
</dataflow>
<dataflow id="81" from="p_str2" to="StgValue_11" fromId="59" toId="11">
</dataflow>
<dataflow id="82" from="StgValue_56" to="StgValue_11" fromId="56" toId="11">
</dataflow>
<dataflow id="83" from="StgValue_56" to="StgValue_11" fromId="56" toId="11">
</dataflow>
<dataflow id="84" from="StgValue_56" to="StgValue_11" fromId="56" toId="11">
</dataflow>
<dataflow id="85" from="StgValue_56" to="StgValue_11" fromId="56" toId="11">
</dataflow>
<dataflow id="86" from="p_str2" to="StgValue_11" fromId="59" toId="11">
</dataflow>
<dataflow id="87" from="p_str2" to="StgValue_11" fromId="59" toId="11">
</dataflow>
<dataflow id="88" from="_ssdm_op_SpecInterface" to="StgValue_12" fromId="46" toId="12">
</dataflow>
<dataflow id="89" from="StgValue_56" to="StgValue_12" fromId="56" toId="12">
</dataflow>
<dataflow id="91" from="p_str3" to="StgValue_12" fromId="90" toId="12">
</dataflow>
<dataflow id="92" from="StgValue_56" to="StgValue_12" fromId="56" toId="12">
</dataflow>
<dataflow id="93" from="StgValue_56" to="StgValue_12" fromId="56" toId="12">
</dataflow>
<dataflow id="94" from="p_str2" to="StgValue_12" fromId="59" toId="12">
</dataflow>
<dataflow id="95" from="StgValue_56" to="StgValue_12" fromId="56" toId="12">
</dataflow>
<dataflow id="96" from="StgValue_56" to="StgValue_12" fromId="56" toId="12">
</dataflow>
<dataflow id="97" from="p_str2" to="StgValue_12" fromId="59" toId="12">
</dataflow>
<dataflow id="98" from="p_str2" to="StgValue_12" fromId="59" toId="12">
</dataflow>
<dataflow id="99" from="p_str2" to="StgValue_12" fromId="59" toId="12">
</dataflow>
<dataflow id="100" from="StgValue_56" to="StgValue_12" fromId="56" toId="12">
</dataflow>
<dataflow id="101" from="StgValue_56" to="StgValue_12" fromId="56" toId="12">
</dataflow>
<dataflow id="102" from="StgValue_56" to="StgValue_12" fromId="56" toId="12">
</dataflow>
<dataflow id="103" from="StgValue_56" to="StgValue_12" fromId="56" toId="12">
</dataflow>
<dataflow id="104" from="p_str2" to="StgValue_12" fromId="59" toId="12">
</dataflow>
<dataflow id="105" from="p_str2" to="StgValue_12" fromId="59" toId="12">
</dataflow>
<dataflow id="106" from="_ssdm_op_Write.axis.volatile.i320P.i40P.i1P" to="StgValue_13" fromId="23" toId="13">
</dataflow>
<dataflow id="107" from="out_V_data_V" to="StgValue_13" fromId="17" toId="13">
</dataflow>
<dataflow id="108" from="out_V_keep_V" to="StgValue_13" fromId="18" toId="13">
</dataflow>
<dataflow id="109" from="out_V_last_V" to="StgValue_13" fromId="19" toId="13">
</dataflow>
<dataflow id="110" from="tmp_V" to="StgValue_13" fromId="3" toId="13">
</dataflow>
<dataflow id="111" from="StgValue_29" to="StgValue_13" fromId="29" toId="13">
</dataflow>
<dataflow id="112" from="StgValue_31" to="StgValue_13" fromId="31" toId="13">
</dataflow>
</dataflows>


</stg>
